id,date_utc,phase,hypothesis,dataset,split,params,n_obs,result,decision,reason
E0001,2026-09-17T23:28:46+00:00,phase3,PRE preopen fade to VWAP,NAS100,TRAIN,"grid 81 combos, centre {'level': 2.0, 'stop_sigma': 1.5, 'time_stop': 180, 'window': (450, 570)}",1933,"net exp -0.140 pts, sharpe -0.5082394639136993",sweep,focused after pure-drift map
E0002,2026-09-17T23:29:23+00:00,phase3,PRE preopen fade to VWAP,SPX500,TRAIN,"grid 81 combos, centre {'level': 2.0, 'stop_sigma': 1.5, 'time_stop': 180, 'window': (450, 570)}",1880,"net exp -0.449 pts, sharpe -2.4026928603036453",sweep,focused after pure-drift map
E0003,2026-09-17T23:32:09+00:00,phase3b,PRE-open fade full grid (wide stops),NAS100,TRAIN,162 combos,1913,median gross sharpe 1.60; share combos sharpe>0 1.00,sweep,plateau check
E0004,2026-09-17T23:33:24+00:00,phase3b,PRE-open fade full grid (wide stops),SPX500,TRAIN,162 combos,1882,median gross sharpe 1.72; share combos sharpe>0 1.00,sweep,plateau check
E0005,2026-09-17T23:35:55+00:00,phase1,Cartographie touches L1-L3: P(retour VWAP) par heure/pente/touch/vitesse/dw,NAS100+SPX500,TRAIN,5 niveaux x 2 cotes x ~10 conditions,396k,Reversion forte 08-10h ET et soir; négative 13-17h; monotone en touch_no et vitesse,garde,base de phases suivantes
E0006,2026-09-17T23:35:55+00:00,phase2,Deconfound par fenêtre: effets slope/touch/speed persistent dans fenêtre matin,NAS100+SPX500,TRAIN,5 fenêtres,~20k/fenêtre,effets réels intra-fenêtre; soirée σ=0.4-0.9pt -> morte en coûts,rejet soirée,coûts >50% du reward L2
E0007,2026-09-17T23:35:55+00:00,phase2bis,Dérive PURE du prix après touch (sans stop/cible): où le prix revient-il vraiment?,NAS100+SPX500,TRAIN,fenêtres x niveaux x horizons,~350k,Seul pré-open 08-0930 montre dérive +0.2..0.5σ monotone sur les 2 instruments; après-midi continuation; soir continuation,garde pré-open,clé: P(retour) élevée ailleurs = VWAP qui rattrape le prix
E0008,2026-09-17T23:35:55+00:00,phase3,C1 fade matin 0930-1130 L2 stop1σ cible VWAP mkt-entry,NAS100,TRAIN,level/stop/ts/window,4723,"brut +0.05pt, net -0.58 a -0.83pt",rejet,edge brut ~0 après conversion économique
E0009,2026-09-17T23:35:55+00:00,phase3,C1-limit: entrée limite à la bande (guard overshoot 0.1σ),NAS100,TRAIN,4 variantes,3515,brut -0.22pt: PIRE (sélection adverse + stop même bougie),rejet,limit ne sauve pas le fade naïf
E0010,2026-09-17T23:35:55+00:00,phase3,C2 fade pré-open stops serrés (1-1.5σ) cible VWAP,NAS100+SPX500,TRAIN,108 combos,1900,"net négatif, instable par année",rejet design,stop serré tronque une dérive lente
E0011,2026-09-17T23:35:55+00:00,phase3,PRE-FADE stops larges: L2 0730-0930 stop2.5σ VWAP ts180,NAS100+SPX500,TRAIN,162 combos larges,1750,100% combos Sharpe brut >0 (méd 1.6-1.7); 87-100% >=8/10 années pos; net TRAIN-era ~0 (coûts fixes vs σ de l'époque),garde: candidat principal,"plateau massif, pas un pic"
E0012,2026-09-17T23:35:55+00:00,phase3,Placebo fenêtres: même design hors pré-open,NAS100+SPX500,TRAIN,6 fenêtres,>1000/fenêtre,pré-open +0.21σ/+0.16σ >> autres (0-0.12σ); après-midi négatif,confirme spécificité temporelle,le phénomène est localisé
E0013,2026-09-17T23:35:55+00:00,phase3,Asymétrie long/short pré-open,NAS100+SPX500,TRAIN,2 cotes,900,NAS: long>short; SPX: short>long — inversé,garde règle symétrique,asymétries non cohérentes -> pas de fit par instrument
E0014,2026-09-17T23:35:55+00:00,phase3,"Ablation filtres: touch<=2, slope, speed, dw, overshoot",NAS100+SPX500,TRAIN,11 variantes,700,slow-arrival améliore les 2 (shp 1.9->3.2 / 1.1->2.5); dw-opp aide; touch/overshoot incohérents,garde slow comme variante F,1 filtre max (pénalité complexité)
E0015,2026-09-17T23:35:55+00:00,phase3,"C4 continuation après-midi (avec pente, cible fixe σ)",NAS100+SPX500,TRAIN,36 combos,,excursion continuation médiane ~0.9σ vs reversion ~0.85σ: pas d'asymétrie exploitable; divergence NQ/ES,rejet,pas d'edge économique dans notre design
E0016,2026-09-17T23:35:55+00:00,meta,Comptage familles explorées pour DSR/PBO,tous,TRAIN,~350 backtests + ~40 tables descriptives,,2 candidats verrouillés issus de ~400 essais effectifs,--,utilisé pour déflater les stats finales
E0017,2026-09-17T23:36:45+00:00,phase5,PREFADE-S VALIDATION,NAS100,VAL,frozen params,582,gross -0.120sg PF 0.92 posY 2/4 net -1.117pts,FAIL,"criteria A1-A3: (False, False, False)"
E0018,2026-09-17T23:36:45+00:00,phase5,PREFADE-F VALIDATION,NAS100,VAL,frozen params,220,gross +0.095sg PF 1.17 posY 2/4 net +0.153pts,FAIL,"criteria A1-A3: (True, False, True)"
E0019,2026-09-17T23:36:45+00:00,phase5,PREFADE-S VALIDATION,SPX500,VAL,frozen params,567,gross +0.013sg PF 1.11 posY 3/4 net -0.314pts,FAIL,"criteria A1-A3: (False, True, True)"
E0020,2026-09-17T23:36:45+00:00,phase5,PREFADE-F VALIDATION,SPX500,VAL,frozen params,231,gross -0.013sg PF 1.15 posY 4/4 net -0.265pts,FAIL,"criteria A1-A3: (False, True, True)"
E0021,2026-09-17T23:39:14+00:00,phase5b,Famille A: pullback continuation après tenue VWAP (dominance 80% sur 45min),NAS100+SPX500,TRAIN,2 cotes x 3 horizons,~1950/cote,"dérive max +0.06σ, signe instable",rejet,rien d'exploitable au niveau des coûts
E0022,2026-09-17T23:39:14+00:00,phase5b,Famille C: fade premier touch bandes WEEKLY (semaine mature >=1400min),NAS100+SPX500,TRAIN,3 niveaux x 2 cotes,240-430/cellule,NQ côté bas +0.08-0.14 ATRd mais ES ~0/négatif,rejet,incohérent inter-instruments; suspect biais haussier NQ
E0023,2026-09-17T23:39:14+00:00,phase5,"VERDICT VALIDATION 2015-2018: PREFADE-S FAIL (2 instr), PREFADE-F FAIL partiel (A2/A1)",NAS100+SPX500,VAL,règles gelées,220-582,edge 2005-2014 (+0.16..0.27σ) tombe à -0.12..+0.10σ en 2015-2018,décroissance d'alpha documentée,pas d'itération sur VAL; Vault à ouvrir sur règles gelées pour compléter la courbe de décroissance
E0024,2026-09-17T23:41:43+00:00,phase7-VAULT,"PREFADE-S vault opening (single, frozen)",NAS100_vault_2019_20,VAULT,frozen,162,gross -0.171sg PF 1.04 net -0.053pts,recorded,no post-vault modification permitted
E0025,2026-09-17T23:41:43+00:00,phase7-VAULT,"PREFADE-F vault opening (single, frozen)",NAS100_vault_2019_20,VAULT,frozen,56,gross -0.302sg PF 1.20 net +1.875pts,recorded,no post-vault modification permitted
E0026,2026-09-17T23:41:43+00:00,phase7-VAULT,"PREFADE-S vault opening (single, frozen)",SPX500_vault_2019_20,VAULT,frozen,164,gross -0.111sg PF 0.92 net -0.984pts,recorded,no post-vault modification permitted
E0027,2026-09-17T23:41:43+00:00,phase7-VAULT,"PREFADE-F vault opening (single, frozen)",SPX500_vault_2019_20,VAULT,frozen,51,gross +0.041sg PF 1.15 net +0.068pts,recorded,no post-vault modification permitted
E0028,2026-09-17T23:41:43+00:00,phase7-VAULT,"PREFADE-S vault opening (single, frozen)",NAS100_2026,VAULT,frozen,67,gross +0.091sg PF 1.32 net +14.118pts,recorded,no post-vault modification permitted
E0029,2026-09-17T23:41:43+00:00,phase7-VAULT,"PREFADE-F vault opening (single, frozen)",NAS100_2026,VAULT,frozen,25,gross +0.044sg PF 1.18 net +6.025pts,recorded,no post-vault modification permitted
E0030,2026-09-17T23:41:43+00:00,phase7-VAULT,"PREFADE-S vault opening (single, frozen)",SPX500_2026,VAULT,frozen,87,gross +0.119sg PF 1.34 net +1.735pts,recorded,no post-vault modification permitted
E0031,2026-09-17T23:41:43+00:00,phase7-VAULT,"PREFADE-F vault opening (single, frozen)",SPX500_2026,VAULT,frozen,38,gross -0.195sg PF 0.77 net -2.355pts,recorded,no post-vault modification permitted
E0032,2026-09-18T10:34:23+00:00,m2-backtest,"REVFADE (flat-VWAP context + sustained impulse, fade 2.5σ)",NAS100,TRAIN,"grid 324 combos, centre {'S': 0.75, 'R': 4, 'K': 2.5, 'TS': 240, 'W': (450, 810)}",2138,"centre gross exp_sg +0.134, sharpe 1.12; baseline exp_sg +0.167",sweep,candidat mission 2
E0033,2026-09-18T10:36:24+00:00,m2-backtest,"REVFADE (flat-VWAP context + sustained impulse, fade 2.5σ)",SPX500,TRAIN,"grid 324 combos, centre {'S': 0.75, 'R': 4, 'K': 2.5, 'TS': 240, 'W': (450, 810)}",1550,"centre gross exp_sg +0.241, sharpe 1.81; baseline exp_sg +0.151",sweep,candidat mission 2
E0034,2026-09-18T10:38:24+00:00,m2-VAL,M2-CTX validation unique,NAS100,VAL,gelé,794,exp_sg +0.019 PF 1.01 posY 1/4,FAIL,"A1-A3: (np.False_, False, np.False_)"
E0035,2026-09-18T10:38:24+00:00,m2-VAL,M2-BASE validation unique,NAS100,VAL,gelé,1023,exp_sg +0.012 PF 0.97 posY 1/4,FAIL,"A1-A3: (np.False_, False, np.False_)"
E0036,2026-09-18T10:38:36+00:00,m2-VAL,M2-CTX validation unique,SPX500,VAL,gelé,657,exp_sg +0.009 PF 1.01 posY 2/4,FAIL,"A1-A3: (np.False_, False, np.False_)"
E0037,2026-09-18T10:38:36+00:00,m2-VAL,M2-BASE validation unique,SPX500,VAL,gelé,929,exp_sg +0.051 PF 1.05 posY 3/4,FAIL,"A1-A3: (np.False_, True, np.False_)"
E0038,2026-09-18T10:39:20+00:00,m2-decision,Hypothèse forte (équilibre→expansion DIRECTE→réversion) FALSIFIÉE: inversée,NAS100+SPX500,TRAIN,16 défs EQxDIR x 3 fenêtres,~1000-2600/cellule,impulsions directes/rapides depuis l'équilibre CONTINUENT (-0.1..-0.9σ); c'est la non-directness qui aide,rejet hypothèse forte,sortie de balance initiative = continuation (auction theory)
E0039,2026-09-18T10:39:20+00:00,m2-decision,Apport du contexte (VWAP plate + run>=4) vs baseline fade 2.5σ,NAS100+SPX500,TRAIN,fenêtre 0930-1330,1181-2837,aide ES (+0.165 vs +0.092σ) mais NUIT à NQ (+0.085 vs +0.136σ),incohérent inter-instruments,réponse quantitative à §24
E0040,2026-09-18T10:39:20+00:00,m2-decision,VAULT NON OUVERT pour mission 2,tous,VAULT,n/a,0,aucun candidat n'a passé VAL; lecture inutile scientifiquement,préservation du holdout,le Vault m1 (famille pré-open) reste la seule lecture effectuée
