candidate,dataset_period,ym,trades,pnl_pts,exp_pts,exp_sg
PREFADE-F,NAS100_2026,2026-03,2,-16.678731576845166,-8.339365788422583,-0.2246179151174994
PREFADE-F,NAS100_2026,2026-04,7,-96.58897154304941,-13.798424506149916,-0.5621579012040631
PREFADE-F,NAS100_2026,2026-05,4,354.6252671909133,88.65631679772832,1.7911445386669693
PREFADE-F,NAS100_2026,2026-06,2,209.0203065285823,104.51015326429115,1.8911561491391158
PREFADE-F,NAS100_2026,2026-07,3,-28.85216643081003,-9.61738881027001,-0.10299738212840055
PREFADE-F,NAS100_2026,2026-08,6,-178.88264350800455,-29.81377391800076,-0.7267126392069736
PREFADE-F,NAS100_2026,2026-09,1,-76.27000000000044,-76.27000000000044,-0.7913101021005681
PREFADE-F,NAS100_TRAIN,2005-01,4,8.866801885392078,2.2167004713480196,1.77726964802075
PREFADE-F,NAS100_TRAIN,2005-02,14,3.9967118483675677,0.28547941774054053,-0.030677593391703395
PREFADE-F,NAS100_TRAIN,2005-03,11,-10.453794741569254,-0.9503449765062958,-0.24194008561813626
PREFADE-F,NAS100_TRAIN,2005-04,12,14.143323433116166,1.1786102860930139,1.0013187488035502
PREFADE-F,NAS100_TRAIN,2005-05,13,20.504069558249284,1.5772361198653295,1.1654320128538447
PREFADE-F,NAS100_TRAIN,2005-06,7,10.163381637794146,1.4519116625420208,0.9522393158539779
PREFADE-F,NAS100_TRAIN,2005-07,12,8.649016468033096,0.7207513723360913,0.22941314539315996
PREFADE-F,NAS100_TRAIN,2005-08,12,-4.180167867194996,-0.34834732226624965,-0.04138291094350233
PREFADE-F,NAS100_TRAIN,2005-09,6,7.493240127174886,1.2488733545291477,0.5879304274134635
PREFADE-F,NAS100_TRAIN,2005-10,11,0.8733631151774262,0.07939664683431147,-0.13285211446044215
PREFADE-F,NAS100_TRAIN,2005-11,15,6.68289401384618,0.44552626758974534,0.20031199036955302
PREFADE-F,NAS100_TRAIN,2005-12,11,7.348137588895042,0.6680125080813675,0.6549099277314628
PREFADE-F,NAS100_TRAIN,2006-01,9,6.626614449484578,0.7362904943871753,0.5864886176754129
PREFADE-F,NAS100_TRAIN,2006-02,9,-2.5526878701780333,-0.28363198557533703,-0.0074364570596823715
PREFADE-F,NAS100_TRAIN,2006-03,11,-11.347152531773418,-1.0315593210703107,-0.7943489619992906
PREFADE-F,NAS100_TRAIN,2006-04,11,5.999547506735553,0.545413409703232,0.43878880469946363
PREFADE-F,NAS100_TRAIN,2006-05,5,-3.0594987015335846,-0.6118997403067169,-0.38576717859763765
PREFADE-F,NAS100_TRAIN,2006-06,9,10.892622594922614,1.210291399435846,0.7090630103999724
PREFADE-F,NAS100_TRAIN,2006-07,8,-2.1025179499447404,-0.26281474374309255,-0.12899562133647316
PREFADE-F,NAS100_TRAIN,2006-08,9,-14.770815249830775,-1.6412016944256418,-1.5271837317201866
PREFADE-F,NAS100_TRAIN,2006-09,12,3.9207291562304363,0.3267274296858697,0.2901150228463822
PREFADE-F,NAS100_TRAIN,2006-10,10,-0.08705046725685861,-0.008705046725685861,-0.10160399153224849
PREFADE-F,NAS100_TRAIN,2006-11,10,5.36555052397398,0.536555052397398,0.2991786039384984
PREFADE-F,NAS100_TRAIN,2006-12,7,0.8388148015540082,0.11983068593628689,0.07685518821225365
PREFADE-F,NAS100_TRAIN,2007-01,9,6.851315382771418,0.7612572647523798,0.5407399122082062
PREFADE-F,NAS100_TRAIN,2007-02,6,-7.25917988853098,-1.2098633147551634,-1.1086804131722463
PREFADE-F,NAS100_TRAIN,2007-03,9,4.061392501491355,0.4512658334990394,0.01896136789322347
PREFADE-F,NAS100_TRAIN,2007-04,11,-0.680020145043045,-0.06182001318573136,-0.028612940101203996
PREFADE-F,NAS100_TRAIN,2007-05,11,17.657932448258634,1.6052665862053304,0.809994345827358
PREFADE-F,NAS100_TRAIN,2007-06,9,28.663348405171064,3.1848164894634516,1.4573123629024025
PREFADE-F,NAS100_TRAIN,2007-07,4,2.9321159933592753,0.7330289983398188,0.6254404065961034
PREFADE-F,NAS100_TRAIN,2007-08,10,17.25192904413848,1.7251929044138479,0.11023706416965942
PREFADE-F,NAS100_TRAIN,2007-09,8,21.435595752402605,2.6794494690503257,1.0672499843669496
PREFADE-F,NAS100_TRAIN,2007-10,9,3.005427776256056,0.3339364195840062,0.14906030901166054
PREFADE-F,NAS100_TRAIN,2007-11,3,-9.654295637891892,-3.2180985459639637,-1.159057502489125
PREFADE-F,NAS100_TRAIN,2007-12,6,-4.741499923151423,-0.7902499871919039,-0.7287816259819525
PREFADE-F,NAS100_TRAIN,2008-01,9,57.377378947240004,6.375264327471111,0.6449556340977698
PREFADE-F,NAS100_TRAIN,2008-02,9,1.0947175915187017,0.12163528794652241,-0.052261022457712566
PREFADE-F,NAS100_TRAIN,2008-03,5,18.821226319903417,3.7642452639806834,0.6108002428810317
PREFADE-F,NAS100_TRAIN,2008-04,8,9.851998386729974,1.2314997983412468,0.32189538351376246
PREFADE-F,NAS100_TRAIN,2008-05,5,1.098211324828526,0.2196422649657052,0.3674179974011068
PREFADE-F,NAS100_TRAIN,2008-06,6,5.424007572264145,0.9040012620440242,0.2876155018835224
PREFADE-F,NAS100_TRAIN,2008-07,3,13.175753157599047,4.391917719199682,1.2440569041157417
PREFADE-F,NAS100_TRAIN,2008-08,11,33.611367393511955,3.055578853955632,1.1816569837709558
PREFADE-F,NAS100_TRAIN,2008-09,3,-15.229928253558683,-5.0766427511862275,-1.1686941647161262
PREFADE-F,NAS100_TRAIN,2008-10,7,62.16739103890336,8.88105586270048,1.4238614622137755
PREFADE-F,NAS100_TRAIN,2008-11,3,25.795673368952748,8.598557789650917,1.5319471511294591
PREFADE-F,NAS100_TRAIN,2008-12,6,21.552744584517768,3.592124097419628,1.1470190875877622
PREFADE-F,NAS100_TRAIN,2009-01,2,9.288504135696257,4.644252067848129,1.3783226446478203
PREFADE-F,NAS100_TRAIN,2009-02,5,1.067548357161968,0.21350967143239358,-0.18313439031857354
PREFADE-F,NAS100_TRAIN,2009-03,3,13.194661373907365,4.3982204579691215,1.5927613925777788
PREFADE-F,NAS100_TRAIN,2009-04,3,19.362944365339445,6.4543147884464815,1.7498614490452624
PREFADE-F,NAS100_TRAIN,2009-05,6,9.013784232627813,1.5022973721046355,0.11807451758017296
PREFADE-F,NAS100_TRAIN,2009-06,8,3.080724676272439,0.38509058453405487,0.07244159394139882
PREFADE-F,NAS100_TRAIN,2009-07,7,15.526622947527812,2.218088992503973,1.0972471102731125
PREFADE-F,NAS100_TRAIN,2009-08,4,4.703163601378037,1.1757909003445093,0.34005992609295743
PREFADE-F,NAS100_TRAIN,2009-09,6,2.602589889660294,0.433764981610049,0.10224410646820996
PREFADE-F,NAS100_TRAIN,2009-10,4,16.080672204276198,4.020168051069049,1.4999326481391366
PREFADE-F,NAS100_TRAIN,2009-11,5,2.1460240526885173,0.42920481053770343,-0.17494068509820057
PREFADE-F,NAS100_TRAIN,2009-12,1,6.868131110790728,6.868131110790728,1.6874273118875607
PREFADE-F,NAS100_TRAIN,2010-01,1,-3.5,-3.5,-2.551490961081535
PREFADE-F,NAS100_TRAIN,2010-02,6,3.107351370912056,0.5178918951520094,0.20890724983341855
PREFADE-F,NAS100_TRAIN,2010-03,7,4.714814409632709,0.6735449156618155,0.255982284031639
PREFADE-F,NAS100_TRAIN,2010-04,5,-6.742494215004399,-1.3484988430008797,-0.8652734020852755
PREFADE-F,NAS100_TRAIN,2010-05,2,-20.86658771949692,-10.43329385974846,-2.3359367457823677
PREFADE-F,NAS100_TRAIN,2010-06,5,-8.249730674627699,-1.6499461349255398,-0.04502403574535476
PREFADE-F,NAS100_TRAIN,2010-07,7,25.29232884733551,3.6131898353336447,1.0590815908921545
PREFADE-F,NAS100_TRAIN,2010-08,4,7.632360059385292,1.908090014846323,0.4237896613241829
PREFADE-F,NAS100_TRAIN,2010-09,5,19.35786556590233,3.871573113180466,1.4134467011761653
PREFADE-F,NAS100_TRAIN,2010-10,7,16.2156883961959,2.3165269137422717,0.7000449784908059
PREFADE-F,NAS100_TRAIN,2010-11,4,3.067127535731288,0.766781883932822,0.5227021075786986
PREFADE-F,NAS100_TRAIN,2010-12,5,20.502096693744534,4.100419338748907,0.8398945141704462
PREFADE-F,NAS100_TRAIN,2011-01,5,17.928140916762914,3.5856281833525827,1.6496978778777662
PREFADE-F,NAS100_TRAIN,2011-02,4,-2.5845412731459874,-0.6461353182864968,-0.48260444286724025
PREFADE-F,NAS100_TRAIN,2011-03,5,9.049192033848612,1.8098384067697224,0.6044522783353432
PREFADE-F,NAS100_TRAIN,2011-04,4,10.400195775940574,2.6000489439851435,0.5753557046411536
PREFADE-F,NAS100_TRAIN,2011-05,2,8.121908673315374,4.060954336657687,1.498801210126629
PREFADE-F,NAS100_TRAIN,2011-06,2,10.173385263126875,5.086692631563437,1.8620239088700221
PREFADE-F,NAS100_TRAIN,2011-07,6,15.206354365259813,2.5343923942099686,0.1807182318490438
PREFADE-F,NAS100_TRAIN,2011-08,5,1.2903539538542645,0.25807079077085293,-0.34052360664626535
PREFADE-F,NAS100_TRAIN,2011-09,2,-3.6576088677911684,-1.8288044338955842,-0.8956540394012172
PREFADE-F,NAS100_TRAIN,2011-10,2,16.861817108978812,8.430908554489406,1.5288336898880996
PREFADE-F,NAS100_TRAIN,2011-11,4,-2.7819943032914125,-0.6954985758228531,-0.4106441925994338
PREFADE-F,NAS100_TRAIN,2011-12,8,27.51506973444748,3.439383716805935,0.8514841952803032
PREFADE-F,NAS100_TRAIN,2012-01,3,17.386294682493826,5.795431560831275,1.463491617052755
PREFADE-F,NAS100_TRAIN,2012-02,2,0.8939240092354339,0.44696200461771696,-0.6729183277898442
PREFADE-F,NAS100_TRAIN,2012-03,5,6.372184826886041,1.2744369653772083,0.1521716187995267
PREFADE-F,NAS100_TRAIN,2012-04,4,8.320478947322954,2.0801197368307385,0.6446708854652718
PREFADE-F,NAS100_TRAIN,2012-05,5,17.722767587065846,3.5445535174131693,0.8102883299424549
PREFADE-F,NAS100_TRAIN,2012-06,9,16.697413997210333,1.8552682219122592,0.7391282717689198
PREFADE-F,NAS100_TRAIN,2012-07,5,-27.081195217878758,-5.416239043575752,-1.6974666723951124
PREFADE-F,NAS100_TRAIN,2012-08,10,4.000042899361233,0.4000042899361233,0.09326391190013901
PREFADE-F,NAS100_TRAIN,2012-09,3,-6.433590389242454,-2.144530129747485,-1.0100086248205802
PREFADE-F,NAS100_TRAIN,2012-10,4,6.502763894480722,1.6256909736201806,0.2810371812852505
PREFADE-F,NAS100_TRAIN,2012-11,9,13.58718203139324,1.5096868923770268,0.5788304270850255
PREFADE-F,NAS100_TRAIN,2012-12,6,8.877008433659284,1.4795014056098807,0.8570655608930657
PREFADE-F,NAS100_TRAIN,2013-01,5,11.980120515786439,2.3960241031572878,0.7637567579727602
PREFADE-F,NAS100_TRAIN,2013-02,8,-1.69578418253559,-0.21197302281694874,-0.4817239642362339
PREFADE-F,NAS100_TRAIN,2013-03,3,-12.010930806570741,-4.003643602190247,-1.3986795323633496
PREFADE-F,NAS100_TRAIN,2013-04,5,26.983073732744742,5.3966147465489485,1.7040196439858655
PREFADE-F,NAS100_TRAIN,2013-05,7,6.744008683289849,0.9634298118985498,0.3445501544789223
PREFADE-F,NAS100_TRAIN,2013-06,5,-7.934184760502831,-1.586836952100566,-0.8328925320606932
PREFADE-F,NAS100_TRAIN,2013-07,5,-3.412041909097752,-0.6824083818195504,-0.16658363306773696
PREFADE-F,NAS100_TRAIN,2013-08,6,-3.8487333382954603,-0.6414555563825767,-0.3731163304865827
PREFADE-F,NAS100_TRAIN,2013-09,5,2.37632718055238,0.475265436110476,-0.19092464951407617
PREFADE-F,NAS100_TRAIN,2013-10,8,21.498646849272518,2.6873308561590648,0.9980400570888337
PREFADE-F,NAS100_TRAIN,2013-11,5,-24.552414208328173,-4.910482841665635,-2.2323444691960583
PREFADE-F,NAS100_TRAIN,2013-12,8,-10.151622038086316,-1.2689527547607895,-1.032249030242836
PREFADE-F,NAS100_TRAIN,2014-01,2,-12.965454433200193,-6.482727216600097,-1.5813688991485466
PREFADE-F,NAS100_TRAIN,2014-02,10,29.932100775868093,2.9932100775868093,0.803062544200474
PREFADE-F,NAS100_TRAIN,2014-03,10,-7.1693154005834,-0.71693154005834,-0.557854159181957
PREFADE-F,NAS100_TRAIN,2014-04,5,-16.30512386592818,-3.2610247731856363,-1.058412669221367
PREFADE-F,NAS100_TRAIN,2014-05,6,5.942553775178567,0.9904256291964278,0.18057670665687522
PREFADE-F,NAS100_TRAIN,2014-06,6,-1.8866670710885955,-0.31444451184809924,-0.6547784800554984
PREFADE-F,NAS100_TRAIN,2014-07,9,-25.479581247750048,-2.8310645830833385,-1.2487945364193502
PREFADE-F,NAS100_TRAIN,2014-08,7,18.889233140117085,2.6984618771595836,0.9039695918134703
PREFADE-F,NAS100_TRAIN,2014-09,5,-5.996160173206135,-1.199232034641227,-0.848838910879358
PREFADE-F,NAS100_TRAIN,2014-10,6,22.943025215323814,3.8238375358873022,0.7568879372175491
PREFADE-F,NAS100_TRAIN,2014-11,4,15.058065195114978,3.7645162987787444,0.6221950614247116
PREFADE-F,NAS100_TRAIN,2014-12,7,-5.470618868779638,-0.7815169812542341,-0.19231463651792224
PREFADE-F,NAS100_VAL,2015-01,6,3.220124049477363,0.5366873415795604,0.2183077627791309
PREFADE-F,NAS100_VAL,2015-02,7,6.47076001505684,0.9243942878652628,0.029313467376615
PREFADE-F,NAS100_VAL,2015-03,7,-13.361366613204154,-1.908766659029165,-0.7636091697078585
PREFADE-F,NAS100_VAL,2015-04,5,12.40509466677122,2.481018933354244,0.86462382019369
PREFADE-F,NAS100_VAL,2015-05,8,25.75455052916459,3.2193188161455737,1.1529955291832252
PREFADE-F,NAS100_VAL,2015-06,7,16.17810108685262,2.311157298121803,0.58503692840233
PREFADE-F,NAS100_VAL,2015-07,8,28.891787446683338,3.6114734308354173,0.5904977327441856
PREFADE-F,NAS100_VAL,2015-08,3,4.658418528657421,1.5528061762191403,0.009502085323023176
PREFADE-F,NAS100_VAL,2015-09,1,4.0102106854674275,4.0102106854674275,1.4285199250266596
PREFADE-F,NAS100_VAL,2015-10,4,-30.077649700303482,-7.5194124250758705,-1.5781401624712528
PREFADE-F,NAS100_VAL,2015-11,6,34.31289569176624,5.718815948627707,0.8557909671625525
PREFADE-F,NAS100_VAL,2015-12,4,45.981549102615645,11.495387275653911,1.6646148151141862
PREFADE-F,NAS100_VAL,2016-01,2,60.29299717252616,30.14649858626308,1.8533501890535875
PREFADE-F,NAS100_VAL,2016-02,1,26.432649148952805,26.432649148952805,1.954070657971079
PREFADE-F,NAS100_VAL,2016-03,1,-7.797127348484537,-7.797127348484537,-2.4999999999999596
PREFADE-F,NAS100_VAL,2016-04,1,8.928429355790286,8.928429355790286,1.6212850527943705
PREFADE-F,NAS100_VAL,2016-05,5,-16.758420284157182,-3.3516840568314366,-0.765059969832438
PREFADE-F,NAS100_VAL,2016-06,2,-17.826227182547882,-8.913113591273941,-2.4999999999998908
PREFADE-F,NAS100_VAL,2016-07,4,-13.099177257181509,-3.2747943142953773,-0.4171170866843601
PREFADE-F,NAS100_VAL,2016-08,6,-16.900797018798585,-2.8167995031330975,-1.0591480055641518
PREFADE-F,NAS100_VAL,2016-09,7,17.957028024175088,2.565289717739298,0.6412637729280505
PREFADE-F,NAS100_VAL,2016-10,3,4.473652739702629,1.4912175799008764,0.15173135625465814
PREFADE-F,NAS100_VAL,2016-11,4,23.65671911022673,5.914179777556683,1.4426742252554705
PREFADE-F,NAS100_VAL,2016-12,8,31.527923006151468,3.9409903757689335,1.3114752194580306
PREFADE-F,NAS100_VAL,2017-01,6,15.338342393533821,2.5563903989223036,1.1103794688354833
PREFADE-F,NAS100_VAL,2017-02,6,-5.229993385712078,-0.8716655642853463,-0.06808302773954807
PREFADE-F,NAS100_VAL,2017-03,4,7.9847511020043385,1.9961877755010846,0.5027639215389781
PREFADE-F,NAS100_VAL,2017-04,2,-12.978643426281451,-6.4893217131407255,-2.500000000000116
PREFADE-F,NAS100_VAL,2017-05,8,-4.1816400790266925,-0.5227050098783366,0.09974327199261515
PREFADE-F,NAS100_VAL,2017-06,4,22.07871973773308,5.51967993443327,0.29270598640130185
PREFADE-F,NAS100_VAL,2017-07,7,-19.03483979531211,-2.71926282790173,-0.4114310243501297
PREFADE-F,NAS100_VAL,2017-08,7,-3.365779361447494,-0.48082562306392773,-0.32850333502218115
PREFADE-F,NAS100_VAL,2017-09,6,-21.548293856713826,-3.5913823094523045,-0.9773411920951688
PREFADE-F,NAS100_VAL,2017-10,9,2.770949365359229,0.3078832628176921,-0.23683397707923032
PREFADE-F,NAS100_VAL,2017-11,3,4.49575567712327,1.4985852257077568,0.45576599944809154
PREFADE-F,NAS100_VAL,2017-12,8,-21.44874370331945,-2.6810929629149314,-0.8639524922582638
PREFADE-F,NAS100_VAL,2018-01,6,51.4096334976939,8.568272249615651,1.26399834789964
PREFADE-F,NAS100_VAL,2018-02,4,-2.867691730560182,-0.7169229326400455,-0.47335860508067434
PREFADE-F,NAS100_VAL,2018-03,1,8.988077330388478,8.988077330388478,1.7959489193894171
PREFADE-F,NAS100_VAL,2018-04,4,29.38064889427733,7.345162223569332,0.5568657720878118
PREFADE-F,NAS100_VAL,2018-05,7,25.689399781585053,3.6699142545121504,0.4467321086587435
PREFADE-F,NAS100_VAL,2018-06,4,-69.78716499967777,-17.446791249919443,-2.499999999999977
PREFADE-F,NAS100_VAL,2018-07,3,1.6044489309606433,0.5348163103202145,0.2156347707070818
PREFADE-F,NAS100_VAL,2018-08,3,27.378420420224757,9.126140140074918,1.3824480652323032
PREFADE-F,NAS100_VAL,2018-09,2,-41.19479020753079,-20.597395103765393,-2.4999999999999583
PREFADE-F,NAS100_VAL,2018-10,1,-29.86725192308768,-29.86725192308768,-2.4999999999999942
PREFADE-F,NAS100_VAL,2018-11,2,-21.30806577475505,-10.654032887377525,-0.5938083017269606
PREFADE-F,NAS100_VAL,2018-12,3,-11.293248666510408,-3.764416222170136,0.256304826961592
PREFADE-F,NAS100_vault_2019_20,2019-01,3,-36.52352915947449,-12.174509719824831,-1.1064256700171409
PREFADE-F,NAS100_vault_2019_20,2019-02,2,29.533536486151206,14.766768243075603,1.5304954429372641
PREFADE-F,NAS100_vault_2019_20,2019-03,4,-29.600328855010957,-7.400082213752739,-0.5014954956616725
PREFADE-F,NAS100_vault_2019_20,2019-04,6,-13.055287234279604,-2.1758812057132673,-0.42958696508626576
PREFADE-F,NAS100_vault_2019_20,2019-05,2,54.977705147752204,27.488852573876102,1.2265738738756164
PREFADE-F,NAS100_vault_2019_20,2019-06,1,-69.27674921338257,-69.27674921338257,-2.4999999999999907
PREFADE-F,NAS100_vault_2019_20,2019-07,3,-26.751358637259727,-8.917119545753243,-1.176485454200564
PREFADE-F,NAS100_vault_2019_20,2019-08,5,-52.433735337521284,-10.486747067504258,-0.37737966796815814
PREFADE-F,NAS100_vault_2019_20,2019-09,3,2.4830048650819663,0.8276682883606554,0.3549342223580925
PREFADE-F,NAS100_vault_2019_20,2019-10,5,-42.92999565935588,-8.585999131871176,-0.8949394180686274
PREFADE-F,NAS100_vault_2019_20,2019-11,3,12.247954197537183,4.082651399179061,0.3148276751833062
PREFADE-F,NAS100_vault_2019_20,2019-12,5,-51.33183906541308,-10.266367813082615,-1.6184415164473365
PREFADE-F,NAS100_vault_2019_20,2020-01,2,27.19961007269194,13.59980503634597,1.5473962149748939
PREFADE-F,NAS100_vault_2019_20,2020-02,3,-91.78334001499934,-30.594446671666446,-1.2286533592952897
PREFADE-F,NAS100_vault_2019_20,2020-03,4,381.8126179294122,95.45315448235306,1.2326887730471914
PREFADE-F,NAS100_vault_2019_20,2020-04,5,45.68636263332155,9.13727252666431,-0.07587074714254331
PREFADE-F,SPX500_2026,2026-03,4,-73.4110727200432,-18.3527681800108,-1.35576103736472
PREFADE-F,SPX500_2026,2026-04,6,-4.489966992127847,-0.7483278320213079,-0.7270151375047901
PREFADE-F,SPX500_2026,2026-05,3,9.152319636160428,3.050773212053476,0.3708653813347443
PREFADE-F,SPX500_2026,2026-06,6,35.92794733122901,5.987991221871501,0.9364278099801969
PREFADE-F,SPX500_2026,2026-07,4,-38.358875383676605,-9.589718845919151,-1.3974763275937452
PREFADE-F,SPX500_2026,2026-08,11,0.2157894664005653,0.01961722421823321,0.032499130781720016
PREFADE-F,SPX500_2026,2026-09,4,2.432155864251399,0.6080389660628498,0.22360239955022207
PREFADE-F,SPX500_TRAIN,2005-01,6,3.22008860955043,0.5366814349250717,0.6179898181656343
PREFADE-F,SPX500_TRAIN,2005-02,10,1.3265935013303078,0.1326593501330308,0.09692371530872546
PREFADE-F,SPX500_TRAIN,2005-03,9,0.7954706627206178,0.08838562919117976,0.16097572497118617
PREFADE-F,SPX500_TRAIN,2005-04,7,6.3147434447207615,0.9021062063886802,0.8296263679536239
PREFADE-F,SPX500_TRAIN,2005-05,5,-1.5107087236915504,-0.30214174473831007,-0.45853379895772106
PREFADE-F,SPX500_TRAIN,2005-06,11,2.10191806523585,0.19108346047598637,0.23074765998898908
PREFADE-F,SPX500_TRAIN,2005-07,5,0.010071811957004684,0.002014362391400937,-0.268779487420525
PREFADE-F,SPX500_TRAIN,2005-08,8,-7.798087355775124,-0.9747609194718905,-0.5052538773593602
PREFADE-F,SPX500_TRAIN,2005-09,6,5.887448528842924,0.9812414214738207,1.3933165497961755
PREFADE-F,SPX500_TRAIN,2005-10,9,-5.72002751229661,-0.6355586124774012,-0.48362884413232266
PREFADE-F,SPX500_TRAIN,2005-11,14,1.2647414942323394,0.09033867815945282,0.41854402780960054
PREFADE-F,SPX500_TRAIN,2005-12,11,-1.3536915877700721,-0.1230628716154611,-0.14518246406447566
PREFADE-F,SPX500_TRAIN,2006-01,6,3.796946568718795,0.6328244281197991,0.7646793716190503
PREFADE-F,SPX500_TRAIN,2006-02,8,6.501897873238931,0.8127372341548664,0.9727623856837055
PREFADE-F,SPX500_TRAIN,2006-03,10,7.946119299737575,0.7946119299737575,1.4125904089634707
PREFADE-F,SPX500_TRAIN,2006-04,12,-0.17102670163376388,-0.01425222513614699,-0.19195261182562431
PREFADE-F,SPX500_TRAIN,2006-05,5,0.7607942545521382,0.15215885091042763,-0.11272845142704457
PREFADE-F,SPX500_TRAIN,2006-06,4,2.7178876463303823,0.6794719115825956,0.5379228911962916
PREFADE-F,SPX500_TRAIN,2006-07,14,0.7011144817608965,0.05007960584006404,0.11121026430413876
PREFADE-F,SPX500_TRAIN,2006-08,12,-3.5405678925558277,-0.2950473243796523,-0.26370581719905634
PREFADE-F,SPX500_TRAIN,2006-09,8,-1.3660801653225008,-0.1707600206653126,-0.31499057142274134
PREFADE-F,SPX500_TRAIN,2006-10,13,7.409111074028715,0.5699316210791319,0.9060578478992365
PREFADE-F,SPX500_TRAIN,2006-11,7,4.586295466655201,0.6551850666650287,0.776242545429666
PREFADE-F,SPX500_TRAIN,2006-12,13,5.0172210420385,0.3859400801568077,0.773539609951481
PREFADE-F,SPX500_TRAIN,2007-01,14,11.741505000142297,0.8386789285815927,1.197086158841215
PREFADE-F,SPX500_TRAIN,2007-02,11,1.8213194319550894,0.16557449381409903,0.16682650628972093
PREFADE-F,SPX500_TRAIN,2007-03,16,11.194568271733033,0.6996605169833146,0.33390975051850924
PREFADE-F,SPX500_TRAIN,2007-04,8,-3.0619634510437663,-0.3827454313804708,-0.6104213579077062
PREFADE-F,SPX500_TRAIN,2007-05,11,11.9781967344029,1.088926975854809,0.9764417600957166
PREFADE-F,SPX500_TRAIN,2007-06,8,11.735671175084008,1.466958896885501,1.0694666749881123
PREFADE-F,SPX500_TRAIN,2007-07,10,5.954719134196694,0.5954719134196693,0.19837647951496368
PREFADE-F,SPX500_TRAIN,2007-08,9,4.627413104714606,0.5141570116349562,0.0771058399833166
PREFADE-F,SPX500_TRAIN,2007-09,6,5.982253141977253,0.9970421903295422,0.5125593037992354
PREFADE-F,SPX500_TRAIN,2007-10,5,8.666652246625745,1.733330449325149,0.7505203853484579
PREFADE-F,SPX500_TRAIN,2007-11,2,10.132553709751619,5.0662768548758095,1.5979537519160532
PREFADE-F,SPX500_TRAIN,2007-12,6,16.051782327932187,2.6752970546553647,0.6446601407949207
PREFADE-F,SPX500_TRAIN,2008-01,10,34.06789891874587,3.406789891874587,0.7203131501507867
PREFADE-F,SPX500_TRAIN,2008-02,12,6.995391347407121,0.5829492789505935,-0.11634753763858931
PREFADE-F,SPX500_TRAIN,2008-03,5,4.61638095241824,0.923276190483648,0.18974439761869605
PREFADE-F,SPX500_TRAIN,2008-04,8,5.925219184485286,0.7406523980606607,0.3376026060620323
PREFADE-F,SPX500_TRAIN,2008-05,2,1.8005778475489933,0.9002889237744967,0.7706283380268135
PREFADE-F,SPX500_TRAIN,2008-06,8,6.539751742831413,0.8174689678539266,0.5939251850707232
PREFADE-F,SPX500_TRAIN,2008-07,7,18.051941668973996,2.578848809853428,1.1069929378351393
PREFADE-F,SPX500_TRAIN,2008-08,9,8.368296509211632,0.9298107232457369,0.47060139474238777
PREFADE-F,SPX500_TRAIN,2008-09,6,26.297235986035957,4.3828726643393265,0.9125420814008347
PREFADE-F,SPX500_TRAIN,2008-10,7,46.8490369203862,6.692719560055171,0.4206685810934487
PREFADE-F,SPX500_TRAIN,2008-11,6,43.95537291267294,7.32589548544549,1.54045949270051
PREFADE-F,SPX500_TRAIN,2008-12,6,21.341122762902387,3.5568537938170643,1.3752257120150564
PREFADE-F,SPX500_TRAIN,2009-01,5,19.61899569456932,3.9237991389138642,1.4086379440374306
PREFADE-F,SPX500_TRAIN,2009-02,6,-21.542243858443726,-3.5903739764072875,-1.2098960852541594
PREFADE-F,SPX500_TRAIN,2009-03,5,8.304668238433806,1.660933647686761,0.2993355037319973
PREFADE-F,SPX500_TRAIN,2009-04,4,15.651885346882978,3.9129713367207444,1.4835884126604835
PREFADE-F,SPX500_TRAIN,2009-05,4,7.583488321385971,1.8958720803464928,0.3156316642950734
PREFADE-F,SPX500_TRAIN,2009-06,10,9.95241964770571,0.995241964770571,0.654999869814191
PREFADE-F,SPX500_TRAIN,2009-07,8,-2.5232077754851616,-0.3154009719356452,-0.012175976420108786
PREFADE-F,SPX500_TRAIN,2009-08,5,12.144421103896889,2.428884220779378,1.5098754688167557
PREFADE-F,SPX500_TRAIN,2009-09,9,-5.2250728799132276,-0.580563653323692,-0.49316871433264836
PREFADE-F,SPX500_TRAIN,2009-10,5,-1.1011215758398976,-0.22022431516797952,-0.10324852504098603
PREFADE-F,SPX500_TRAIN,2009-11,2,4.44557485727637,2.222787428638185,1.3749559017055502
PREFADE-F,SPX500_TRAIN,2009-12,2,-2.1082530238293202,-1.0541265119146601,-0.13608265429463673
PREFADE-F,SPX500_TRAIN,2010-02,6,8.019022235904686,1.3365037059841143,1.0217414077188616
PREFADE-F,SPX500_TRAIN,2010-03,8,-4.734968441048522,-0.5918710551310653,-0.6008841026500544
PREFADE-F,SPX500_TRAIN,2010-04,6,-1.498112920996391,-0.24968548683273184,-0.36275850010656246
PREFADE-F,SPX500_TRAIN,2010-05,2,-4.033238805709516,-2.016619402854758,-0.9701126053531148
PREFADE-F,SPX500_TRAIN,2010-06,6,-6.245870060021389,-1.0409783433368982,0.07226423679302156
PREFADE-F,SPX500_TRAIN,2010-07,9,14.78782181975646,1.6430913133062732,0.8170632454456157
PREFADE-F,SPX500_TRAIN,2010-08,5,-8.378588062546896,-1.6757176125093793,-0.8064417876202409
PREFADE-F,SPX500_TRAIN,2010-09,5,10.799145039713949,2.1598290079427898,1.2739798966975282
PREFADE-F,SPX500_TRAIN,2010-10,8,-1.4572993918457087,-0.18216242398071358,-0.007374231484690019
PREFADE-F,SPX500_TRAIN,2010-11,8,-0.7858388284880675,-0.09822985356100844,0.2575444602518883
PREFADE-F,SPX500_TRAIN,2010-12,7,8.45137576744628,1.2073393953494684,0.5186314599341177
PREFADE-F,SPX500_TRAIN,2011-01,10,9.671970924814104,0.9671970924814104,0.7320110693387634
PREFADE-F,SPX500_TRAIN,2011-02,9,6.074695144623547,0.6749661271803942,0.7134979571400872
PREFADE-F,SPX500_TRAIN,2011-03,3,5.21324366414251,1.7377478880475035,1.5863581166633878
PREFADE-F,SPX500_TRAIN,2011-04,11,16.6216848428287,1.5110622584389726,0.7061062850331669
PREFADE-F,SPX500_TRAIN,2011-05,4,10.821920902523289,2.705480225630822,1.571971819640585
PREFADE-F,SPX500_TRAIN,2011-06,8,2.993981876938051,0.37424773461725636,-0.03450285628829264
PREFADE-F,SPX500_TRAIN,2011-07,8,-9.133514665427583,-1.141689333178448,-0.47564925825041626
PREFADE-F,SPX500_TRAIN,2011-08,5,-36.24424251201867,-7.248848502403734,-1.5169578077587504
PREFADE-F,SPX500_TRAIN,2011-09,2,9.41609950627776,4.70804975313888,1.4826099556958758
PREFADE-F,SPX500_TRAIN,2011-10,6,11.021247752233421,1.8368746253722368,0.8371154091195537
PREFADE-F,SPX500_TRAIN,2011-11,3,-8.191951714969264,-2.730650571656421,-1.316275538294174
PREFADE-F,SPX500_TRAIN,2011-12,6,-21.814875236898843,-3.6358125394831404,-1.1719165503085383
PREFADE-F,SPX500_TRAIN,2012-01,7,6.863736393232557,0.9805337704617939,0.46463847290448473
PREFADE-F,SPX500_TRAIN,2012-02,4,-2.018506979107542,-0.5046267447768855,-0.5998970975581798
PREFADE-F,SPX500_TRAIN,2012-03,5,1.764047641239813,0.3528095282479626,0.10788308262617101
PREFADE-F,SPX500_TRAIN,2012-04,4,11.744300771388453,2.936075192847113,1.1718498277794573
PREFADE-F,SPX500_TRAIN,2012-05,3,7.050857397471873,2.350285799157291,1.0630097961625247
PREFADE-F,SPX500_TRAIN,2012-06,5,3.7196680822764847,0.743933616455297,-0.023919657928834104
PREFADE-F,SPX500_TRAIN,2012-07,3,-11.508876597831431,-3.836292199277144,-1.841111396465906
PREFADE-F,SPX500_TRAIN,2012-08,8,7.575058427786644,0.9468823034733305,-0.061808935722264646
PREFADE-F,SPX500_TRAIN,2012-09,3,-3.393625766927471,-1.1312085889758237,-1.0183293957098634
PREFADE-F,SPX500_TRAIN,2012-10,3,1.2456902339395128,0.41523007797983763,0.040840381182481345
PREFADE-F,SPX500_TRAIN,2012-11,5,0.8320622763480969,0.1664124552696194,0.21122701907223523
PREFADE-F,SPX500_TRAIN,2012-12,4,-3.702327457438514,-0.9255818643596285,-0.46226128522281607
PREFADE-F,SPX500_TRAIN,2013-01,8,3.1296788216554887,0.3912098527069361,0.4686727537152645
PREFADE-F,SPX500_TRAIN,2013-02,12,6.311069312757127,0.5259224427297605,0.34779849373532895
PREFADE-F,SPX500_TRAIN,2013-03,3,6.884276366487029,2.2947587888290095,1.7104342717094265
PREFADE-F,SPX500_TRAIN,2013-04,2,3.9651374471300187,1.9825687235650093,1.4833802462507744
PREFADE-F,SPX500_TRAIN,2013-05,9,0.5052851503105558,0.05614279447895064,0.2983773180063828
PREFADE-F,SPX500_TRAIN,2013-06,5,-26.717224548813647,-5.343444909762729,-2.4999999999999973
PREFADE-F,SPX500_TRAIN,2013-07,9,3.3273702726326064,0.3697078080702896,0.5839549332482615
PREFADE-F,SPX500_TRAIN,2013-08,6,7.73783392163341,1.2896389869389016,0.40181831088528014
PREFADE-F,SPX500_TRAIN,2013-09,9,4.3130417977511115,0.4792268664167902,0.15391919357851258
PREFADE-F,SPX500_TRAIN,2013-10,5,10.885897104310516,2.177179420862103,0.6987859116499224
PREFADE-F,SPX500_TRAIN,2013-11,6,9.999221782551103,1.6665369637585172,0.9633690365970661
PREFADE-F,SPX500_TRAIN,2013-12,7,-18.032050844132527,-2.576007263447504,-1.9130295132707318
PREFADE-F,SPX500_TRAIN,2014-01,2,8.265313648672873,4.132656824336436,1.7596320562298713
PREFADE-F,SPX500_TRAIN,2014-02,5,1.3670035661361908,0.27340071322723813,0.18902932699248165
PREFADE-F,SPX500_TRAIN,2014-03,7,-15.106594148154727,-2.158084878307818,-1.8713833722863238
PREFADE-F,SPX500_TRAIN,2014-04,11,-5.229854122667575,-0.47544128387887047,-0.22171473258975646
PREFADE-F,SPX500_TRAIN,2014-05,12,6.045332458727216,0.5037777048939347,0.39545968740120957
PREFADE-F,SPX500_TRAIN,2014-06,6,-0.5781504100893926,-0.09635840168156544,0.03244062183678328
PREFADE-F,SPX500_TRAIN,2014-07,12,-6.51146629843015,-0.5426221915358459,-0.7878032991264184
PREFADE-F,SPX500_TRAIN,2014-08,4,3.0219130176167255,0.7554782544041814,0.9832082413691468
PREFADE-F,SPX500_TRAIN,2014-09,8,6.8330800465064385,0.8541350058133048,0.058859189500411135
PREFADE-F,SPX500_TRAIN,2014-10,4,-0.9176872531261324,-0.2294218132815331,0.5242951959088662
PREFADE-F,SPX500_TRAIN,2014-11,9,2.0582581594258045,0.22869535104731162,0.2796223892330306
PREFADE-F,SPX500_TRAIN,2014-12,7,-9.4057197555951,-1.3436742507993,-0.8241775776311719
PREFADE-F,SPX500_VAL,2015-01,2,-1.9941685469257209,-0.9970842734628604,-0.10196545667768575
PREFADE-F,SPX500_VAL,2015-02,5,6.125169252752357,1.2250338505504714,0.005088497518072455
PREFADE-F,SPX500_VAL,2015-03,9,-13.915169525634155,-1.546129947292684,-1.441028067483048
PREFADE-F,SPX500_VAL,2015-04,5,-3.2434101693156663,-0.6486820338631333,-0.6250701196825561
PREFADE-F,SPX500_VAL,2015-05,6,3.407134802791461,0.5678558004652435,1.1578509168948068
PREFADE-F,SPX500_VAL,2015-06,5,-11.824143678622931,-2.3648287357245863,-1.6193608495595455
PREFADE-F,SPX500_VAL,2015-07,9,15.005316072073128,1.6672573413414586,0.8527102044317407
PREFADE-F,SPX500_VAL,2015-08,3,-11.64617402595195,-3.88205800865065,-1.2311225864434783
PREFADE-F,SPX500_VAL,2015-09,4,39.88391660517709,9.970979151294273,1.6534078114681938
PREFADE-F,SPX500_VAL,2015-10,7,12.892157784757046,1.8417368263938638,1.0473570148531797
PREFADE-F,SPX500_VAL,2015-11,6,-10.319195055100408,-1.7198658425167348,-0.32675635994247787
PREFADE-F,SPX500_VAL,2015-12,3,13.908662716400158,4.636220905466719,1.5646081601957527
PREFADE-F,SPX500_VAL,2016-01,2,-0.7648675037773955,-0.38243375188869777,0.5359686858699096
PREFADE-F,SPX500_VAL,2016-02,5,5.649727552542117,1.1299455105084235,0.10207059301032695
PREFADE-F,SPX500_VAL,2016-03,5,-13.043196600101055,-2.608639320020211,-1.277212704380735
PREFADE-F,SPX500_VAL,2016-04,2,-2.651596551098237,-1.3257982755491184,-0.6492443715194011
PREFADE-F,SPX500_VAL,2016-05,3,4.689954727872191,1.5633182426240637,0.3804553145239539
PREFADE-F,SPX500_VAL,2016-06,5,-1.509233181419404,-0.3018466362838808,-0.5171550049844876
PREFADE-F,SPX500_VAL,2016-07,5,-13.188906768047218,-2.6377813536094434,-0.5833421251272981
PREFADE-F,SPX500_VAL,2016-08,6,5.47539354450555,0.912565590750925,0.16712012160956605
PREFADE-F,SPX500_VAL,2016-09,6,11.623239198609554,1.9372065331015922,0.38537081382979294
PREFADE-F,SPX500_VAL,2016-10,8,1.9236640157191687,0.24045800196489608,0.006423242998680884
PREFADE-F,SPX500_VAL,2016-11,6,13.77364655568772,2.2956077592812867,0.9101566761284884
PREFADE-F,SPX500_VAL,2016-12,11,2.092539818273508,0.19023089257031892,-0.17429146017937033
PREFADE-F,SPX500_VAL,2017-01,8,-5.0738381985693195,-0.6342297748211649,-0.3797604359226614
PREFADE-F,SPX500_VAL,2017-02,5,0.366707513925121,0.0733415027850242,-0.24885489304301248
PREFADE-F,SPX500_VAL,2017-03,2,5.418600429004073,2.7093002145020364,1.4602996324497937
PREFADE-F,SPX500_VAL,2017-04,7,-10.200068581345477,-1.4571526544779252,-0.6239604517399863
PREFADE-F,SPX500_VAL,2017-05,5,12.653597406950666,2.5307194813901335,1.4784521558476593
PREFADE-F,SPX500_VAL,2017-06,4,0.3214827424944815,0.08037068562362037,0.7394529356097664
PREFADE-F,SPX500_VAL,2017-07,5,-5.242319398220843,-1.0484638796441685,-0.9816661631025557
PREFADE-F,SPX500_VAL,2017-08,2,3.7027356488847545,1.8513678244423772,1.8603517088571278
PREFADE-F,SPX500_VAL,2017-09,5,8.731031791712667,1.7462063583425333,2.013850997763952
PREFADE-F,SPX500_VAL,2017-10,7,-3.135675626200282,-0.44795366088575456,-0.6724547951952291
PREFADE-F,SPX500_VAL,2017-11,6,6.186831868046738,1.0311386446744564,-0.1897343859021945
PREFADE-F,SPX500_VAL,2017-12,5,-4.556251727278777,-0.9112503454557555,-0.3715701694577371
PREFADE-F,SPX500_VAL,2018-01,5,-2.61268170597441,-0.522536341194882,-0.05040639059551673
PREFADE-F,SPX500_VAL,2018-02,3,-10.100267202829855,-3.366755734276618,-1.2964942217080033
PREFADE-F,SPX500_VAL,2018-03,8,47.00314466516784,5.87539308314598,1.0653879382654687
PREFADE-F,SPX500_VAL,2018-04,2,-15.34058983062232,-7.67029491531116,-2.500000000000017
PREFADE-F,SPX500_VAL,2018-05,6,-17.64018298420251,-2.940030497367085,-1.000893486376752
PREFADE-F,SPX500_VAL,2018-06,3,-23.048136913702365,-7.682712304567455,-2.5000000000000355
PREFADE-F,SPX500_VAL,2018-07,3,0.7241767941150101,0.24139226470500338,0.27238701815073063
PREFADE-F,SPX500_VAL,2018-09,2,6.005084177604203,3.0025420888021017,1.9472991671561788
PREFADE-F,SPX500_VAL,2018-10,4,17.50168377294358,4.375420943235895,0.03919349296340968
PREFADE-F,SPX500_VAL,2018-11,3,7.625327144849507,2.5417757149498357,0.40963781838399643
PREFADE-F,SPX500_VAL,2018-12,3,-5.321332151600018,-1.7737773838666726,-0.13598942759049523
PREFADE-F,SPX500_vault_2019_20,2019-01,3,-14.51634180129804,-4.83878060043268,-1.0719111934912933
PREFADE-F,SPX500_vault_2019_20,2019-02,2,-2.2762567732538628,-1.1381283866269314,-0.42794716310243264
PREFADE-F,SPX500_vault_2019_20,2019-03,3,-3.7026315854245695,-1.2342105284748566,-1.1370913155709175
PREFADE-F,SPX500_vault_2019_20,2019-04,3,11.634347109143164,3.878115703047721,1.8126181580049538
PREFADE-F,SPX500_vault_2019_20,2019-05,5,-6.036609323972698,-1.2073218647945396,-0.2833340870112343
PREFADE-F,SPX500_vault_2019_20,2019-06,1,6.742677640974762,6.742677640974762,1.372174594322567
PREFADE-F,SPX500_vault_2019_20,2019-07,6,-7.086808722478963,-1.1811347870798272,-0.1038911252461953
PREFADE-F,SPX500_vault_2019_20,2019-08,2,4.220550253393867,2.1102751266969335,-0.6589211888342313
PREFADE-F,SPX500_vault_2019_20,2019-09,2,5.418006548905851,2.7090032744529253,1.4014111357183123
PREFADE-F,SPX500_vault_2019_20,2019-10,5,2.9356347535240275,0.5871269507048055,0.7212949039400577
PREFADE-F,SPX500_vault_2019_20,2019-11,2,3.640887982687218,1.820443991343609,2.148208422837951
PREFADE-F,SPX500_vault_2019_20,2019-12,7,-11.161233363022347,-1.5944619090031924,-0.6115508296509985
PREFADE-F,SPX500_vault_2019_20,2020-01,1,5.194193237495256,5.194193237495256,1.9446460511725978
PREFADE-F,SPX500_vault_2019_20,2020-02,1,6.599999999999909,6.599999999999909,1.3974151082315207
PREFADE-F,SPX500_vault_2019_20,2020-03,4,93.55423138731294,23.388557846828235,0.7068673399636115
PREFADE-F,SPX500_vault_2019_20,2020-04,4,-63.522219026969196,-15.880554756742299,-1.6128882266749738
PREFADE-S,NAS100_2026,2026-03,10,7.108326078247046,0.7108326078247046,-0.35035350447042807
PREFADE-S,NAS100_2026,2026-04,14,-67.27443491264057,-4.805316779474326,-0.29691436693326406
PREFADE-S,NAS100_2026,2026-05,14,542.2997698481886,38.73569784629918,0.8053195608760912
PREFADE-S,NAS100_2026,2026-06,9,761.1161572167111,84.5684619129679,1.133349418328155
PREFADE-S,NAS100_2026,2026-07,7,201.40662997855907,28.772375711222725,0.10485928906508514
PREFADE-S,NAS100_2026,2026-08,11,-497.1690605990516,-45.197187327186505,-0.8247982954705922
PREFADE-S,NAS100_2026,2026-09,2,40.63145655860717,20.315728279303585,0.31371074540621735
PREFADE-S,NAS100_TRAIN,2005-01,13,25.50175440612543,1.9616734158558022,1.3550391217596032
PREFADE-S,NAS100_TRAIN,2005-02,21,4.591098176147852,0.21862372267370725,-0.07498544554625049
PREFADE-S,NAS100_TRAIN,2005-03,22,-2.4835890483348066,-0.11289041128794576,-0.013525958612471523
PREFADE-S,NAS100_TRAIN,2005-04,22,5.032603381283479,0.22875469914924906,0.40307981095869594
PREFADE-S,NAS100_TRAIN,2005-05,17,24.544204082900478,1.4437767107588517,0.9131700036614625
PREFADE-S,NAS100_TRAIN,2005-06,16,9.586203305653271,0.5991377066033294,0.49854622849737196
PREFADE-S,NAS100_TRAIN,2005-07,17,18.898245018888474,1.111661471699322,0.3819411906557738
PREFADE-S,NAS100_TRAIN,2005-08,17,0.4644938236053804,0.02732316609443414,0.08021644865298004
PREFADE-S,NAS100_TRAIN,2005-09,13,13.881640540849958,1.0678185031423044,0.7637541963075318
PREFADE-S,NAS100_TRAIN,2005-10,17,12.951060508675482,0.7618270887456166,0.4213214414989802
PREFADE-S,NAS100_TRAIN,2005-11,28,12.931667323391366,0.46184526154969163,0.3065097123354216
PREFADE-S,NAS100_TRAIN,2005-12,17,8.230824223923037,0.48416613081900217,0.3529342735495143
PREFADE-S,NAS100_TRAIN,2006-01,16,23.270304523700133,1.4543940327312583,0.9356755276170995
PREFADE-S,NAS100_TRAIN,2006-02,14,2.338904969594523,0.1670646406853231,0.2195219649735806
PREFADE-S,NAS100_TRAIN,2006-03,17,-4.571013677192923,-0.26888315748193664,-0.3033405574161814
PREFADE-S,NAS100_TRAIN,2006-04,25,20.096631502234686,0.8038652600893874,0.7539368548287473
PREFADE-S,NAS100_TRAIN,2006-05,13,-7.962582040200232,-0.6125063107846332,-0.4228578210506395
PREFADE-S,NAS100_TRAIN,2006-06,18,22.131960823444842,1.229553379080269,0.6189693096910217
PREFADE-S,NAS100_TRAIN,2006-07,25,-6.84106815540963,-0.2736427262163852,0.024500613751917467
PREFADE-S,NAS100_TRAIN,2006-08,21,-14.265821398259504,-0.6793248284885478,-0.6179403561272946
PREFADE-S,NAS100_TRAIN,2006-09,19,-5.448323205557244,-0.28675385292406547,-0.14662350061729565
PREFADE-S,NAS100_TRAIN,2006-10,20,-0.9731191085872979,-0.04865595542936489,-0.16115158780163247
PREFADE-S,NAS100_TRAIN,2006-11,22,8.832557461390252,0.4014798846086478,0.25899243742515166
PREFADE-S,NAS100_TRAIN,2006-12,22,-3.937424763694935,-0.1789738528952243,-0.3142375041153036
PREFADE-S,NAS100_TRAIN,2007-01,18,20.478138662418814,1.1376743701343786,0.7596785246981347
PREFADE-S,NAS100_TRAIN,2007-02,14,-7.903296057924763,-0.564521146994626,-0.7202248960793745
PREFADE-S,NAS100_TRAIN,2007-03,21,32.66656977568232,1.555550941699158,0.7907923232470273
PREFADE-S,NAS100_TRAIN,2007-04,19,-5.2326363003596725,-0.27540191054524593,-0.3024007399332693
PREFADE-S,NAS100_TRAIN,2007-05,22,32.85852221257619,1.4935691914807359,0.9333743144903438
PREFADE-S,NAS100_TRAIN,2007-06,14,-2.1402921644917114,-0.15287801174940796,0.1858296506497385
PREFADE-S,NAS100_TRAIN,2007-07,13,31.313044005712072,2.4086956927470826,1.08005020854281
PREFADE-S,NAS100_TRAIN,2007-08,16,43.382005891345216,2.711375368209076,0.709225290337407
PREFADE-S,NAS100_TRAIN,2007-09,15,-14.795249160339608,-0.9863499440226405,-0.0320794212488298
PREFADE-S,NAS100_TRAIN,2007-10,16,-3.690527180524441,-0.23065794878277757,-0.054310753766858455
PREFADE-S,NAS100_TRAIN,2007-11,10,2.482842999536615,0.2482842999536615,0.03392831459903154
PREFADE-S,NAS100_TRAIN,2007-12,18,-10.20842721955296,-0.5671348455307199,-0.5866250401091394
PREFADE-S,NAS100_TRAIN,2008-01,21,41.51348257510199,1.9768325035762853,0.3592737794845708
PREFADE-S,NAS100_TRAIN,2008-02,18,13.150485286249705,0.7305825159027614,0.1526742206777839
PREFADE-S,NAS100_TRAIN,2008-03,11,1.4454294503275378,0.13140267730250343,0.15179016597061568
PREFADE-S,NAS100_TRAIN,2008-04,17,45.50230579784966,2.676606223402921,0.6378928376266425
PREFADE-S,NAS100_TRAIN,2008-05,16,7.1373100125688325,0.44608187578555203,0.278915799649172
PREFADE-S,NAS100_TRAIN,2008-06,17,-36.61130890223876,-2.153606406014045,-0.4759230493628063
PREFADE-S,NAS100_TRAIN,2008-07,14,0.8716864255509336,0.06226331611078097,-0.017314505944895364
PREFADE-S,NAS100_TRAIN,2008-08,24,28.20857251384541,1.175357188076892,0.6785676383239295
PREFADE-S,NAS100_TRAIN,2008-09,17,7.460467917331698,0.43885105396068813,0.09012400990986465
PREFADE-S,NAS100_TRAIN,2008-10,12,88.79101574355695,7.39925131196308,1.0814376149724847
PREFADE-S,NAS100_TRAIN,2008-11,10,52.70381896526487,5.270381896526487,0.7512548778030436
PREFADE-S,NAS100_TRAIN,2008-12,10,22.34558484459103,2.234558484459103,0.7087436824963913
PREFADE-S,NAS100_TRAIN,2009-01,10,-12.127629449834103,-1.2127629449834103,-0.2971957439392229
PREFADE-S,NAS100_TRAIN,2009-02,11,15.160913405941756,1.3782648550856142,0.016943208465699886
PREFADE-S,NAS100_TRAIN,2009-03,11,33.47860510486953,3.0435095549881392,0.901575646015074
PREFADE-S,NAS100_TRAIN,2009-04,10,25.825746125177602,2.58257461251776,0.5851715424748332
PREFADE-S,NAS100_TRAIN,2009-05,9,27.10970121177138,3.012189023530153,0.630511528062955
PREFADE-S,NAS100_TRAIN,2009-06,14,9.764218556847936,0.6974441826319955,0.09301076465898235
PREFADE-S,NAS100_TRAIN,2009-07,14,25.31723704822184,1.8083740748729886,0.8132015369419922
PREFADE-S,NAS100_TRAIN,2009-08,10,-16.1765432362954,-1.6176543236295402,-0.5775173763615218
PREFADE-S,NAS100_TRAIN,2009-09,11,17.964011191746522,1.633091926522411,0.3768207279350759
PREFADE-S,NAS100_TRAIN,2009-10,13,19.803298737525665,1.523330672117359,0.5573835821935582
PREFADE-S,NAS100_TRAIN,2009-11,6,-25.753306798829044,-4.292217799804841,-1.215108127235262
PREFADE-S,NAS100_TRAIN,2009-12,6,11.990963504331376,1.9984939173885625,0.6645053900727663
PREFADE-S,NAS100_TRAIN,2010-01,10,2.8148731485257485,0.28148731485257483,0.1114086704049821
PREFADE-S,NAS100_TRAIN,2010-02,13,3.220058780003228,0.24769682923101755,0.22951780268435387
PREFADE-S,NAS100_TRAIN,2010-03,16,14.090104844065763,0.8806315527541102,0.38225993935069813
PREFADE-S,NAS100_TRAIN,2010-04,12,15.96218420363516,1.3301820169695968,0.47540501790666867
PREFADE-S,NAS100_TRAIN,2010-05,11,-31.185157921439895,-2.835014356494536,-0.48357201034019287
PREFADE-S,NAS100_TRAIN,2010-06,11,4.136096626163862,0.37600878419671474,0.5955276817963345
PREFADE-S,NAS100_TRAIN,2010-07,20,14.508054790388996,0.7254027395194498,0.13045351975929748
PREFADE-S,NAS100_TRAIN,2010-08,15,13.069418525777564,0.8712945683851709,0.39657863872400073
PREFADE-S,NAS100_TRAIN,2010-09,13,12.0304548427398,0.9254196032876769,0.19003030806590746
PREFADE-S,NAS100_TRAIN,2010-10,19,-1.1456730561776567,-0.06029858190408719,-0.09718106223071835
PREFADE-S,NAS100_TRAIN,2010-11,12,-19.03744587814799,-1.5864538231789993,-0.12537280875393128
PREFADE-S,NAS100_TRAIN,2010-12,12,13.949316239558357,1.1624430199631963,0.1421844885231062
PREFADE-S,NAS100_TRAIN,2011-01,14,23.44999949913563,1.6749999642239735,0.9252553098868704
PREFADE-S,NAS100_TRAIN,2011-02,13,7.7015984176691745,0.5924306475130134,-0.09983107927723046
PREFADE-S,NAS100_TRAIN,2011-03,8,14.763826300565597,1.8454782875706996,0.4310847225912044
PREFADE-S,NAS100_TRAIN,2011-04,10,15.949773855103558,1.5949773855103557,0.6720618871622672
PREFADE-S,NAS100_TRAIN,2011-05,13,37.060694940841586,2.850822687757045,0.5514525573612608
PREFADE-S,NAS100_TRAIN,2011-06,10,36.54957405893492,3.654957405893492,0.8748246846326531
PREFADE-S,NAS100_TRAIN,2011-07,12,29.29841446610226,2.441534538841855,0.32961913594324715
PREFADE-S,NAS100_TRAIN,2011-08,11,31.331220534480053,2.848292775861823,0.3524072153028754
PREFADE-S,NAS100_TRAIN,2011-09,10,29.164305562531354,2.916430556253135,0.015860719835397497
PREFADE-S,NAS100_TRAIN,2011-10,9,20.209917358722123,2.245546373191347,0.5203016991223721
PREFADE-S,NAS100_TRAIN,2011-11,9,-64.67095215564768,-7.18566135062752,-1.0703326862768259
PREFADE-S,NAS100_TRAIN,2011-12,14,-28.391732408560074,-2.0279808863257194,-0.22251250681981932
PREFADE-S,NAS100_TRAIN,2012-01,10,3.8357643747517614,0.3835764374751761,-0.02657549969328634
PREFADE-S,NAS100_TRAIN,2012-02,8,1.677078826536217,0.20963485331702714,0.13987856570119478
PREFADE-S,NAS100_TRAIN,2012-03,16,16.426132971259904,1.026633310703744,-0.059708710093079084
PREFADE-S,NAS100_TRAIN,2012-04,10,13.655511269448652,1.3655511269448652,0.21164452716995358
PREFADE-S,NAS100_TRAIN,2012-05,17,60.72785754438155,3.5722269143753853,0.9648208221103431
PREFADE-S,NAS100_TRAIN,2012-06,15,5.105203922369128,0.3403469281579419,0.28872900198158435
PREFADE-S,NAS100_TRAIN,2012-07,14,-50.27144579646847,-3.590817556890605,-0.6786144720037529
PREFADE-S,NAS100_TRAIN,2012-08,21,-19.445042253427346,-0.9259543930203498,-0.09619036996752207
PREFADE-S,NAS100_TRAIN,2012-09,11,11.808167151054022,1.073469741004911,0.20848270049235532
PREFADE-S,NAS100_TRAIN,2012-10,10,25.09094914661273,2.509094914661273,0.41082430727803326
PREFADE-S,NAS100_TRAIN,2012-11,20,-30.89603638208655,-1.5448018191043276,-0.1271129877976563
PREFADE-S,NAS100_TRAIN,2012-12,16,-7.519408036449477,-0.4699630022780923,0.05617445778290284
PREFADE-S,NAS100_TRAIN,2013-01,15,-12.52466613938941,-0.8349777426259607,-0.33778779722614105
PREFADE-S,NAS100_TRAIN,2013-02,14,-0.4252941698964605,-0.030378154992604323,-0.15359175803794672
PREFADE-S,NAS100_TRAIN,2013-03,14,5.448185870697671,0.3891561336212622,0.20091911932480658
PREFADE-S,NAS100_TRAIN,2013-04,17,0.9535757829080467,0.05609269311223804,0.5410477246377525
PREFADE-S,NAS100_TRAIN,2013-05,19,20.35942826345081,1.0715488559710953,-0.08482656813032925
PREFADE-S,NAS100_TRAIN,2013-06,12,-32.336576774920104,-2.694714731243342,-0.9710346341344835
PREFADE-S,NAS100_TRAIN,2013-07,14,29.38881730546518,2.0992012361046557,0.5525770513086165
PREFADE-S,NAS100_TRAIN,2013-08,13,14.526489296404634,1.1174222535695872,0.18235736281880432
PREFADE-S,NAS100_TRAIN,2013-09,18,13.291406170470509,0.7384114539150283,0.11826096135983552
PREFADE-S,NAS100_TRAIN,2013-10,18,21.29482454523577,1.183045808068654,0.3375145729338042
PREFADE-S,NAS100_TRAIN,2013-11,15,-0.9440415224157732,-0.06293610149438487,-0.35162119271463244
PREFADE-S,NAS100_TRAIN,2013-12,19,11.48576862058735,0.60451413792565,0.055851959542808416
PREFADE-S,NAS100_TRAIN,2014-01,10,15.804383342181154,1.5804383342181154,0.1839539726871097
PREFADE-S,NAS100_TRAIN,2014-02,14,32.41282974513342,2.3152021246523873,0.7279639278349127
PREFADE-S,NAS100_TRAIN,2014-03,16,-15.40072924131664,-0.96254557758229,-0.5821601947742232
PREFADE-S,NAS100_TRAIN,2014-04,14,-14.531737850426452,-1.037981275030461,-0.35361155748252304
PREFADE-S,NAS100_TRAIN,2014-05,16,43.232862037710674,2.702053877356917,0.5925130630477303
PREFADE-S,NAS100_TRAIN,2014-06,12,10.960419722071492,0.9133683101726243,0.12355345216182297
PREFADE-S,NAS100_TRAIN,2014-07,21,-21.791103857323378,-1.0376716122534941,-0.19876854282980044
PREFADE-S,NAS100_TRAIN,2014-08,13,9.147322415282815,0.7036401857909858,0.30971949245652763
PREFADE-S,NAS100_TRAIN,2014-09,13,23.386771975096508,1.7989824596228083,0.018297347382887814
PREFADE-S,NAS100_TRAIN,2014-10,14,31.005462835597882,2.21467591682842,0.7448591049176354
PREFADE-S,NAS100_TRAIN,2014-11,15,19.76800244084643,1.317866829389762,0.16103536990142242
PREFADE-S,NAS100_TRAIN,2014-12,20,69.39852618525492,3.469926309262746,0.4723099052656582
PREFADE-S,NAS100_VAL,2015-01,16,30.7459020870333,1.9216188804395813,0.39179341463977124
PREFADE-S,NAS100_VAL,2015-02,13,0.8146789219999846,0.0626676093846142,-0.05701527238940492
PREFADE-S,NAS100_VAL,2015-03,15,-17.70568965132952,-1.1803793100886348,-0.520722517317733
PREFADE-S,NAS100_VAL,2015-04,10,3.0544345280986818,0.3054434528098682,0.05264842478564322
PREFADE-S,NAS100_VAL,2015-05,16,6.687814561523737,0.4179884100952336,0.4618188221407583
PREFADE-S,NAS100_VAL,2015-06,9,11.588375834159706,1.287597314906634,0.4164318443531104
PREFADE-S,NAS100_VAL,2015-07,15,-9.399517273802303,-0.6266344849201535,-0.39465617909399264
PREFADE-S,NAS100_VAL,2015-08,8,19.594029056484942,2.4492536320606177,-0.46516243724310996
PREFADE-S,NAS100_VAL,2015-09,7,91.7440466058888,13.106292372269829,0.7866912811393403
PREFADE-S,NAS100_VAL,2015-10,9,14.206828253011736,1.5785364725568596,-0.36528712272640973
PREFADE-S,NAS100_VAL,2015-11,14,-0.026008459717559163,-0.0018577471226827974,0.07624163483924425
PREFADE-S,NAS100_VAL,2015-12,9,113.40154940424145,12.600172156026828,1.5823034378425906
PREFADE-S,NAS100_VAL,2016-01,6,110.09389715042835,18.348982858404725,1.2843370907440828
PREFADE-S,NAS100_VAL,2016-02,12,61.31305803970645,5.10942150330887,0.6623066668532588
PREFADE-S,NAS100_VAL,2016-03,6,22.39596067682396,3.7326601128039933,0.34999739885099457
PREFADE-S,NAS100_VAL,2016-04,7,-7.924808568266599,-1.1321155097523712,-0.05967750312487809
PREFADE-S,NAS100_VAL,2016-05,10,-2.9739438920987595,-0.29739438920987593,0.009968693752015433
PREFADE-S,NAS100_VAL,2016-06,8,1.0405658349582154,0.13007072936977693,-0.25360185349244646
PREFADE-S,NAS100_VAL,2016-07,7,-17.494332837730326,-2.4991904053900464,-0.6843508913556293
PREFADE-S,NAS100_VAL,2016-08,12,16.086389151189906,1.3405324292658254,0.28024632968324026
PREFADE-S,NAS100_VAL,2016-09,16,-25.346410096904037,-1.5841506310565023,-0.18464288956925967
PREFADE-S,NAS100_VAL,2016-10,14,-34.199037574951035,-2.442788398210788,-1.0828105063914226
PREFADE-S,NAS100_VAL,2016-11,14,-49.7252390378826,-3.551802788420186,-0.5549482206583483
PREFADE-S,NAS100_VAL,2016-12,16,45.481350218431544,2.8425843886519715,1.0436325554067791
PREFADE-S,NAS100_VAL,2017-01,14,-48.96082110046336,-3.4972015071759546,-0.838231436978991
PREFADE-S,NAS100_VAL,2017-02,14,-22.465064741460083,-1.604647481532863,-0.20132690833964517
PREFADE-S,NAS100_VAL,2017-03,14,-13.393557542471171,-0.9566826816050836,-0.3035075402279467
PREFADE-S,NAS100_VAL,2017-04,11,4.1568337716034875,0.37789397923668067,-0.6079075355858164
PREFADE-S,NAS100_VAL,2017-05,15,-52.600925830729466,-3.5067283887152976,-0.487956447360954
PREFADE-S,NAS100_VAL,2017-06,12,-65.92455068668733,-5.493712557223944,-0.9184179595939993
PREFADE-S,NAS100_VAL,2017-07,24,-58.55935537591267,-2.439973140663028,-0.5455502101524684
PREFADE-S,NAS100_VAL,2017-08,15,8.249969478240018,0.5499979652160012,-0.2966040863829646
PREFADE-S,NAS100_VAL,2017-09,15,-40.464100077901094,-2.697606671860073,-0.4500452811525713
PREFADE-S,NAS100_VAL,2017-10,21,2.804339358708603,0.13353996946231442,0.10776382189313165
PREFADE-S,NAS100_VAL,2017-11,12,4.055755362424861,0.3379796135354051,-0.05747821656776447
PREFADE-S,NAS100_VAL,2017-12,13,-32.437282653051625,-2.495175588696279,-0.4232916759891302
PREFADE-S,NAS100_VAL,2018-01,12,114.58520565691197,9.548767138075997,1.4961640883818321
PREFADE-S,NAS100_VAL,2018-02,12,-88.24117445639513,-7.353431204699594,-0.6131548974534382
PREFADE-S,NAS100_VAL,2018-03,9,20.095606290800788,2.2328451434223098,0.12399186898232337
PREFADE-S,NAS100_VAL,2018-04,11,-50.61075766476915,-4.600977969524468,-0.654997165356045
PREFADE-S,NAS100_VAL,2018-05,16,20.072927571414766,1.2545579732134229,0.018395247199574402
PREFADE-S,NAS100_VAL,2018-06,9,-107.18053355499887,-11.908948172777652,-1.4988062721639166
PREFADE-S,NAS100_VAL,2018-07,12,7.686720570297439,0.6405600475247866,0.26647403461321933
PREFADE-S,NAS100_VAL,2018-08,11,-46.22149620762593,-4.201954200693266,0.10860907273712767
PREFADE-S,NAS100_VAL,2018-09,11,-31.925037244894156,-2.902276113172196,-0.21564506110840165
PREFADE-S,NAS100_VAL,2018-10,12,-117.58793062394307,-9.798994218661923,-0.6898453215769383
PREFADE-S,NAS100_VAL,2018-11,9,-49.49879348285867,-5.499865942539852,-0.30615599733521887
PREFADE-S,NAS100_VAL,2018-12,9,-22.630443450661005,-2.5144937167401116,-0.26974476038829054
PREFADE-S,NAS100_vault_2019_20,2019-01,10,-227.16014513068967,-22.716014513068966,-2.023720847620102
PREFADE-S,NAS100_vault_2019_20,2019-02,10,-23.480229394191156,-2.3480229394191157,-0.16896572764691226
PREFADE-S,NAS100_vault_2019_20,2019-03,9,-38.72606311153231,-4.302895901281368,-0.32195431855296786
PREFADE-S,NAS100_vault_2019_20,2019-04,13,29.535959891221864,2.271996914709374,0.10309885034367411
PREFADE-S,NAS100_vault_2019_20,2019-05,9,-22.341297157758163,-2.482366350862018,-0.3046287874894971
PREFADE-S,NAS100_vault_2019_20,2019-06,5,-146.43491912899117,-29.286983825798234,-1.759600652730504
PREFADE-S,NAS100_vault_2019_20,2019-07,15,-28.488752704102808,-1.8992501802735204,-0.05735733487477605
PREFADE-S,NAS100_vault_2019_20,2019-08,9,-9.46552777866691,-1.0517253087407679,-0.11095121186795082
PREFADE-S,NAS100_vault_2019_20,2019-09,9,45.836863920557334,5.092984880061926,0.9710991608696316
PREFADE-S,NAS100_vault_2019_20,2019-10,12,25.356507281102495,2.113042273425208,0.1789642771250571
PREFADE-S,NAS100_vault_2019_20,2019-11,8,32.12907539322532,4.016134424153165,0.3110780729718731
PREFADE-S,NAS100_vault_2019_20,2019-12,14,-107.64102305684901,-7.688644504060643,-1.2482687100476781
PREFADE-S,NAS100_vault_2019_20,2020-01,8,144.86606662701342,18.108258328376678,1.3464839213920448
PREFADE-S,NAS100_vault_2019_20,2020-02,4,51.43960103244626,12.859900258111566,-0.460884031828688
PREFADE-S,NAS100_vault_2019_20,2020-03,8,97.16501425839851,12.145626782299814,-0.1687870180693593
PREFADE-S,NAS100_vault_2019_20,2020-04,15,147.98403654863796,9.865602436575864,0.12725462681138913
PREFADE-S,NAS100_vault_2019_20,2020-05,4,122.82564225270835,30.706410563177087,0.9359930883234766
PREFADE-S,SPX500_2026,2026-03,10,-4.17012086514751,-0.41701208651475097,-0.25068035789361504
PREFADE-S,SPX500_2026,2026-04,15,41.6439416985404,2.7762627799026935,-0.045005691940804185
PREFADE-S,SPX500_2026,2026-05,9,6.321531269435582,0.7023923632706202,-0.10705452039202593
PREFADE-S,SPX500_2026,2026-06,15,139.34772177225022,9.289848118150015,0.9094650576584812
PREFADE-S,SPX500_2026,2026-07,13,70.66261173532348,5.4355855181018065,0.7514052525768682
PREFADE-S,SPX500_2026,2026-08,18,-37.51468052767359,-2.084148918204088,-0.3420001663338348
PREFADE-S,SPX500_2026,2026-09,7,-17.33151004125284,-2.475930005893263,-0.38979294507649787
PREFADE-S,SPX500_TRAIN,2005-01,13,12.158895108187835,0.9352996237067566,1.1340619316213667
PREFADE-S,SPX500_TRAIN,2005-02,18,2.185765025830051,0.12143139032389172,0.23387926267273437
PREFADE-S,SPX500_TRAIN,2005-03,18,-1.0832064317432923,-0.06017813509684958,-0.2852941924709824
PREFADE-S,SPX500_TRAIN,2005-04,19,10.734392139901502,0.5649680073632369,0.5628645148670687
PREFADE-S,SPX500_TRAIN,2005-05,13,3.390328286699969,0.2607944835923053,0.24120484106393286
PREFADE-S,SPX500_TRAIN,2005-06,19,2.646220526047955,0.13927476452883975,0.34813150422654965
PREFADE-S,SPX500_TRAIN,2005-07,14,-0.08763918162958362,-0.006259941544970259,-0.06202866566686554
PREFADE-S,SPX500_TRAIN,2005-08,14,-10.905961174710455,-0.7789972267650326,-0.5319068672084989
PREFADE-S,SPX500_TRAIN,2005-09,12,2.7508758305377796,0.22923965254481496,0.446783870624617
PREFADE-S,SPX500_TRAIN,2005-10,14,-19.489265528140095,-1.3920903948671497,-1.1677536661808896
PREFADE-S,SPX500_TRAIN,2005-11,24,3.598044667761087,0.14991852782337864,0.564694121903855
PREFADE-S,SPX500_TRAIN,2005-12,15,3.9952589270826593,0.26635059513884396,0.3403095186708149
PREFADE-S,SPX500_TRAIN,2006-01,13,13.864291837891415,1.0664839875301089,1.1867375649568985
PREFADE-S,SPX500_TRAIN,2006-02,12,3.573257922681023,0.2977714935567519,0.4926191427989157
PREFADE-S,SPX500_TRAIN,2006-03,24,14.204230989718326,0.5918429579049302,0.9060438688580676
PREFADE-S,SPX500_TRAIN,2006-04,21,4.429449279976552,0.21092615618935961,0.21658024786082844
PREFADE-S,SPX500_TRAIN,2006-05,10,-9.237096963054228,-0.9237096963054228,-0.35284388186278515
PREFADE-S,SPX500_TRAIN,2006-06,14,6.372829928358669,0.455202137739905,0.20243974991793756
PREFADE-S,SPX500_TRAIN,2006-07,21,-7.289677894727674,-0.3471275187965559,-0.2271731647439911
PREFADE-S,SPX500_TRAIN,2006-08,20,-5.351392727680377,-0.26756963638401887,-0.31112403177371495
PREFADE-S,SPX500_TRAIN,2006-09,15,-4.095807805560526,-0.27305385370403507,-0.43274538468396667
PREFADE-S,SPX500_TRAIN,2006-10,19,4.698626579568554,0.247296135766766,0.32918746892648176
PREFADE-S,SPX500_TRAIN,2006-11,19,0.7939261166673077,0.04178558508775304,0.16033644733632538
PREFADE-S,SPX500_TRAIN,2006-12,21,7.680163783933949,0.3657220849492357,0.5159363935818222
PREFADE-S,SPX500_TRAIN,2007-01,23,12.704776797448176,0.5523815998890511,0.6686130723296018
PREFADE-S,SPX500_TRAIN,2007-02,18,-10.32151118450156,-0.5734172880278644,-0.300904679872295
PREFADE-S,SPX500_TRAIN,2007-03,21,5.66828734241858,0.2699184448770752,0.10246892165914227
PREFADE-S,SPX500_TRAIN,2007-04,17,-0.04704981159648014,-0.0027676359762635375,-0.16552661716972938
PREFADE-S,SPX500_TRAIN,2007-05,18,14.139448862949621,0.7855249368305345,0.7921793320524786
PREFADE-S,SPX500_TRAIN,2007-06,17,4.043368791552439,0.2378452230324964,-0.028507439648687346
PREFADE-S,SPX500_TRAIN,2007-07,16,6.705045735068552,0.4190653584417845,-0.07796142939002705
PREFADE-S,SPX500_TRAIN,2007-08,18,71.35437821636106,3.96413212313117,0.9170313054128363
PREFADE-S,SPX500_TRAIN,2007-09,13,-0.25627891968883887,-0.019713763052987606,0.1389171993361589
PREFADE-S,SPX500_TRAIN,2007-10,14,22.367991738820137,1.5977136956300098,0.7477963397918633
PREFADE-S,SPX500_TRAIN,2007-11,8,28.770484824559844,3.5963106030699805,1.2546017876657984
PREFADE-S,SPX500_TRAIN,2007-12,15,-28.388449490258836,-1.892563299350589,-1.2774365943893913
PREFADE-S,SPX500_TRAIN,2008-01,17,49.70770610455247,2.9239827120324984,0.6421037304252102
PREFADE-S,SPX500_TRAIN,2008-02,19,-2.0965958625022267,-0.11034715065801193,-0.16946397790342307
PREFADE-S,SPX500_TRAIN,2008-03,16,3.498769971040474,0.21867312319002963,0.22574594771637546
PREFADE-S,SPX500_TRAIN,2008-04,14,27.140486562911974,1.938606183065141,0.7523051325604586
PREFADE-S,SPX500_TRAIN,2008-05,14,21.699505978700472,1.5499647127643195,0.9610073081724614
PREFADE-S,SPX500_TRAIN,2008-06,15,3.4012415031982073,0.22674943354654714,0.2598542892336004
PREFADE-S,SPX500_TRAIN,2008-07,15,20.42647936730509,1.3617652911536728,0.23085545187759302
PREFADE-S,SPX500_TRAIN,2008-08,19,-17.097397106732842,-0.899863005617518,-0.45008617192963685
PREFADE-S,SPX500_TRAIN,2008-09,18,-21.023265165165867,-1.1679591758425483,-0.19151018956323884
PREFADE-S,SPX500_TRAIN,2008-10,11,21.041664800031754,1.9128786181847048,-0.284241776726734
PREFADE-S,SPX500_TRAIN,2008-11,12,4.728100324717161,0.3940083603930968,0.2640470822054296
PREFADE-S,SPX500_TRAIN,2008-12,11,-1.5200752318994546,-0.13818865744540496,0.40592106469362915
PREFADE-S,SPX500_TRAIN,2009-01,14,-17.99031040574198,-1.285022171838713,-0.21849261275606643
PREFADE-S,SPX500_TRAIN,2009-02,17,6.466827997858786,0.38040164693286976,0.17141305821227365
PREFADE-S,SPX500_TRAIN,2009-03,9,14.039904833707624,1.5599894259675138,0.476718911448347
PREFADE-S,SPX500_TRAIN,2009-04,14,21.062583818141206,1.504470272724372,0.4459357388136714
PREFADE-S,SPX500_TRAIN,2009-05,9,8.568085384098026,0.952009487122003,0.4780645870642567
PREFADE-S,SPX500_TRAIN,2009-06,13,14.448295384672633,1.1114073372825102,0.6364134957556357
PREFADE-S,SPX500_TRAIN,2009-07,17,-9.279810627014399,-0.5458712133537882,-0.30274979091960363
PREFADE-S,SPX500_TRAIN,2009-08,13,6.268303264335032,0.4821771741796178,0.29114006275685944
PREFADE-S,SPX500_TRAIN,2009-09,15,15.772057292972931,1.0514704861981954,0.37937546692679036
PREFADE-S,SPX500_TRAIN,2009-10,11,14.262757468904056,1.2966143153549141,0.7129943114629299
PREFADE-S,SPX500_TRAIN,2009-11,6,-2.9864466411336252,-0.4977411068556042,-0.3364422194449486
PREFADE-S,SPX500_TRAIN,2009-12,7,-0.6144704831863237,-0.08778149759804624,0.04832015369639616
PREFADE-S,SPX500_TRAIN,2010-01,12,0.19043816084399623,0.015869846736999687,0.37629349640949933
PREFADE-S,SPX500_TRAIN,2010-02,14,-4.7895098923891055,-0.3421078494563647,-0.10512618423975462
PREFADE-S,SPX500_TRAIN,2010-03,13,6.730410286977303,0.5177238682290233,0.19826109170352196
PREFADE-S,SPX500_TRAIN,2010-04,13,9.82056287439309,0.755427913414853,0.39104944481482834
PREFADE-S,SPX500_TRAIN,2010-05,11,8.295706219189015,0.7541551108353649,-0.004233733167441012
PREFADE-S,SPX500_TRAIN,2010-06,11,-7.83948445809915,-0.7126804052817409,-0.3899079130960402
PREFADE-S,SPX500_TRAIN,2010-07,18,7.40247247283105,0.4112484707128361,0.1369625179662552
PREFADE-S,SPX500_TRAIN,2010-08,17,-5.400319806075686,-0.3176658709456286,0.043049605956165374
PREFADE-S,SPX500_TRAIN,2010-09,9,-6.470735943087675,-0.718970660343075,-0.3964755115831292
PREFADE-S,SPX500_TRAIN,2010-10,14,-14.617822437335462,-1.04413017409539,-0.8204927961082674
PREFADE-S,SPX500_TRAIN,2010-11,13,-16.978376178261897,-1.3060289367893767,-0.2709517338099896
PREFADE-S,SPX500_TRAIN,2010-12,12,4.393717760138088,0.366143146678174,-0.013714158003083473
PREFADE-S,SPX500_TRAIN,2011-01,13,17.556563778808595,1.3505049060621996,0.952487611764195
PREFADE-S,SPX500_TRAIN,2011-02,16,2.674433009579843,0.1671520630987402,0.1877448951790346
PREFADE-S,SPX500_TRAIN,2011-03,10,21.101127284686072,2.110112728468607,1.2691165798307422
PREFADE-S,SPX500_TRAIN,2011-04,16,15.078416209074703,0.942401013067169,0.41693256044064536
PREFADE-S,SPX500_TRAIN,2011-05,12,23.492866107664668,1.957738842305389,0.9577376514852588
PREFADE-S,SPX500_TRAIN,2011-06,12,-16.37019321874891,-1.3641827682290757,-0.8308772249184931
PREFADE-S,SPX500_TRAIN,2011-07,14,-12.968291494612004,-0.9263065353294289,-0.3187971486095366
PREFADE-S,SPX500_TRAIN,2011-08,13,-18.84293361529808,-1.4494564319460062,-0.6221015443811961
PREFADE-S,SPX500_TRAIN,2011-09,9,-10.740022512678252,-1.193335834742028,-0.2311507085997936
PREFADE-S,SPX500_TRAIN,2011-10,11,-10.647314989241977,-0.9679377262947252,-0.14866259566712942
PREFADE-S,SPX500_TRAIN,2011-11,10,-15.541948360792503,-1.5541948360792504,-0.7554923650224363
PREFADE-S,SPX500_TRAIN,2011-12,14,-44.80203265880027,-3.200145189914305,-0.9567667992078412
PREFADE-S,SPX500_TRAIN,2012-01,10,14.942563878835244,1.4942563878835244,0.6474995874258818
PREFADE-S,SPX500_TRAIN,2012-02,9,-5.444144664460509,-0.6049049627178343,-0.24097183975647857
PREFADE-S,SPX500_TRAIN,2012-03,12,-25.335908876323174,-2.111325739693598,-1.2950272285850526
PREFADE-S,SPX500_TRAIN,2012-04,13,28.011095885713075,2.1546996835163905,1.078537139190619
PREFADE-S,SPX500_TRAIN,2012-05,14,-5.636323172298944,-0.40259451230706744,-0.0316418981086105
PREFADE-S,SPX500_TRAIN,2012-06,16,32.008184114145706,2.0005115071341066,0.7060682478275456
PREFADE-S,SPX500_TRAIN,2012-07,10,-2.5254871261008702,-0.25254871261008704,0.023520786129970793
PREFADE-S,SPX500_TRAIN,2012-08,20,-4.477012396603868,-0.22385061983019341,0.021928542386581873
PREFADE-S,SPX500_TRAIN,2012-09,8,6.22597390111855,0.7782467376398188,0.18778564142487958
PREFADE-S,SPX500_TRAIN,2012-10,10,11.728146324144518,1.1728146324144517,0.6784106446789652
PREFADE-S,SPX500_TRAIN,2012-11,14,6.95643288728138,0.49688806337724145,0.28391769988770094
PREFADE-S,SPX500_TRAIN,2012-12,12,2.7821874608082453,0.23184895506735378,0.36869228105247326
PREFADE-S,SPX500_TRAIN,2013-01,15,-4.953286766280144,-0.33021911775200957,-0.20210860497041122
PREFADE-S,SPX500_TRAIN,2013-02,18,-2.7866790144394145,-0.1548155008021897,-0.1800145739617188
PREFADE-S,SPX500_TRAIN,2013-03,15,1.562278220710823,0.10415188138072154,0.32809597635905974
PREFADE-S,SPX500_TRAIN,2013-04,8,13.262372106818702,1.6577965133523378,1.1736098709300904
PREFADE-S,SPX500_TRAIN,2013-05,22,3.557669006883316,0.16171222758560527,0.31196089480078854
PREFADE-S,SPX500_TRAIN,2013-06,12,-20.156470300144065,-1.6797058583453388,-0.9269862470891977
PREFADE-S,SPX500_TRAIN,2013-07,16,1.0813402088044768,0.0675837630502798,0.4332874605568472
PREFADE-S,SPX500_TRAIN,2013-08,10,10.98303805105229,1.098303805105229,0.4964162215393865
PREFADE-S,SPX500_TRAIN,2013-09,17,5.180206144970725,0.3047180085276897,0.41132639567134266
PREFADE-S,SPX500_TRAIN,2013-10,12,14.58839125525924,1.2156992712716033,0.5252827300299346
PREFADE-S,SPX500_TRAIN,2013-11,14,18.349931734647953,1.310709409617711,0.9407084004331072
PREFADE-S,SPX500_TRAIN,2013-12,17,-4.023561009886407,-0.23668005940508277,-0.41578123209174
PREFADE-S,SPX500_TRAIN,2014-01,15,-2.8483472931006872,-0.18988981954004583,-0.06796196232188043
PREFADE-S,SPX500_TRAIN,2014-02,12,4.979316152195452,0.4149430126829543,0.2677367063010528
PREFADE-S,SPX500_TRAIN,2014-03,12,-4.215079831332105,-0.35125665261100875,-0.599296357837789
PREFADE-S,SPX500_TRAIN,2014-04,18,-2.8057327089932187,-0.15587403938851216,-0.024491561261903723
PREFADE-S,SPX500_TRAIN,2014-05,21,12.513271056619033,0.595870050315192,0.5939264780428785
PREFADE-S,SPX500_TRAIN,2014-06,14,-0.8748132018370143,-0.062486657274072446,0.2354450806452413
PREFADE-S,SPX500_TRAIN,2014-07,19,-3.1834089071730887,-0.16754783721963626,-0.4715828772423392
PREFADE-S,SPX500_TRAIN,2014-08,8,-0.5158289298817635,-0.06447861623522044,0.19490954902837673
PREFADE-S,SPX500_TRAIN,2014-09,16,20.98136471432781,1.3113352946454881,0.6380758276116661
PREFADE-S,SPX500_TRAIN,2014-10,15,26.690804291808263,1.7793869527872175,0.7787781688841765
PREFADE-S,SPX500_TRAIN,2014-11,15,8.795720588708036,0.5863813725805358,0.26443318818658335
PREFADE-S,SPX500_TRAIN,2014-12,15,-6.770650745185549,-0.45137671634570325,-0.6068732724264339
PREFADE-S,SPX500_VAL,2015-01,16,23.162739233461934,1.447671202091371,0.3727158444516307
PREFADE-S,SPX500_VAL,2015-02,13,6.128241599261855,0.47140319994321966,0.006286063398571484
PREFADE-S,SPX500_VAL,2015-03,17,-27.491678208507437,-1.6171575416769082,-1.0474193592377699
PREFADE-S,SPX500_VAL,2015-04,11,11.198108663960738,1.0180098785418854,0.26171283815995133
PREFADE-S,SPX500_VAL,2015-05,13,1.2830419205602084,0.09869553235078526,0.30536161783453963
PREFADE-S,SPX500_VAL,2015-06,12,-15.27553552550853,-1.2729612937923775,-0.7116093488934666
PREFADE-S,SPX500_VAL,2015-07,15,19.460687653878722,1.297379176925248,0.8961703491551515
PREFADE-S,SPX500_VAL,2015-08,9,-14.818401731119366,-1.646489081235485,-0.16608127655735502
PREFADE-S,SPX500_VAL,2015-09,10,45.733975712284746,4.573397571228474,0.9897616192499024
PREFADE-S,SPX500_VAL,2015-10,13,7.323741883956927,0.563364760304379,0.5211324873148256
PREFADE-S,SPX500_VAL,2015-11,13,-10.712476977631013,-0.824036690587001,-0.1896577939550945
PREFADE-S,SPX500_VAL,2015-12,16,46.52565980335635,2.9078537377097717,0.7882144135921164
PREFADE-S,SPX500_VAL,2016-01,8,56.60814115616495,7.076017644520618,1.1313397201726756
PREFADE-S,SPX500_VAL,2016-02,14,8.292714269315638,0.5923367335225456,0.18585699419379592
PREFADE-S,SPX500_VAL,2016-03,10,-10.552343473874998,-1.0552343473874999,-0.7713169716291879
PREFADE-S,SPX500_VAL,2016-04,7,-11.288965058316762,-1.6127092940452517,-0.6496608670321662
PREFADE-S,SPX500_VAL,2016-05,8,-18.322673610735137,-2.290334201341892,-0.9685725297374407
PREFADE-S,SPX500_VAL,2016-06,10,-5.4748013367111525,-0.5474801336711153,-0.22271998327211642
PREFADE-S,SPX500_VAL,2016-07,6,-20.58890676804731,-3.4314844613412183,-1.0194426875685219
PREFADE-S,SPX500_VAL,2016-08,14,1.4829166117497152,0.10592261512497966,-0.19314478760061496
PREFADE-S,SPX500_VAL,2016-09,14,-11.53453146760512,-0.8238951048289371,-0.4656118827436395
PREFADE-S,SPX500_VAL,2016-10,18,-10.501457845630739,-0.5834143247572633,-0.7173017478943535
PREFADE-S,SPX500_VAL,2016-11,12,12.953713745115692,1.0794761454263078,0.2938048766354389
PREFADE-S,SPX500_VAL,2016-12,20,6.671805454809601,0.33359027274048003,0.13361615010135613
PREFADE-S,SPX500_VAL,2017-01,13,-9.452279757929773,-0.7270984429176749,-0.4944633530424891
PREFADE-S,SPX500_VAL,2017-02,12,-5.628756643211091,-0.4690630536009242,-0.47205408593956566
PREFADE-S,SPX500_VAL,2017-03,12,6.258736057885017,0.5215613381570847,0.40636625402979626
PREFADE-S,SPX500_VAL,2017-04,13,-8.475194323971209,-0.6519380249208623,-0.2074694248847059
PREFADE-S,SPX500_VAL,2017-05,14,13.969547402254193,0.9978248144467281,0.6913287426999876
PREFADE-S,SPX500_VAL,2017-06,10,3.503531222795118,0.3503531222795118,-0.020234610491905426
PREFADE-S,SPX500_VAL,2017-07,17,-10.238175320955179,-0.6022456071150105,-0.22244422527909094
PREFADE-S,SPX500_VAL,2017-08,11,14.321937024742965,1.3019942749766331,0.9096380709311206
PREFADE-S,SPX500_VAL,2017-09,13,4.933725102217068,0.37951731555515905,0.7297951200957751
PREFADE-S,SPX500_VAL,2017-10,10,-0.8516103788733744,-0.08516103788733745,-0.11723129919301038
PREFADE-S,SPX500_VAL,2017-11,11,-11.25468305404138,-1.0231530049128528,-0.7479420818753667
PREFADE-S,SPX500_VAL,2017-12,12,10.917107977728392,0.9097589981440327,0.479785579565444
PREFADE-S,SPX500_VAL,2018-01,12,2.784134828970764,0.23201123574756366,-0.08385128215545923
PREFADE-S,SPX500_VAL,2018-02,9,-9.034850221653869,-1.00387224685043,-0.6213060888739088
PREFADE-S,SPX500_VAL,2018-03,13,-21.491972312283906,-1.6532286394064544,-0.1240971031764332
PREFADE-S,SPX500_VAL,2018-04,7,5.2893485287995645,0.7556212183999378,-0.09452921068643162
PREFADE-S,SPX500_VAL,2018-05,13,-22.440725185484098,-1.7262096296526228,-0.6453682685962125
PREFADE-S,SPX500_VAL,2018-06,3,-22.964459019375226,-7.6548196731250755,-2.5000000000000124
PREFADE-S,SPX500_VAL,2018-07,13,41.43350604414127,3.1871927726262514,1.2564302591306897
PREFADE-S,SPX500_VAL,2018-08,8,7.7245625421141995,0.9655703177642749,0.396574274876181
PREFADE-S,SPX500_VAL,2018-09,10,10.196282550780325,1.0196282550780325,0.5301350267254376
PREFADE-S,SPX500_VAL,2018-10,13,8.837083868109403,0.6797756821622618,-0.10636370613082693
PREFADE-S,SPX500_VAL,2018-11,9,-3.885682225427445,-0.4317424694919383,-0.19105125315971286
PREFADE-S,SPX500_VAL,2018-12,10,40.208502578687785,4.020850257868778,0.5848949677541192
PREFADE-S,SPX500_vault_2019_20,2019-01,10,-55.26557128696368,-5.526557128696368,-1.5654229032747762
PREFADE-S,SPX500_vault_2019_20,2019-02,8,-19.23431384585274,-2.4042892307315924,-0.4305891771534396
PREFADE-S,SPX500_vault_2019_20,2019-03,11,4.372897424503208,0.3975361295002916,0.08857782953321149
PREFADE-S,SPX500_vault_2019_20,2019-04,10,4.184367214066242,0.4184367214066242,0.20438767076301634
PREFADE-S,SPX500_vault_2019_20,2019-05,12,-60.524189179724544,-5.043682431643712,-1.042642829679953
PREFADE-S,SPX500_vault_2019_20,2019-06,6,-20.247853076446518,-3.374642179407753,-0.5138579264479887
PREFADE-S,SPX500_vault_2019_20,2019-07,13,-9.309559162461028,-0.7161199355739252,-0.06883513652299392
PREFADE-S,SPX500_vault_2019_20,2019-08,10,14.353923854238474,1.4353923854238473,0.2225748291555904
PREFADE-S,SPX500_vault_2019_20,2019-09,10,21.029502924212466,2.1029502924212466,1.08114882010118
PREFADE-S,SPX500_vault_2019_20,2019-10,10,20.07610057232705,2.007610057232705,0.9028112984268516
PREFADE-S,SPX500_vault_2019_20,2019-11,8,14.8384230280667,1.8548028785083375,0.733270690674321
PREFADE-S,SPX500_vault_2019_20,2019-12,15,-37.6650565797604,-2.511003771984027,-0.7313461878080102
PREFADE-S,SPX500_vault_2019_20,2020-01,7,19.851155135315366,2.835879305045052,0.6573208286297582
PREFADE-S,SPX500_vault_2019_20,2020-02,7,10.525892090489833,1.5036988700699763,-0.05140676190274017
PREFADE-S,SPX500_vault_2019_20,2020-03,11,83.59317117148612,7.599379197407829,0.026199264804889613
PREFADE-S,SPX500_vault_2019_20,2020-04,14,-102.1969336926204,-7.299780978044315,-0.7807489189611153
PREFADE-S,SPX500_vault_2019_20,2020-05,2,40.762999844585465,20.381499922292733,1.8886922248854456
