n,exp,exp_sg,pf,sharpe,wr,posY,nY,S,R,K,TS,W
3360,0.4043499109941768,0.07656187208832907,1.132833876096859,1.0696262241123444,0.5142857142857142,9,10,0.5,3,2.0,180,"(240, 810)"
2574,0.5493447275488207,0.1225812617659685,1.1686499176153713,1.2477976205180483,0.5275835275835276,8,10,0.5,3,2.0,180,"(450, 810)"
1924,0.4384513303128475,0.08871812094061679,1.1242336370778951,0.9064062619473722,0.514033264033264,8,10,0.5,3,2.0,180,"(570, 810)"
1476,0.24490262171560548,0.07995865251567212,1.0712172067442878,0.5198297688216676,0.5088075880758808,7,10,0.5,3,2.0,180,"(570, 690)"
3355,0.4092361350461953,0.08177166441904582,1.1290254457992441,1.052508864371846,0.5216095380029806,9,10,0.5,3,2.0,240,"(240, 810)"
2574,0.5131187116315498,0.11745719329576616,1.1511841909420197,1.133965198838968,0.5303030303030303,8,10,0.5,3,2.0,240,"(450, 810)"
1924,0.3810610360292109,0.0810390033040858,1.1026192228355174,0.7603159277328787,0.5171517671517671,8,10,0.5,3,2.0,240,"(570, 810)"
1476,0.24402597262993556,0.0794761352992777,1.0684788889174983,0.5054297889775776,0.5203252032520326,6,10,0.5,3,2.0,240,"(570, 690)"
3353,0.4192550960754323,0.08424863437518279,1.1301114835038082,1.0619478387338754,0.524903071875932,9,10,0.5,3,2.0,300,"(240, 810)"
2574,0.5305827104492303,0.12097160837323885,1.1545017756831932,1.1598825222729225,0.5322455322455323,8,10,0.5,3,2.0,300,"(450, 810)"
1924,0.40752127746792266,0.08637695147705393,1.1082635184355265,0.8031633446536,0.5207900207900208,8,10,0.5,3,2.0,300,"(570, 810)"
1476,0.24716949320369155,0.08060868437472234,1.0681083914587126,0.50571921824747,0.521680216802168,7,10,0.5,3,2.0,300,"(570, 690)"
3221,0.36407323977916667,0.08275837443730726,1.1130148800058992,0.8826539488379,0.5625582117354859,8,10,0.5,3,2.5,180,"(240, 810)"
2475,0.5227255392173039,0.13245000992763645,1.1512923089144782,1.0955743890380012,0.5757575757575758,9,10,0.5,3,2.5,180,"(450, 810)"
1854,0.388748358226683,0.093981965477477,1.1036520739769922,0.7410882475821419,0.558252427184466,7,10,0.5,3,2.5,180,"(570, 810)"
1433,0.19097573923889477,0.07835308677165227,1.0517338641653335,0.37333030679399287,0.5547801814375436,7,10,0.5,3,2.5,180,"(570, 690)"
3212,0.3663920423954035,0.0873303778164934,1.1085647345930454,0.8592328138571314,0.5762764632627646,9,10,0.5,3,2.5,240,"(240, 810)"
2475,0.5044293353116964,0.1314554188846898,1.140112005509898,1.026117489192081,0.5846464646464646,9,10,0.5,3,2.5,240,"(450, 810)"
1854,0.3504337601050333,0.09126428086427596,1.0886270739337434,0.6428671062163248,0.56957928802589,7,10,0.5,3,2.5,240,"(570, 810)"
1433,0.21344068782576311,0.08480693720078031,1.0558355364019132,0.4040793001112998,0.5736217725052338,6,10,0.5,3,2.5,240,"(570, 690)"
3210,0.36561170828555783,0.08741497265785395,1.1061157842476899,0.8434082848840575,0.5803738317757009,8,10,0.5,3,2.5,300,"(240, 810)"
2475,0.5081622259329054,0.13275684613062289,1.1388150729178068,1.0224644680139336,0.5874747474747475,9,10,0.5,3,2.5,300,"(450, 810)"
1854,0.3535759653418703,0.09285249990352286,1.0877182443502083,0.6396764972039238,0.5722761596548004,6,10,0.5,3,2.5,300,"(570, 810)"
1433,0.18615149406044212,0.08189164870135453,1.0475156194188615,0.3467251698286904,0.5736217725052338,6,10,0.5,3,2.5,300,"(570, 690)"
3139,0.35820726459429836,0.08007821144157665,1.107597215733755,0.8115804885046455,0.5950939789741956,6,10,0.5,3,3.0,180,"(240, 810)"
2418,0.5040577288107189,0.11719991614827861,1.1409210174136502,0.9925279426755607,0.6058726220016543,7,10,0.5,3,3.0,180,"(450, 810)"
1814,0.40649056649839055,0.09051430476759217,1.1054716050726514,0.7283562233079415,0.5882028665931642,6,10,0.5,3,3.0,180,"(570, 810)"
1404,0.16967468402709154,0.07260091567482244,1.0443628727050975,0.3170432484328468,0.5868945868945868,6,10,0.5,3,3.0,180,"(570, 690)"
3127,0.3928308237779416,0.09371316294655524,1.1134167144982174,0.8576444129915071,0.6152862168212344,8,10,0.5,3,3.0,240,"(240, 810)"
2418,0.5105263813869064,0.11996797416074319,1.1376634482754098,0.9751351291505014,0.6174524400330852,8,10,0.5,3,3.0,240,"(450, 810)"
1814,0.39317186975571666,0.09083073495916576,1.097267617229122,0.6777689901075266,0.6030871003307607,5,10,0.5,3,3.0,240,"(570, 810)"
1404,0.2401457454568473,0.08616450229171149,1.0613417628161823,0.4377200458268281,0.6111111111111112,6,10,0.5,3,3.0,240,"(570, 690)"
3124,0.3952617645843831,0.09665816271576316,1.1117215082614307,0.8485873478790891,0.6235595390524968,9,10,0.5,3,3.0,300,"(240, 810)"
2418,0.5127884665931435,0.12080109333328792,1.1358140713363711,0.9690277181020591,0.6224152191894128,6,10,0.5,3,3.0,300,"(450, 810)"
1814,0.382365488307508,0.09000865820728751,1.0924291201679548,0.6490507022677733,0.6080485115766262,6,10,0.5,3,3.0,300,"(570, 810)"
1404,0.21956087534183902,0.08400853634067665,1.0547229911886409,0.3933406193050804,0.613960113960114,5,10,0.5,3,3.0,300,"(570, 690)"
2541,0.4588776900122584,0.0984675351138565,1.1404951811981159,1.0771712850265645,0.5182998819362455,8,10,0.5,4,2.0,180,"(240, 810)"
1935,0.5863956896097757,0.1314936556229608,1.166899237434065,1.197108166889933,0.5276485788113695,9,10,0.5,4,2.0,180,"(450, 810)"
1439,0.48641356493261384,0.09424760220318319,1.1277452879854466,0.8997321994172921,0.5121612230715775,8,10,0.5,4,2.0,180,"(570, 810)"
1059,0.2201287413749314,0.08258170006084758,1.0584147844033478,0.4155595133588242,0.5070821529745042,6,10,0.5,4,2.0,180,"(570, 690)"
2537,0.4545559296135938,0.1017297250183747,1.1325735343770233,1.0362294416104445,0.5262120614899488,9,10,0.5,4,2.0,240,"(240, 810)"
1935,0.5187323011590476,0.11853243209350892,1.14039644928996,1.0301001923776505,0.5291989664082687,8,10,0.5,4,2.0,240,"(450, 810)"
1439,0.38087329884848964,0.07513301004852602,1.0939097137641425,0.6793974428327639,0.5135510771369006,6,10,0.5,4,2.0,240,"(570, 810)"
1059,0.20083661337282405,0.07399389915360417,1.0510097048556637,0.3692337672498888,0.5193578847969783,6,10,0.5,4,2.0,240,"(570, 690)"
2537,0.46355208002666315,0.10430161902575583,1.1329655548939104,1.039582360145508,0.5305478912100906,9,10,0.5,4,2.0,300,"(240, 810)"
1935,0.5337660881255758,0.12119466014534187,1.1426801418575634,1.0468215537332448,0.531266149870801,8,10,0.5,4,2.0,300,"(450, 810)"
1439,0.4052287883214597,0.07956353065705468,1.0984996620352498,0.7133404123024948,0.51772063933287,6,10,0.5,4,2.0,300,"(570, 810)"
1059,0.19171058862575877,0.07266213205311874,1.0476738580159835,0.3478103168787967,0.52219074598678,5,10,0.5,4,2.0,300,"(570, 690)"
2436,0.40265240404497865,0.09859809884157453,1.1164964244908133,0.8645752179899467,0.5615763546798029,8,10,0.5,4,2.5,180,"(240, 810)"
1864,0.5312032757817934,0.1296998371357311,1.1422375400836262,0.9998977330068386,0.569206008583691,8,10,0.5,4,2.5,180,"(450, 810)"
1390,0.37261450404705526,0.08523657626594978,1.0914924014235559,0.637547433838333,0.5496402877697841,6,10,0.5,4,2.5,180,"(570, 810)"
1030,0.14946291699361897,0.083830529603715,1.036948573618371,0.2618756016206252,0.5504854368932038,6,10,0.5,4,2.5,180,"(570, 690)"
2429,0.3825435684383667,0.100872923811793,1.1046050060416561,0.7899652515715806,0.5763688760806917,8,10,0.5,4,2.5,240,"(240, 810)"
1864,0.4665862990811691,0.12028281612315705,1.1185781499226781,0.8479680457238722,0.5777896995708155,7,10,0.5,4,2.5,240,"(450, 810)"
1390,0.27596593512317297,0.07150345669218724,1.063503872572307,0.45158885669787197,0.560431654676259,5,10,0.5,4,2.5,240,"(570, 810)"
1030,0.1535293254140461,0.08389493956107265,1.0364137836554246,0.25980326917057117,0.5737864077669903,6,10,0.5,4,2.5,240,"(570, 690)"
2429,0.3912539757073832,0.1036795662281088,1.104846945395884,0.792649847841776,0.5829559489501852,8,10,0.5,4,2.5,300,"(240, 810)"
1864,0.4794486379980285,0.12432685789729714,1.1199222608464539,0.8589290817616311,0.5826180257510729,7,10,0.5,4,2.5,300,"(450, 810)"
1390,0.2874399370637029,0.07612195835187413,1.0649096083613776,0.4623498062901824,0.5654676258992806,6,10,0.5,4,2.5,300,"(570, 810)"
1030,0.11045188830021377,0.08043935035324726,1.025477037977734,0.18293331183725192,0.5757281553398058,6,10,0.5,4,2.5,300,"(570, 690)"
2380,0.3521262698429455,0.07766574588309645,1.0979866499599624,0.710250163545252,0.5873949579831933,8,10,0.5,4,3.0,180,"(240, 810)"
1823,0.4878866964244135,0.10299425365000847,1.125846524165522,0.8638082725554646,0.594075699396599,7,10,0.5,4,3.0,180,"(450, 810)"
1363,0.34719769359322783,0.07280035073497337,1.0825935883163058,0.5556167227103507,0.574468085106383,7,10,0.5,4,3.0,180,"(570, 810)"
1011,0.10255908620848826,0.07033325672068058,1.0244579518642527,0.17157548551960616,0.5776458951533135,5,10,0.5,4,3.0,180,"(570, 690)"
2371,0.3894883479216732,0.09550792556168398,1.103766618658501,0.7554861245587418,0.6094474905103332,9,10,0.5,4,3.0,240,"(240, 810)"
1823,0.47732690481082024,0.10417585592300725,1.1181085980423031,0.8174074020312414,0.6061437191442677,7,10,0.5,4,3.0,240,"(450, 810)"
1363,0.30777571013229843,0.07001225355619488,1.0693689786693477,0.4721448035883816,0.5898752751283932,6,10,0.5,4,3.0,240,"(570, 810)"
1011,0.18001862325426288,0.08535956079825571,1.041854316775248,0.2930389889830263,0.6063303659742829,5,10,0.5,4,3.0,240,"(570, 690)"
2370,0.3801896166673433,0.0970207029352309,1.0987373106899587,0.7209006603193375,0.619409282700422,9,10,0.5,4,3.0,300,"(240, 810)"
1823,0.4796236105439275,0.10651657709736025,1.11645153324294,0.8082784851482006,0.6138233680746022,8,10,0.5,4,3.0,300,"(450, 810)"
1363,0.30187873976988905,0.07145793916218875,1.0665291431813748,0.4544865336661894,0.5979457079970653,7,10,0.5,4,3.0,300,"(570, 810)"
1011,0.14053522159982307,0.08116920875266043,1.0317914443777958,0.2236674270476184,0.6122650840751731,4,10,0.5,4,3.0,300,"(570, 690)"
1532,0.7070927223620043,0.11869309194807541,1.203148964270301,1.4173606279517237,0.5234986945169713,8,10,0.5,5,2.0,180,"(240, 810)"
1169,0.8519283770451557,0.1350714565507492,1.225908692370158,1.501986024550792,0.5312232677502139,8,10,0.5,5,2.0,180,"(450, 810)"
859,0.8845913148109908,0.11324705130805357,1.2181817209260455,1.4130914470027478,0.5180442374854481,7,10,0.5,5,2.0,180,"(570, 810)"
593,0.6441900974056557,0.11955631565482168,1.1649653923884118,1.0758770328586198,0.5126475548060708,7,10,0.5,5,2.0,180,"(570, 690)"
1529,0.7103007270600493,0.12140592188796487,1.1930854955899337,1.3709797381100364,0.5343361674296926,7,10,0.5,5,2.0,240,"(240, 810)"
1169,0.8023810108763153,0.12822642832379436,1.2021110428908177,1.373455883342943,0.5355004277159966,8,10,0.5,5,2.0,240,"(450, 810)"
859,0.7892789356473336,0.10061327246352753,1.1820422966570874,1.2176031304875683,0.5227008149010477,7,10,0.5,5,2.0,240,"(570, 810)"
593,0.6610168005529561,0.12269440446082087,1.1610839734255063,1.0727611177144591,0.5311973018549747,7,10,0.5,5,2.0,240,"(570, 690)"
1529,0.7391764906122673,0.12627610585358148,1.1973074048908698,1.4058709983575906,0.539568345323741,7,10,0.5,5,2.0,300,"(240, 810)"
1169,0.829546785661029,0.13344586799379166,1.2058471558906219,1.4015663115522348,0.5372112917023096,8,10,0.5,5,2.0,300,"(450, 810)"
859,0.8343475762698043,0.10943077794948337,1.1892140111937515,1.2696666883642302,0.5273573923166472,7,10,0.5,5,2.0,300,"(570, 810)"
593,0.6702873430748064,0.12499502698096931,1.1585519868338834,1.0670020774361741,0.5345699831365935,7,10,0.5,5,2.0,300,"(570, 690)"
1477,0.5933185288936491,0.10466428244943458,1.1601296787715154,1.0916616650758502,0.5626269465132024,7,10,0.5,5,2.5,180,"(240, 810)"
1131,0.745964555065343,0.12004592477677341,1.1845402125698736,1.2088754655418539,0.5676392572944297,7,10,0.5,5,2.5,180,"(450, 810)"
833,0.797251528723755,0.10644520948996462,1.1851920954156288,1.1850331192422028,0.553421368547419,7,10,0.5,5,2.5,180,"(570, 810)"
577,0.5904921052143539,0.11979305928059593,1.1417819831234217,0.9259293010282049,0.5545927209705372,7,10,0.5,5,2.5,180,"(570, 690)"
1473,0.5258354289285512,0.09681080825825954,1.1319432955567887,0.9235653539397761,0.5750169721656483,7,10,0.5,5,2.5,240,"(240, 810)"
1131,0.6342192897951223,0.10714145104791863,1.1471603456061117,0.985989473912951,0.5738284703801945,6,10,0.5,5,2.5,240,"(450, 810)"
833,0.6253755747017309,0.08643348590037288,1.133652162612245,0.8830640545518946,0.56062424969988,7,10,0.5,5,2.5,240,"(570, 810)"
577,0.49226731753023917,0.10836957798425782,1.110219714082033,0.7339268358983062,0.5736568457538995,7,10,0.5,5,2.5,240,"(570, 690)"
1473,0.5251872186024853,0.09623315446308904,1.1282909001733377,0.9042037462154959,0.5790902919212492,7,10,0.5,5,2.5,300,"(240, 810)"
1131,0.6455505824947104,0.11002088394124025,1.1468330156089976,0.9887254878908579,0.5755968169761273,6,10,0.5,5,2.5,300,"(450, 810)"
833,0.6336263113339108,0.08961919716579488,1.1322118002580235,0.8791060597820133,0.5618247298919568,6,10,0.5,5,2.5,300,"(570, 810)"
577,0.4261852995552211,0.0992372907548104,1.091652732856083,0.6187659038438699,0.5701906412478336,7,10,0.5,5,2.5,300,"(570, 690)"
1447,0.5722925066253236,0.0862548126413234,1.1494248730784198,1.0010033960930689,0.585348997926745,8,10,0.5,5,3.0,180,"(240, 810)"
1111,0.7128517272650847,0.09692658355239911,1.1709356333527237,1.1067339145232216,0.5904590459045904,7,10,0.5,5,3.0,180,"(450, 810)"
821,0.8212544830707671,0.10697574567321379,1.1869222598440994,1.1695388043888821,0.5773447015834349,7,10,0.5,5,3.0,180,"(570, 810)"
572,0.6194443240169938,0.13414670054218275,1.1460651501575838,0.9359383660033135,0.5821678321678322,7,10,0.5,5,3.0,180,"(570, 690)"
1441,0.547277173086207,0.09255343284048319,1.133836625201754,0.9131373704290917,0.6051353226925746,6,10,0.5,5,3.0,240,"(240, 810)"
1111,0.6410313071605318,0.09275122577098194,1.144938662411882,0.9569531958947567,0.5985598559855986,7,10,0.5,5,3.0,240,"(450, 810)"
821,0.693458680279164,0.09664022572028384,1.1461336655235395,0.9406692412654365,0.587088915956151,6,10,0.5,5,3.0,240,"(570, 810)"
572,0.6337089124531331,0.14594375223707087,1.142586402703201,0.9245786638658047,0.6048951048951049,7,10,0.5,5,3.0,240,"(570, 690)"
1440,0.466058151964717,0.07871072693138753,1.10909390500427,0.7561798058245653,0.6111111111111112,6,10,0.5,5,3.0,300,"(240, 810)"
1111,0.5996016889408697,0.08883721134932172,1.131507018678683,0.8764586720996957,0.6048604860486049,7,10,0.5,5,3.0,300,"(450, 810)"
821,0.6188629094927838,0.08812645205977415,1.1254986004056051,0.8183791460788149,0.5931790499390986,6,10,0.5,5,3.0,300,"(570, 810)"
572,0.46764341631914985,0.12094684550955301,1.0990670981431345,0.6571060154524733,0.6083916083916084,7,10,0.5,5,3.0,300,"(570, 690)"
3915,0.48918258337538356,0.092474062562145,1.1646310477732602,1.335839912552003,0.5195402298850574,9,10,0.75,3,2.0,180,"(240, 810)"
2982,0.6182727290620649,0.12940010383789297,1.1928226059315847,1.4406073899742324,0.5308517773306506,9,10,0.75,3,2.0,180,"(450, 810)"
2271,0.5482275766675082,0.10221470225679075,1.158641798304654,1.1404707544161745,0.5195948921180097,9,10,0.75,3,2.0,180,"(570, 810)"
1743,0.3060734512768633,0.08800805813310454,1.0902124426112363,0.6632139792608963,0.5129087779690189,7,10,0.75,3,2.0,180,"(570, 690)"
3909,0.48466480383305993,0.0951287710342009,1.1564015165730017,1.283895976213273,0.5254540803274494,9,10,0.75,3,2.0,240,"(240, 810)"
2981,0.5762695105161189,0.12388549242923601,1.1725290955177186,1.3060272630050695,0.5320362294532036,9,10,0.75,3,2.0,240,"(450, 810)"
2270,0.4835778846549437,0.09391864010848334,1.1330565173581528,0.9724789325893016,0.520704845814978,8,10,0.75,3,2.0,240,"(570, 810)"
1743,0.27752846122915026,0.08282560279084776,1.0787291667794034,0.5864239555028822,0.5186460126219162,7,10,0.75,3,2.0,240,"(570, 690)"
3907,0.49493652802533916,0.09736235164493526,1.1570853149413383,1.2926506025524749,0.5287944714614794,9,10,0.75,3,2.0,300,"(240, 810)"
2981,0.5902414840023865,0.12635545590682182,1.1741623563717893,1.3220050976884965,0.5337135189533714,9,10,0.75,3,2.0,300,"(450, 810)"
2270,0.5073257368725365,0.09820527623740596,1.13736177693186,1.0063671827519551,0.5237885462555066,8,10,0.75,3,2.0,300,"(570, 810)"
1743,0.2896318321906361,0.08614297567892724,1.0807181691992847,0.6043120344574255,0.5220883534136547,6,10,0.75,3,2.0,300,"(570, 690)"
3756,0.4774041405854755,0.10451159613415614,1.152313276592316,1.2009754855549077,0.5692225772097976,9,10,0.75,3,2.5,180,"(240, 810)"
2867,0.6369979726843122,0.14847618654505146,1.1884788866445535,1.3714308241694269,0.5814440181374259,10,10,0.75,3,2.5,180,"(450, 810)"
2190,0.5473106779197104,0.11440327852121743,1.1499696747066739,1.054537572468851,0.5657534246575342,9,10,0.75,3,2.5,180,"(570, 810)"
1692,0.2726823637246144,0.09118083386487486,1.0752056824756164,0.5414617495567443,0.5602836879432624,7,10,0.75,3,2.5,180,"(570, 690)"
3746,0.451473388064629,0.10295200634600066,1.1366521040271051,1.0963500193384246,0.5795515216230646,9,10,0.75,3,2.5,240,"(240, 810)"
2866,0.595834998142462,0.14464698313302363,1.1685670691371561,1.2421180564338123,0.5872295882763433,10,10,0.75,3,2.5,240,"(450, 810)"
2189,0.4796473921349376,0.10784042182685337,1.124169966293787,0.8867661809299288,0.5728643216080402,8,10,0.75,3,2.5,240,"(570, 810)"
1692,0.2632762107247423,0.0917493621588841,1.0697451787502186,0.5060592969623747,0.5721040189125296,7,10,0.75,3,2.5,240,"(570, 690)"
3744,0.4643124055268601,0.10459583780652103,1.1380378123259731,1.1119279211398563,0.5844017094017094,9,10,0.75,3,2.5,300,"(240, 810)"
2866,0.6155316250514377,0.1477988182414727,1.171555560636806,1.2698069922429356,0.5907187718073971,9,10,0.75,3,2.5,300,"(450, 810)"
2189,0.5067544167775726,0.11236316284854789,1.1290681255582884,0.9241581279124637,0.5765189584285062,8,10,0.75,3,2.5,300,"(570, 810)"
1692,0.27773599855470515,0.09569481851922253,1.072266445064741,0.5259975130722087,0.5762411347517731,5,10,0.75,3,2.5,300,"(570, 690)"
3664,0.49230852297613026,0.11052467918771292,1.153226154173563,1.1627472866912218,0.6020742358078602,10,10,0.75,3,3.0,180,"(240, 810)"
2801,0.6251579401426882,0.1375536043093761,1.1794260851926606,1.2680532527892543,0.6108532666904677,9,10,0.75,3,3.0,180,"(450, 810)"
2145,0.5599098662819183,0.11310758161031771,1.1495688947033291,1.017089472053903,0.5948717948717949,8,10,0.75,3,3.0,180,"(570, 810)"
1658,0.24649057101578187,0.08658220160002707,1.0657019808468444,0.46599521753385487,0.5922798552472859,6,10,0.75,3,3.0,180,"(570, 690)"
3651,0.4882307343622682,0.11547622333161092,1.144738906177839,1.1063489301153864,0.6184606956998083,9,10,0.75,3,3.0,240,"(240, 810)"
2800,0.5879322439773084,0.1331763833555866,1.161320093327976,1.1512259697979093,0.6185714285714285,8,10,0.75,3,3.0,240,"(450, 810)"
2144,0.49069414092867386,0.10416151184566287,1.123734836598492,0.852164311497875,0.6044776119402985,6,10,0.75,3,3.0,240,"(570, 810)"
1658,0.25188102301963977,0.08822735528313107,1.0647667878895926,0.4621235630265689,0.6073582629674307,6,10,0.75,3,3.0,240,"(570, 690)"
3648,0.5033483911577893,0.11970113404191025,1.1464380361057078,1.1229664977906695,0.6274671052631579,9,10,0.75,3,3.0,300,"(240, 810)"
2800,0.6033482780788397,0.13546802124371013,1.1627634503999358,1.1688310732889484,0.6242857142857143,8,10,0.75,3,3.0,300,"(450, 810)"
2144,0.5020711920054257,0.10605258074035533,1.1240106431949732,0.8592304353688986,0.6105410447761194,6,10,0.75,3,3.0,300,"(570, 810)"
1658,0.2700114960661081,0.09269513962784406,1.0681512473953205,0.488109602029958,0.6145958986731002,5,10,0.75,3,3.0,300,"(570, 690)"
2925,0.5777966299120603,0.11046481046581083,1.180843978120047,1.365831099049245,0.5223931623931624,9,10,0.75,4,2.0,180,"(240, 810)"
2223,0.6904013217038609,0.13723099531068014,1.199583314801213,1.4170714322832203,0.5299145299145299,9,10,0.75,4,2.0,180,"(450, 810)"
1684,0.611823543378335,0.1004624406640595,1.1637426774721293,1.1259958185615464,0.5148456057007126,9,10,0.75,4,2.0,180,"(570, 810)"
1236,0.2546931995565586,0.07630225177388014,1.068270414952416,0.4888089798526374,0.5064724919093851,5,10,0.75,4,2.0,180,"(570, 690)"
2920,0.5748282116344681,0.11376139933902002,1.1715553127479497,1.313980893085547,0.5294520547945205,9,10,0.75,4,2.0,240,"(240, 810)"
2222,0.6298619806557544,0.12678312150540702,1.1734176668955696,1.2548065885206705,0.5310531053105311,9,10,0.75,4,2.0,240,"(450, 810)"
1683,0.5168498179890813,0.08474145212780804,1.1301542473761688,0.9163017659839119,0.5157456922162804,7,10,0.75,4,2.0,240,"(570, 810)"
1236,0.22669742665279796,0.0673621450788828,1.0582206210879455,0.42333779215292455,0.5145631067961165,5,10,0.75,4,2.0,240,"(570, 690)"
2920,0.5817706888450216,0.11531278167524607,1.170490701196523,1.3100925860365973,0.5339041095890411,9,10,0.75,4,2.0,300,"(240, 810)"
2222,0.6402925202691236,0.12793135353111645,1.1735293353501757,1.2581037880319303,0.5333033303330333,9,10,0.75,4,2.0,300,"(450, 810)"
1683,0.5379037874437921,0.08766425334414633,1.1331359947782622,0.9398048145119933,0.5199049316696376,6,10,0.75,4,2.0,300,"(570, 810)"
1236,0.22037059837341574,0.06722401490067563,1.0553541820056371,0.40538838946075745,0.5194174757281553,5,10,0.75,4,2.0,300,"(570, 690)"
2805,0.5680856522930497,0.12091409111262728,1.1689133388653867,1.233785582965469,0.5686274509803921,9,10,0.75,4,2.5,180,"(240, 810)"
2139,0.6904569340091358,0.1453425671614042,1.1889754123623277,1.3067490340745804,0.5745675549322113,9,10,0.75,4,2.5,180,"(450, 810)"
1626,0.5619582315130875,0.10056406874221611,1.1415057560533988,0.9581295693975781,0.5553505535055351,7,10,0.75,4,2.5,180,"(570, 810)"
1202,0.20683511402998028,0.0810509543601661,1.0518706115227459,0.3662187731030527,0.5515806988352745,6,10,0.75,4,2.5,180,"(570, 690)"
2797,0.5270593219805493,0.1181448028715986,1.1474877085657968,1.0998527933335478,0.5806220951018949,9,10,0.75,4,2.5,240,"(240, 810)"
2138,0.6153735117418541,0.13434124713050927,1.1595145647169927,1.1240691254754476,0.5809167446211413,8,10,0.75,4,2.5,240,"(450, 810)"
1625,0.4518952642859019,0.08463677105603154,1.1064152773030667,0.7360077006882523,0.563076923076923,7,10,0.75,4,2.5,240,"(570, 810)"
1202,0.1826358388347112,0.07604295435196538,1.0437514569778312,0.3120032415216723,0.5682196339434277,6,10,0.75,4,2.5,240,"(570, 690)"
2797,0.5504413154770755,0.12200317066549093,1.1514256317010947,1.1305720344216954,0.5877726135144798,8,10,0.75,4,2.5,300,"(240, 810)"
2138,0.647747996570464,0.1400604968260259,1.1656671449855647,1.1671997796921907,0.5865294667913938,8,10,0.75,4,2.5,300,"(450, 810)"
1625,0.49342764060582717,0.09217706293269447,1.1144971140410194,0.7912206405634228,0.5692307692307692,7,10,0.75,4,2.5,300,"(570, 810)"
1202,0.18698794851496425,0.07955174726312955,1.0438978738549665,0.3133517061693178,0.5740432612312812,6,10,0.75,4,2.5,300,"(570, 690)"
2746,0.5558335883507587,0.11492842153233007,1.1605704060870465,1.1391559101984157,0.596504005826657,9,10,0.75,4,3.0,180,"(240, 810)"
2096,0.6697476021956105,0.12934250411836692,1.1775970613435591,1.1968411717227387,0.6006679389312977,8,10,0.75,4,3.0,180,"(450, 810)"
1599,0.5558409032216975,0.09563959844104672,1.1361873430223104,0.8922056940819107,0.5809881175734835,8,10,0.75,4,3.0,180,"(570, 810)"
1182,0.1945787877812455,0.07671956150163625,1.0473580019529438,0.32891153259740197,0.5803722504230119,6,10,0.75,4,3.0,180,"(570, 690)"
2736,0.5601106096624008,0.12399697156177496,1.1537557994673506,1.1000673556069394,0.6151315789473685,9,10,0.75,4,3.0,240,"(240, 810)"
2095,0.6226842785510631,0.12309521408955174,1.1571567652577712,1.0728404598755117,0.6090692124105012,8,10,0.75,4,3.0,240,"(450, 810)"
1598,0.46980008151959074,0.0832137149054507,1.1081037636056565,0.7196441725072179,0.5913642052565707,6,10,0.75,4,3.0,240,"(570, 810)"
1182,0.20736160168997544,0.07953513792251032,1.0486417899299108,0.3390767288163265,0.5998307952622673,7,10,0.75,4,3.0,240,"(570, 690)"
2735,0.5650438232720374,0.12618371604540432,1.1516047403258398,1.087708297067536,0.6259597806215722,8,10,0.75,4,3.0,300,"(240, 810)"
2095,0.6404520209201725,0.12658655468901486,1.1588319947752534,1.086381292502181,0.6176610978520286,8,10,0.75,4,3.0,300,"(450, 810)"
1598,0.48938641137432515,0.08706933965300659,1.1104315530511188,0.7371162938853923,0.6007509386733417,7,10,0.75,4,3.0,300,"(570, 810)"
1182,0.20954867033303828,0.08203906987303092,1.0481265601057594,0.33611727901033145,0.6099830795262268,6,10,0.75,4,3.0,300,"(570, 690)"
1734,0.8445921554107392,0.13398171936814243,1.2469870401061771,1.6963649489444486,0.5282583621683967,8,10,0.75,5,2.0,180,"(240, 810)"
1328,0.9813416010503798,0.14444700095640392,1.264677408859559,1.738012151568305,0.5338855421686747,9,10,0.75,5,2.0,180,"(450, 810)"
991,1.0308753381454643,0.11965375126604556,1.2591127905462143,1.6482381204688485,0.520686175580222,8,10,0.75,5,2.0,180,"(570, 810)"
683,0.6930192682885999,0.11278502973021856,1.1784934221699497,1.1653827647546877,0.5124450951683748,7,10,0.75,5,2.0,180,"(570, 690)"
1730,0.8421443286019877,0.13816088064643406,1.233578347222825,1.6261460925647697,0.5369942196531792,8,10,0.75,5,2.0,240,"(240, 810)"
1327,0.9258639073771127,0.139704773012339,1.23756849171121,1.5924040350628899,0.5357950263752826,9,10,0.75,5,2.0,240,"(450, 810)"
990,0.9280250064105778,0.10960440102656309,1.2185423258147725,1.4325734851613898,0.5222222222222223,8,10,0.75,5,2.0,240,"(570, 810)"
683,0.6858656204301077,0.11537900520609252,1.168686937852742,1.122533486911179,0.5241581259150805,7,10,0.75,5,2.0,240,"(570, 690)"
1730,0.8663594344849744,0.1422180717946501,1.2356388081207266,1.6509660499047942,0.5421965317919075,8,10,0.75,5,2.0,300,"(240, 810)"
1327,0.9460111287888467,0.14363783965243018,1.2383693384342054,1.6043654839163255,0.5380557648831952,8,10,0.75,5,2.0,300,"(450, 810)"
990,0.9684215057891062,0.11751903403687139,1.223698210687733,1.4720965912639905,0.5272727272727272,8,10,0.75,5,2.0,300,"(570, 810)"
683,0.67900298358209,0.1156266231430699,1.1618145198644543,1.0883566250689953,0.5300146412884333,7,10,0.75,5,2.0,300,"(570, 690)"
1669,0.8198458648689323,0.13723396642472174,1.2276440064493976,1.5165767593957398,0.5715997603355303,7,10,0.75,5,2.5,180,"(240, 810)"
1281,0.9847125343764076,0.1492061624225707,1.2509782228175264,1.6022858792627597,0.5761124121779859,7,10,0.75,5,2.5,180,"(450, 810)"
959,1.0565923964125281,0.1299339048353648,1.252827888554635,1.5707368106655635,0.5610010427528676,7,10,0.75,5,2.5,180,"(570, 810)"
663,0.7008698767194461,0.126308543547254,1.1705412245603803,1.0969594094847768,0.5580693815987934,7,10,0.75,5,2.5,180,"(570, 690)"
1664,0.7381427721263223,0.1282490666157482,1.1903174348851606,1.3025174611372357,0.5811298076923077,7,10,0.75,5,2.5,240,"(240, 810)"
1280,0.8546286879231719,0.13455552431562076,1.2039419109577918,1.3351062192995962,0.578125,6,10,0.75,5,2.5,240,"(450, 810)"
958,0.8608468658511166,0.10735828482204142,1.1891864408554202,1.216179969316003,0.5626304801670147,6,10,0.75,5,2.5,240,"(570, 810)"
663,0.5811044155454307,0.11226368524822793,1.1320322634851714,0.8682079148786533,0.5686274509803921,7,10,0.75,5,2.5,240,"(570, 690)"
1664,0.7584593676166625,0.1302237723084811,1.1911487755220629,1.3176320071938397,0.5865384615384616,7,10,0.75,5,2.5,300,"(240, 810)"
1280,0.8898113432684568,0.13995615186970467,1.2087589819586366,1.3719497164694774,0.58203125,6,10,0.75,5,2.5,300,"(450, 810)"
958,0.9082278370550168,0.11513851150426707,1.1959160954645516,1.2622955406599334,0.5668058455114823,6,10,0.75,5,2.5,300,"(570, 810)"
663,0.5588548373667198,0.10862094174319964,1.1230055233310392,0.8152101309618943,0.5716440422322775,7,10,0.75,5,2.5,300,"(570, 690)"
1635,0.8339432064957328,0.13266389686624722,1.226215244755266,1.4723279896926706,0.5963302752293578,7,10,0.75,5,3.0,180,"(240, 810)"
1258,0.9761872075748043,0.13663235664767998,1.2424170311833995,1.5274884678325333,0.6009538950715422,8,10,0.75,5,3.0,180,"(450, 810)"
946,1.1031878953885959,0.1379665015451926,1.259894335895618,1.5783787538081828,0.5866807610993657,7,10,0.75,5,3.0,180,"(570, 810)"
658,0.7544230425679332,0.1472436699505796,1.181018424039943,1.1394184133334777,0.5881458966565349,6,10,0.75,5,3.0,180,"(570, 690)"
1628,0.7718598233002769,0.13152656533736293,1.194749209654747,1.2908302116191686,0.6124078624078624,6,10,0.75,5,3.0,240,"(240, 810)"
1257,0.8598843975631931,0.12644894929473824,1.1998641094553546,1.288356658145045,0.6046141607000796,8,10,0.75,5,3.0,240,"(450, 810)"
945,0.9174804891954433,0.11952586952462464,1.1983850850790607,1.2439453917462144,0.5904761904761905,6,10,0.75,5,3.0,240,"(570, 810)"
658,0.7101589615722802,0.15074519169977063,1.1615422951741248,1.0321313098525282,0.601823708206687,7,10,0.75,5,3.0,240,"(570, 690)"
1627,0.7248293219932821,0.12251860678570971,1.1761062602878372,1.1841017636643594,0.620159803318992,7,10,0.75,5,3.0,300,"(240, 810)"
1257,0.8492144561053426,0.12633240927111822,1.1922207907508457,1.2479602433077164,0.6125696101829753,7,10,0.75,5,3.0,300,"(450, 810)"
945,0.8938540993688912,0.11778593941678411,1.1872897556488518,1.1838681633587556,0.5989417989417989,6,10,0.75,5,3.0,300,"(570, 810)"
658,0.6084766426327625,0.13563599992416395,1.1319617539115718,0.8552877428661898,0.6109422492401215,6,10,0.75,5,3.0,300,"(570, 690)"
4185,0.4675576129033531,0.09137359498825397,1.1594004288077617,1.32712291630858,0.5206690561529271,9,10,1.0,3,2.0,180,"(240, 810)"
3198,0.5885594915271923,0.12833280433423938,1.1857716791856272,1.4220271758502863,0.5322076297686054,9,10,1.0,3,2.0,180,"(450, 810)"
2453,0.5165808272707682,0.10422662077650287,1.1510955576601263,1.1043753476106764,0.5214023644516919,9,10,1.0,3,2.0,180,"(570, 810)"
1891,0.28884761760055144,0.093772162080064,1.085863215930698,0.6353901381731727,0.5171866737176097,8,10,1.0,3,2.0,180,"(570, 690)"
4178,0.47046448879513403,0.09524265593239253,1.1539070143541361,1.294398326139384,0.5270464337003351,10,10,1.0,3,2.0,240,"(240, 810)"
3197,0.5573845307543335,0.12484822689123007,1.1690062397993628,1.3084688610692887,0.5342508601814201,9,10,1.0,3,2.0,240,"(450, 810)"
2452,0.4689007744625513,0.09902695912917688,1.1306406606113366,0.968451003300155,0.5236541598694943,9,10,1.0,3,2.0,240,"(570, 810)"
1891,0.25550710067706545,0.08741414086543411,1.0730429104252792,0.5480378804617848,0.5219460602855632,7,10,1.0,3,2.0,240,"(570, 690)"
4176,0.47986082091285054,0.09726754711073592,1.154436781773457,1.3026214770435265,0.5294540229885057,9,10,1.0,3,2.0,300,"(240, 810)"
3197,0.5700170956892691,0.12700340655280798,1.170352124894524,1.322953714810043,0.534876446668752,9,10,1.0,3,2.0,300,"(450, 810)"
2452,0.48780105246759237,0.10233618313139568,1.1336561955267799,0.9944763558349842,0.5252854812398042,9,10,1.0,3,2.0,300,"(570, 810)"
1891,0.2579229713643632,0.08922095229384629,1.072347217048376,0.5470161341750699,0.5240613432046536,7,10,1.0,3,2.0,300,"(570, 690)"
4014,0.4570279577430308,0.10137090779704107,1.1479651450448884,1.1921737287123497,0.5697558545092177,10,10,1.0,3,2.5,180,"(240, 810)"
3071,0.6140435069600904,0.14734215681060286,1.1843939908775363,1.3679040750551714,0.5828720286551612,10,10,1.0,3,2.5,180,"(450, 810)"
2363,0.5332316804568967,0.1223443511587202,1.1484134267866428,1.0558579819972433,0.5691917054591621,9,10,1.0,3,2.5,180,"(570, 810)"
1835,0.29577808096950375,0.10576855416521459,1.0829031389171475,0.5959231841283963,0.5667574931880109,7,10,1.0,3,2.5,180,"(570, 690)"
4003,0.4473616542621631,0.10345998811008052,1.137863864445532,1.1259685038724125,0.5810642018486135,10,10,1.0,3,2.5,240,"(240, 810)"
3070,0.5910469131146656,0.14633384064253183,1.170086645480752,1.2741544186208955,0.5895765472312704,10,10,1.0,3,2.5,240,"(450, 810)"
2362,0.4924050440542222,0.11993219921832572,1.12995554831033,0.9352389326975099,0.5774767146486028,7,10,1.0,3,2.5,240,"(570, 810)"
1835,0.2914652909010465,0.10570367048560944,1.0785345447327035,0.5686509654822987,0.5776566757493188,7,10,1.0,3,2.5,240,"(570, 690)"
4001,0.4545556616921987,0.10390119145714266,1.13746878403747,1.1285120978023044,0.5848537865533616,9,10,1.0,3,2.5,300,"(240, 810)"
3070,0.6037164951897108,0.14817125965985598,1.170950666410406,1.2878277918514842,0.5918566775244299,10,10,1.0,3,2.5,300,"(450, 810)"
2362,0.5074272122134063,0.12220332624976701,1.131479053655323,0.9508765394670808,0.5795935647756139,8,10,1.0,3,2.5,300,"(570, 810)"
1835,0.28934596951552144,0.10695341857891827,1.076345320401252,0.5566687564868231,0.5803814713896458,7,10,1.0,3,2.5,300,"(570, 690)"
3915,0.4524814080475748,0.10346671465174519,1.1420275835317726,1.1060238548083001,0.6020434227330779,10,10,1.0,3,3.0,180,"(240, 810)"
3001,0.5866781414488494,0.13508014486642475,1.1700543659029101,1.2300489756452035,0.6124625124958347,10,10,1.0,3,3.0,180,"(450, 810)"
2316,0.5252373973729705,0.11711788337898715,1.1417651037782421,0.9786388702609222,0.5980138169257341,9,10,1.0,3,3.0,180,"(570, 810)"
1797,0.2592151878060041,0.09891631077928918,1.0699268751484683,0.49589013986891406,0.5987757373400111,6,10,1.0,3,3.0,180,"(570, 690)"
3901,0.4608880091200413,0.11066712869313781,1.1380840778231438,1.081935004486674,0.6190720328120994,10,10,1.0,3,3.0,240,"(240, 810)"
3000,0.5625088037131555,0.13241370517741125,1.1560658676214846,1.1387304823674098,0.621,9,10,1.0,3,3.0,240,"(450, 810)"
2315,0.4766971071908582,0.11101142928172891,1.1217597480688468,0.8497329926052063,0.6086393088552916,7,10,1.0,3,3.0,240,"(570, 810)"
1797,0.2638415513674327,0.09849227397636225,1.0686426921982837,0.49025245376429005,0.6126878130217028,6,10,1.0,3,3.0,240,"(570, 690)"
3898,0.4680055290197426,0.11320971514922622,1.1374226055041474,1.0821801627870966,0.6267316572601334,10,10,1.0,3,3.0,300,"(240, 810)"
3000,0.5669900529192233,0.13254572175902893,1.1543416273346034,1.1354540857089908,0.6253333333333333,9,10,1.0,3,3.0,300,"(450, 810)"
2315,0.4716738888938699,0.10966815513820095,1.117656082534177,0.8283562313232895,0.6129589632829374,7,10,1.0,3,3.0,300,"(570, 810)"
1797,0.25607259001237426,0.09835719720667972,1.0650656469994966,0.46878881060183675,0.6182526432943796,4,10,1.0,3,3.0,300,"(570, 690)"
3102,0.5529425282198319,0.11275990203601642,1.1743759242778165,1.3444520455402182,0.5245003223726628,9,10,1.0,4,2.0,180,"(240, 810)"
2364,0.6583266078670262,0.13910671378727654,1.1915208678997713,1.3853922834677932,0.5321489001692047,9,10,1.0,4,2.0,180,"(450, 810)"
1809,0.5710537960894856,0.0995077810311738,1.153869438948359,1.0738134155457504,0.5163073521282476,8,10,1.0,4,2.0,180,"(570, 810)"
1333,0.22579633916310027,0.07806510755622545,1.0606991784674593,0.4376701358860085,0.5101275318829708,6,10,1.0,4,2.0,180,"(570, 690)"
3096,0.5555914200947806,0.1168521258063572,1.1670218483862247,1.3049398489163635,0.5322997416020672,9,10,1.0,4,2.0,240,"(240, 810)"
2363,0.6070918278559894,0.13037508909383172,1.1681691171596393,1.2380432158157175,0.5344900550148117,8,10,1.0,4,2.0,240,"(450, 810)"
1808,0.4924593026045555,0.08673214017695452,1.124974447112725,0.8911488651191548,0.5188053097345132,8,10,1.0,4,2.0,240,"(570, 810)"
1333,0.18409489285123434,0.06632693533766316,1.047305159098821,0.3469743882400237,0.5168792198049512,6,10,1.0,4,2.0,240,"(570, 690)"
3096,0.5658917738897532,0.11910002049827635,1.1672692503321942,1.311084051798637,0.5358527131782945,9,10,1.0,4,2.0,300,"(240, 810)"
2363,0.6218165510533342,0.13248292536362768,1.1697842388274389,1.2519860222720347,0.535759627592044,8,10,1.0,4,2.0,300,"(450, 810)"
1808,0.514998955528614,0.09016406771064026,1.1285617824204448,0.9197058643454697,0.521570796460177,8,10,1.0,4,2.0,300,"(570, 810)"
1333,0.17549345315917744,0.06660155488752148,1.0441405192557724,0.32654551349231353,0.5206301575393848,4,10,1.0,4,2.0,300,"(570, 690)"
2976,0.547324252473316,0.1251868680018105,1.1644513988619227,1.220354215051986,0.5709005376344086,9,10,1.0,4,2.5,180,"(240, 810)"
2275,0.6707662687479353,0.154295251648279,1.1856165922731245,1.299407738982088,0.5784615384615385,9,10,1.0,4,2.5,180,"(450, 810)"
1745,0.5427123386781656,0.11035042431593897,1.1383515091737921,0.9438663480578371,0.5593123209169054,7,10,1.0,4,2.5,180,"(570, 810)"
1297,0.22057099909714237,0.09453524043654024,1.0558672988820226,0.393043655623293,0.5582112567463376,5,10,1.0,4,2.5,180,"(570, 690)"
2967,0.5229935049331721,0.12526225014439155,1.1482044766321025,1.1201378945361895,0.5837546343107516,9,10,1.0,4,2.5,240,"(240, 810)"
2274,0.6154699609858345,0.14614601698055224,1.161568429494713,1.149600550156772,0.5861917326297273,9,10,1.0,4,2.5,240,"(450, 810)"
1744,0.462570524449198,0.09881887987681348,1.1106212564236728,0.7684326685964983,0.5688073394495413,7,10,1.0,4,2.5,240,"(570, 810)"
1297,0.19838245595136772,0.08782156220029379,1.0479940672564805,0.3413437112485642,0.5736314572089437,6,10,1.0,4,2.5,240,"(570, 690)"
2967,0.5434684316525388,0.12849848727245733,1.1513983118827893,1.1464385644201809,0.5898213683855746,8,10,1.0,4,2.5,300,"(240, 810)"
2274,0.6447968030099445,0.15152762212760804,1.1669962828423568,1.188674596742989,0.590589270008795,8,10,1.0,4,2.5,300,"(450, 810)"
1744,0.4962073947009965,0.10519467892748581,1.11682366130147,0.8121539135062273,0.573394495412844,6,10,1.0,4,2.5,300,"(570, 810)"
1297,0.1921402246752857,0.09031766240212011,1.0454966578445741,0.32476250614435825,0.5782575173477256,5,10,1.0,4,2.5,300,"(570, 690)"
2913,0.5035572794947913,0.11070094334422853,1.1457759823729161,1.0572189898176836,0.5969790593889461,9,10,1.0,4,3.0,180,"(240, 810)"
2231,0.6185630715586143,0.1303127359855231,1.164635408962035,1.1299245627236254,0.6028686687584043,9,10,1.0,4,3.0,180,"(450, 810)"
1717,0.4973148011228539,0.09522781181013423,1.12231143310143,0.8124006718293657,0.5829935934769948,8,10,1.0,4,3.0,180,"(570, 810)"
1275,0.1750621734545995,0.08096443211918951,1.0426984695250308,0.29672933680033836,0.5850980392156863,6,10,1.0,4,3.0,180,"(570, 690)"
2902,0.5184037850138024,0.1209739982563049,1.142782341019815,1.0433009216836862,0.6161268090971743,8,10,1.0,4,3.0,240,"(240, 810)"
2230,0.5865870420377869,0.1259159748340826,1.148770440227056,1.0325515144085862,0.6125560538116592,9,10,1.0,4,3.0,240,"(450, 810)"
1716,0.43559600307649776,0.08602379101162634,1.1008833244301608,0.6794803615207785,0.594988344988345,8,10,1.0,4,3.0,240,"(570, 810)"
1275,0.1836624697820136,0.08037122205629978,1.043139806903464,0.3016159243354958,0.6031372549019608,5,10,1.0,4,3.0,240,"(570, 690)"
2901,0.5180247944217309,0.12214138505329436,1.1393871134748936,1.0228603036997794,0.6256463288521199,9,10,1.0,4,3.0,300,"(240, 810)"
2230,0.5958584678392181,0.12788534846524727,1.1483029692822537,1.0330935905524128,0.6197309417040359,9,10,1.0,4,3.0,300,"(450, 810)"
1716,0.44052072008219306,0.08724467561396974,1.0998190718908971,0.6758425208180696,0.6025641025641025,7,10,1.0,4,3.0,300,"(570, 810)"
1275,0.16227970461339195,0.07930044970256445,1.0371717174895871,0.26151380799284396,0.611764705882353,5,10,1.0,4,3.0,300,"(570, 690)"
1814,0.7985342577570874,0.13023238313396268,1.2338575562278087,1.6318527084564654,0.5281146637265711,9,10,1.0,5,2.0,180,"(240, 810)"
1393,0.9219920179079157,0.13864868400211275,1.2488038739180964,1.6621843226296906,0.5326633165829145,9,10,1.0,5,2.0,180,"(450, 810)"
1052,0.9557427373145093,0.11420666485973625,1.2410794484341798,1.5589027056686866,0.5190114068441065,8,10,1.0,5,2.0,180,"(570, 810)"
724,0.6343067166017258,0.10560932971170138,1.1627140496656918,1.0733552372937492,0.5124309392265194,8,10,1.0,5,2.0,180,"(570, 690)"
1810,0.7972746525193247,0.13428576760063549,1.2211015220934753,1.5649766889809886,0.538121546961326,9,10,1.0,5,2.0,240,"(240, 810)"
1392,0.8687835730931442,0.13371427507208203,1.2224205274133786,1.5185073556804054,0.5366379310344828,8,10,1.0,5,2.0,240,"(450, 810)"
1051,0.8625126068549829,0.10493576354681249,1.2034837716831008,1.3567332116113893,0.5233111322549953,8,10,1.0,5,2.0,240,"(570, 810)"
724,0.6023243978943481,0.10319492221794173,1.146773680148793,0.9903888837125886,0.5234806629834254,8,10,1.0,5,2.0,240,"(570, 690)"
1810,0.8256878126722182,0.13928031278041003,1.2249296754554266,1.602256727386119,0.5425414364640884,9,10,1.0,5,2.0,300,"(240, 810)"
1392,0.894840361536062,0.13891568708384872,1.2253977031561512,1.5446724147135893,0.5380747126436781,8,10,1.0,5,2.0,300,"(450, 810)"
1051,0.9036431692564227,0.11322603734185384,1.209310949538606,1.4021071797611957,0.527117031398668,8,10,1.0,5,2.0,300,"(570, 810)"
724,0.5929112549128001,0.10441587822723815,1.1401361652931146,0.957792559509367,0.5290055248618785,8,10,1.0,5,2.0,300,"(570, 690)"
1747,0.7981237498584061,0.13938835385680476,1.2237265430657114,1.5033685884004127,0.5724098454493417,8,10,1.0,5,2.5,180,"(240, 810)"
1345,0.9584225555474742,0.15438457770283384,1.246937843774732,1.5898228226915103,0.5769516728624535,8,10,1.0,5,2.5,180,"(450, 810)"
1018,1.0270792490099476,0.13972557307692296,1.2495833715904243,1.559156434561345,0.5618860510805501,7,10,1.0,5,2.5,180,"(570, 810)"
705,0.7685433443113691,0.14724841786087342,1.1901832810646888,1.2112995180714268,0.5645390070921986,7,10,1.0,5,2.5,180,"(570, 690)"
1742,0.7319977045667375,0.1319024973153351,1.190790076702833,1.3156703687569578,0.5838117106773824,8,10,1.0,5,2.5,240,"(240, 810)"
1344,0.8480271923270134,0.14133432787997033,1.204656433464377,1.3499050614174724,0.5818452380952381,8,10,1.0,5,2.5,240,"(450, 810)"
1017,0.8647474042168665,0.12042468740401273,1.1934015500864017,1.2479907908701902,0.567354965585054,6,10,1.0,5,2.5,240,"(570, 810)"
705,0.6631582415252933,0.1324647720481276,1.153176018220712,0.9987217041702011,0.5758865248226951,8,10,1.0,5,2.5,240,"(570, 690)"
1742,0.7506319474775007,0.1339334596603516,1.1912406240234266,1.3292221382631721,0.5884041331802525,8,10,1.0,5,2.5,300,"(240, 810)"
1344,0.8805330220119746,0.1466653021370676,1.2088577005643897,1.3841819197963539,0.5848214285714286,8,10,1.0,5,2.5,300,"(450, 810)"
1017,0.901861471736984,0.12687688827253632,1.1976404509006908,1.2812130293250452,0.5703048180924287,7,10,1.0,5,2.5,300,"(570, 810)"
705,0.6254829857402194,0.12790134832935537,1.139580031757214,0.9211548557305196,0.5787234042553191,7,10,1.0,5,2.5,300,"(570, 690)"
1711,0.7830970674366026,0.1285137874276995,1.2130579819911527,1.4056693361487458,0.5955581531268265,7,10,1.0,5,3.0,180,"(240, 810)"
1321,0.9233539269574984,0.13651365022600465,1.230596793198538,1.4700439129404448,0.6003028009084027,8,10,1.0,5,3.0,180,"(450, 810)"
1004,1.0394144740995126,0.14056716609561767,1.2471238792930799,1.514909154970261,0.5856573705179283,7,10,1.0,5,3.0,180,"(570, 810)"
699,0.7860226794336218,0.15988134467537318,1.1904977301629578,1.1923852102396304,0.592274678111588,6,10,1.0,5,3.0,180,"(570, 690)"
1704,0.7299373303163886,0.1267214483177916,1.1848170696158802,1.2414018310299817,0.6132629107981221,7,10,1.0,5,3.0,240,"(240, 810)"
1320,0.8212369428986703,0.12629665021660155,1.1919521379951814,1.2514888391474712,0.6068181818181818,8,10,1.0,5,3.0,240,"(450, 810)"
1003,0.8800862330563832,0.12328997179577374,1.1923540317390668,1.216291486334903,0.5932203389830508,6,10,1.0,5,3.0,240,"(570, 810)"
699,0.7482009163024664,0.16011314226804607,1.1717593987546426,1.0931938997635708,0.6065808297567954,7,10,1.0,5,3.0,240,"(570, 690)"
1703,0.6891807506076066,0.11950240817348289,1.1683691418801867,1.1465685669240075,0.6200822078684675,8,10,1.0,5,3.0,300,"(240, 810)"
1320,0.8138444579305681,0.127085180345556,1.1854474683803111,1.2178606627176194,0.6136363636363636,8,10,1.0,5,3.0,300,"(450, 810)"
1003,0.8551880255474414,0.12169428048710569,1.181141452251361,1.1560970489930569,0.6001994017946162,7,10,1.0,5,3.0,300,"(570, 810)"
699,0.6391643628572669,0.1454912765971451,1.1397655066702044,0.9054987062946028,0.6151645207439199,6,10,1.0,5,3.0,300,"(570, 690)"
