n,total_pts,expectancy_pts,median_pts,win_rate,avg_win,avg_loss,payoff,profit_factor,skew,kurtosis,worst,best,t_stat,sharpe_d,sortino_d,max_dd_pts,avg_dd_pts,longest_dd_days,recovery_factor,longest_losing_streak,share_top5,share_top1pct,pnl_wo_top10,level,stop_sigma,time_stop,window
3434,-1203.974206898783,-0.350604020646122,-1.5883729652086958,0.4507862550960978,3.272099159968088,-3.324063471118443,0.9843672325748729,0.807953592802706,0.663754496528364,2.981922366444725,-17.749904732393478,32.26681723062904,-5.0883065588145255,-1.8109794689251861,-3.011025587035666,-1211.5894290321412,-688.3716113874265,2000,-0.9937146842396696,15,,,-1410.3775397501179,1.5,1.0,120,"(420, 570)"
2927,-1043.6454827071502,-0.35655807403729084,-1.6045331669446385,0.4530235736248719,3.348161114935151,-3.4249263717121554,0.9775863045083131,0.8096686069819007,0.7883723700726314,4.034609016991142,-17.749904732393478,32.99140946712452,-4.61280750065775,-1.6679915737333846,-2.893489157235887,-1074.0201675861363,-596.129590116359,1851,-0.9717187015703328,11,,,-1263.4055496996107,1.5,1.0,120,"(450, 570)"
2439,-867.8780251422927,-0.35583354864382644,-1.6045331669446385,0.45469454694546946,3.3996796493275925,-3.487310343042551,0.9748715528316003,0.812881618112966,0.6772489254379913,3.2098273362828627,-19.39756430530213,32.26681723062904,-4.125773536491892,-1.6091868177994613,-2.8404550123818955,-878.4471996803046,-511.5812492883879,1671,-0.9879683439803012,15,,,-1070.0622917570383,1.5,1.0,120,"(480, 570)"
3431,-1199.7031350440311,-0.3496657344925768,-1.5979990162940156,0.4520547945205479,3.3071400888672597,-3.366530538764442,0.9823585589932063,0.8104458111693952,0.6077796806586211,2.914341363032849,-18.856576238801498,32.26681723062904,-5.010241644188193,-1.7823666427939935,-2.949100595271567,-1213.9513516900042,-691.2138348843176,2000,-0.9882629426408845,15,,,-1406.1064678953655,1.5,1.0,180,"(420, 570)"
2927,-1045.824694785054,-0.357302594733534,-1.5888014970677249,0.4537068670994192,3.359713176088323,-3.4443550923266715,0.9754259029718181,0.8101098181029233,0.7359598221070853,4.025547437316241,-18.856576238801498,32.99140946712452,-4.5907943483606095,-1.6590191146274245,-2.8378655293540334,-1066.5349587435808,-593.4553863846882,1851,-0.9805817298450985,11,,,-1265.5847617775134,1.5,1.0,180,"(450, 570)"
2439,-874.6780251422929,-0.3586215765241053,-1.6045331669446385,0.45469454694546946,3.3996796493275925,-3.4924231249974382,0.9734443759102317,0.8116915886349225,0.6636306281927076,3.2166211814141326,-19.39756430530213,32.26681723062904,-4.151466049919743,-1.6175516728929775,-2.82987044554777,-885.2471996803048,-513.8524317007469,1671,-0.9880607647876909,15,,,-1076.8622917570385,1.5,1.0,180,"(480, 570)"
3431,-1200.2031350440316,-0.34981146460041723,-1.5979990162940156,0.4520547945205479,3.3071400888672597,-3.366796496211251,0.9822809583498366,0.8103817906386153,0.606906725219679,2.916410500591739,-18.856576238801498,32.26681723062904,-5.0119166225182505,-1.782826619852322,-2.9485025405001184,-1214.4513516900047,-691.3691348843178,2000,-0.9882677748877023,15,,,-1406.6064678953655,1.5,1.0,240,"(420, 570)"
2927,-1046.124694785054,-0.3574050887547161,-1.5888014970677249,0.4537068670994192,3.359713176088323,-3.4445427095874597,0.9753727734996509,0.8100656930628746,0.7349648898733968,4.027328779845612,-18.856576238801498,32.99140946712452,-4.591722991045625,-1.6592234616243733,-2.8365273136578524,-1066.8349587435814,-593.5468026937011,1851,-0.9805871903720513,11,,,-1265.8847617775145,1.5,1.0,240,"(450, 570)"
2439,-874.9780251422931,-0.3587445777541177,-1.6045331669446385,0.45469454694546946,3.3996796493275925,-3.492648688907213,0.9733815084594984,0.8116391675801382,0.6625034629715902,3.2188935289141707,-19.39756430530213,32.26681723062904,-4.152479466489713,-1.6177810457386375,-2.8280739537088957,-885.547199680305,-513.9422712729395,1671,-0.9880648094852124,15,,,-1077.1622917570387,1.5,1.0,240,"(480, 570)"
3218,-897.8341718272118,-0.27900378241989177,0.7169527555483864,0.5565568676196395,3.09159729912564,-4.509379771942,0.6855925771348859,0.8604739352828176,-0.05695194420405914,2.143885232696368,-22.74715274908056,32.26681723062904,-3.3773833158756927,-1.222945664965516,-1.7983574416559702,-916.6041364038985,-517.2143240684893,1984,-0.9795222781228781,7,,,-1104.2375046785476,1.5,1.5,120,"(420, 570)"
2756,-758.3409348983772,-0.27515999089200915,0.7932727138374912,0.5605950653120464,3.177429957445391,-4.679991923329072,0.6789391967978341,0.8661941032639585,0.04492436675130987,2.6023819388019427,-21.927664904854172,32.99140946712452,-2.9759799806685385,-1.1001137432616566,-1.6981235362815337,-826.6050478194375,-462.43796110166113,1851,-0.9174162883457474,7,,,-978.1010018908373,1.5,1.5,120,"(450, 570)"
2318,-630.7703604612121,-0.2721183608547076,0.87,0.5647109577221743,3.218279155252462,-4.800295118619113,0.6704336037110683,0.8697696603149537,-0.03784342848982986,2.057021495518818,-21.927664904854172,32.26681723062904,-2.650083767828986,-1.0332534069160617,-1.5844781130575991,-649.6260323282172,-385.4874948000618,1661,-0.9709745747111832,9,,,-832.9546270759595,1.5,1.5,120,"(480, 570)"
3211,-911.450046780976,-0.28385239700435255,0.7866666706494198,0.5602616007474307,3.1250806036797028,-4.627103436827735,0.6753859398963871,0.8604952591172806,-0.13484478900507268,2.1792489337984065,-25.56839652821316,32.26681723062904,-3.3726736372066948,-1.2189006447457988,-1.7787857923745973,-937.4337240466626,-509.972995736177,1984,-0.9722821180856032,7,,,-1117.853379632311,1.5,1.5,180,"(420, 570)"
2756,-733.2860839930415,-0.26606897096989895,0.8260233182284037,0.5627721335268505,3.191560573985063,-4.716511646675415,0.6766781920775574,0.8709774903836444,-0.025316580248866082,2.731206589322077,-25.56839652821316,32.99140946712452,-2.8518250411884023,-1.0536345013353623,-1.5961959065193387,-784.5421948190078,-440.0664224436283,1851,-0.9346674899521488,7,,,-953.0461509855031,1.5,1.5,180,"(450, 570)"
2318,-612.1199419551084,-0.26407245123171197,0.87,0.5660051768766178,3.2170786279813095,-4.804102486944918,0.669652372472002,0.8733438495857523,-0.12834331857170062,2.5228138215297418,-28.781346457953422,32.26681723062904,-2.558400157410163,-0.996220302593533,-1.4883874549640888,-630.9756138221135,-371.1538234373418,1661,-0.9701166392900741,9,,,-814.3042085698546,1.5,1.5,180,"(480, 570)"
3211,-913.2732169628478,-0.28442018591181806,0.7871768800160862,0.5605730302086578,3.1262815001089534,-4.635421628036119,0.6744330399634995,0.8603681587060942,-0.17045899293831324,2.375111169931247,-27.969864358202248,32.26681723062904,-3.3703594664912284,-1.2178347708963844,-1.7661060665971318,-939.2568942285344,-509.40918073720627,1984,-0.9723359206353863,7,,,-1119.6765498141815,1.5,1.5,240,"(420, 570)"
2756,-744.8474561676014,-0.27026395361669137,0.8260233182284037,0.5627721335268505,3.1929651466373152,-4.727914023736164,0.6753433185559753,0.869259325377857,-0.06335141384761896,2.9224832225478212,-27.969864358202248,32.99140946712452,-2.8875390750364334,-1.0667076415204912,-1.6043512200600802,-796.1035669935677,-442.8339130192133,1851,-0.9356162778926599,7,,,-964.6075231600616,1.5,1.5,240,"(450, 570)"
2318,-610.841449771466,-0.26352090154075325,0.87,0.5660051768766178,3.2187390640968916,-4.804997119151677,0.669873255754451,0.8736319200296616,-0.12919933672942124,2.5211618525841595,-28.781346457953422,32.26681723062904,-2.5525244321814204,-0.993811221288176,-1.4842094520066382,-629.6971216384711,-370.75757856593634,1661,-0.9700559662430238,9,,,-813.0257163862118,1.5,1.5,240,"(480, 570)"
3096,-724.3478161967978,-0.23396247293178224,1.0735211204969302,0.625,2.953238875654346,-5.54596472057533,0.5325022830920536,0.8875038051534226,-0.6321298800006094,2.81134292500671,-30.119536998773928,32.26681723062904,-2.514382540479274,-0.916743414399405,-1.2340832588977697,-773.2768459776382,-433.7413653740047,1984,-0.9367250810167583,7,,,-930.7511490481313,1.5,2.0,120,"(420, 570)"
2668,-501.87397993567566,-0.18810868813181247,1.1699999999997273,0.6334332833583208,3.034466066558256,-5.756770585295632,0.5271125575698835,0.910859122999083,-0.5397914911799454,2.9663102703771695,-29.026886539806018,32.99140946712452,-1.8198272218168035,-0.6752977380773957,-0.9455323766082803,-635.1979399952069,-326.3363623146778,1851,-0.7901064350735353,6,,,-721.6340469281358,1.5,2.0,120,"(450, 570)"
2248,-315.7190146891346,-0.14044440155210614,1.2171327103496834,0.641459074733096,3.0834009242642932,-5.908167676772017,0.5218878496605124,0.9337000982760035,-0.5777160724105764,2.5035602771195813,-29.026886539806018,32.26681723062904,-1.2283845499109967,-0.48303807989156117,-0.6674203982250414,-371.56962394715885,-218.46604920752216,1661,-0.8496900562948755,7,,,-517.9032813038805,1.5,2.0,120,"(480, 570)"
3086,-725.8281597559342,-0.23520031100321911,1.1647451722367306,0.6325340246273493,2.9827924698640977,-5.774461253025267,0.5165490491950914,0.8891567407661537,-0.7534575513498817,3.103220985886737,-33.881195370950884,32.26681723062904,-2.460668751015644,-0.8962411462125144,-1.1847793994580083,-785.795126123774,-414.17593912423536,1984,-0.9236862581934551,6,,,-932.2314926072688,1.5,2.0,180,"(420, 570)"
2668,-522.3408230105858,-0.19577991866963487,1.187088852475081,0.636431784107946,3.047904783482263,-5.873900149859246,0.5188894441038973,0.9083239959674407,-0.6579450141742264,3.3509132803096193,-33.881195370950884,32.99140946712452,-1.8606498672883829,-0.6905260596747933,-0.9405616047680662,-615.8914630905115,-314.21208519568796,1851,-0.8481053145135304,6,,,-742.1008900030474,1.5,2.0,180,"(450, 570)"
2248,-352.3165823515551,-0.1567244583414391,1.2325591895417984,0.6427935943060499,3.084091368941713,-5.988578593365294,0.5149955571024077,0.9267354670149182,-0.738484851637101,3.3623234966792928,-33.881195370950884,32.26681723062904,-1.3489353746720691,-0.5300337118579019,-0.7050483544338955,-403.010747323506,-219.89477571276788,1661,-0.8742113819330353,7,,,-554.5008489663007,1.5,2.0,180,"(480, 570)"
3086,-755.627148326111,-0.24485649654118954,1.1654857693122223,0.6331821127673364,2.9827264383783127,-5.816143647453474,0.5128357583953866,0.8852306288909766,-0.7904062428162777,3.26059534573986,-33.881195370950884,32.26681723062904,-2.547110974386282,-0.9274867776179639,-1.2173926261780104,-815.5941146939508,-423.2761122318301,1984,-0.9264744984208799,6,,,-962.0304811774461,1.5,2.0,240,"(420, 570)"
2668,-541.8454253089772,-0.20309048924624332,1.1887400388769676,0.636431784107946,3.049187758855433,-5.896253855510827,0.517139837187567,0.9052612820046274,-0.6972287459297378,3.5318818267623175,-33.881195370950884,32.99140946712452,-1.9210945630738079,-0.71290513572939,-0.962630726080428,-625.5960653889026,-316.0391877932565,1851,-0.8661266515033611,6,,,-761.6054923014381,1.5,2.0,240,"(450, 570)"
2248,-361.7563132605513,-0.16092362689526302,1.2350114349836714,0.6427935943060499,3.085598975989217,-6.003047115273935,0.5140054570183751,0.9249537800641993,-0.7877103648866076,3.7251895961287276,-38.16512861060472,32.26681723062904,-1.3793363180790055,-0.541908929870754,-0.7139447571972769,-412.4504782325021,-218.62980626055153,1661,-0.8770902989634025,7,,,-563.9405798752962,1.5,2.0,240,"(480, 570)"
2414,-742.6782182100269,-0.3076546057208065,-1.8298247587632703,0.40223695111847557,4.165372364988666,-3.3175708833084,1.2555488673793784,0.8448634443696301,1.1280918373359712,4.2242462706248425,-18.48097258060523,36.883353005412,-3.346742245568789,-1.3740919115758785,-2.308060660872704,-776.763813610457,-366.40110170637314,1566,-0.9561184560825428,17,,,-975.9657334020542,2.0,1.0,120,"(420, 570)"
2094,-678.1672959435134,-0.3238621279577428,-1.8684948467383764,0.40305635148042024,4.220966933465854,-3.3925307102309556,1.2441941706633808,0.8400799040319147,1.1678118109573397,4.365696409970905,-18.48097258060523,36.883353005412,-3.2295220713827937,-1.4079906590012676,-2.5832021544388213,-706.737702909085,-312.23213856271394,1442,-0.9595742425400866,16,,,-910.1414171630183,2.0,1.0,120,"(450, 570)"
1758,-374.1236543277266,-0.21281209006127794,-1.8355363515216867,0.4129692832764505,4.3863531876781545,-3.4482713842849493,1.2720440762488683,0.8948682164308898,1.1304603698012274,4.062366716081006,-18.48097258060523,36.883353005412,-1.8837583164615503,-0.8661630600393969,-1.6368605590734544,-380.1480504466113,-190.9527210943122,1281,-0.9841525002908421,16,,,-596.2417181435508,2.0,1.0,120,"(480, 570)"
2412,-648.2397025071941,-0.26875609556683006,-1.8300000000000454,0.40422885572139305,4.260622367601918,-3.3419251989694256,1.2749005779410616,0.8650160497512424,1.1022844591467784,3.955060538078212,-18.48097258060523,36.883353005412,-2.8901216406599946,-1.1863377592882665,-2.0228065546675893,-682.3252979076242,-332.15886538126716,1566,-0.9500449484945618,17,,,-881.5272176992219,2.0,1.0,180,"(420, 570)"
2094,-615.6510976215886,-0.2940072099434521,-1.847259103274614,0.4054441260744986,4.256846042599654,-3.3973601508342925,1.2529863934367678,0.8544461429942296,1.1509896249981355,4.23511248814359,-18.48097258060523,36.883353005412,-2.917812289817691,-1.2724686563371728,-2.3405728882174164,-644.2215045871602,-295.84397947216263,1442,-0.9556512678292416,16,,,-847.6252188410942,2.0,1.0,180,"(450, 570)"
1758,-357.0278877319886,-0.203087535683725,-1.830000000000159,0.4141069397042093,4.389049698969888,-3.448792299594241,1.272633814302552,0.8994926376818037,1.124475137517089,4.038137026985569,-18.48097258060523,36.883353005412,-1.7965471128045796,-0.8257058917767074,-1.5612907373848743,-363.05228385087327,-187.59661137337156,1281,-0.9834062574817345,16,,,-579.1459515478132,2.0,1.0,180,"(480, 570)"
2412,-662.3052626276985,-0.2745875881541039,-1.8300000000000454,0.40422885572139305,4.255494162473713,-3.3482338698953162,1.2709668224599744,0.8623470089759744,1.0995418626545856,3.9540680862479034,-18.48097258060523,36.883353005412,-2.951591657729787,-1.2112695798237338,-2.064672978348183,-696.3908580281286,-333.6182233410332,1566,-0.9510539304077682,17,,,-895.5927778197254,2.0,1.0,240,"(420, 570)"
2094,-629.716657742093,-0.30072428736489637,-1.8559442221456992,0.4054441260744986,4.250956761091998,-3.4046417252282724,1.2485768266283532,0.8514391371947566,1.14796229960524,4.233803307892279,-18.48097258060523,36.883353005412,-2.983082398409235,-1.3005322221174156,-2.3903324709721123,-658.2870647076646,-297.37010702946367,1442,-0.9565988631748876,16,,,-861.6907789615987,2.0,1.0,240,"(450, 570)"
1758,-374.8934478524927,-0.21324997033702658,-1.831036755812197,0.41353811149032993,4.386599973658981,-3.456791104464183,1.2689803465398939,0.8948096139034944,1.122360894258226,4.037042219278134,-18.48097258060523,36.883353005412,-1.8852993599140249,-0.866188599169765,-1.6369967132236984,-380.9178439713774,-189.72019064193103,1281,-0.9841845263637943,16,,,-597.0115116683169,2.0,1.0,240,"(480, 570)"
2222,-447.6978265517187,-0.20148417036530997,0.370617261801267,0.5126012601260126,3.8527620290660076,-4.465368215750602,0.8628094801849125,0.9074238208038924,0.2981397597354759,2.5794413735008193,-27.406458870907844,36.883353005412,-1.8481043823910877,-0.7679793332906013,-1.1409561697418373,-541.8336319255254,-284.48785042989664,1555,-0.8262643737353805,8,,,-669.4884733967385,2.0,1.5,120,"(420, 570)"
1933,-351.9686366489591,-0.18208413691099798,0.5408898803228749,0.5214692188308329,3.8854731644011524,-4.614622255530077,0.8419915974151241,0.9175432758858866,0.28518121523832707,2.566884891087166,-27.406458870907844,36.883353005412,-1.5296392574510151,-0.6640318262387933,-1.0468015592317004,-437.7967472842593,-187.32479372169786,1433,-0.8039544350941044,9,,,-572.3222489938107,2.0,1.5,120,"(450, 570)"
1634,-31.666326241084107,-0.019379636622450493,0.7417512192607728,0.5312117503059975,4.0846875245253305,-4.669941380586254,0.8746764020435195,0.9911476722895233,0.39238797333616665,2.446361894116404,-21.927664904854172,36.883353005412,-0.14524079705834017,-0.06788208898107935,-0.11755306524247128,-242.46583504328692,-97.70690039050938,543,-0.13060118855685063,8,,,-253.78439005690865,2.0,1.5,120,"(480, 570)"
2220,-339.61212868680127,-0.15297843634540598,0.5184237672052586,0.5180180180180181,3.9491687459527984,-4.561828211712635,0.8656986985641383,0.9304238349053823,0.2729665077282458,2.340283311274139,-27.406458870907844,36.883353005412,-1.3809616901298758,-0.5743787249968997,-0.8678197323057845,-441.862236216047,-246.54767267889645,1555,-0.7685927894520079,8,,,-561.4027755318205,2.0,1.5,180,"(420, 570)"
1933,-270.8229955773518,-0.14010501581859897,0.6408573357870136,0.5256078634247284,3.934896936235435,-4.655047200428085,0.8452968932030541,0.9365557726219225,0.26836217725786526,2.446112251304941,-27.406458870907844,36.883353005412,-1.1679180330565102,-0.5082394639136993,-0.8068237040757147,-364.7654083680913,-163.18722457965734,1433,-0.7424580000306766,9,,,-491.17660792220335,2.0,1.5,180,"(450, 570)"
1634,8.373894758216693,0.005124782593767866,0.7905005051616126,0.5348837209302325,4.1033930218205095,-4.707883692516986,0.8716003388832029,1.0023403897156835,0.3706397173727351,2.381745934819912,-21.927664904854172,36.883353005412,0.038217266475076915,0.017880279430993615,0.03108582050822107,-236.79698279071278,-91.88569570490394,543,0.03536318182575599,8,16.44167157581745,37.00452829128406,-213.74416905760785,2.0,1.5,180,"(480, 570)"
2220,-350.1155839934511,-0.15770972251957255,0.52387323715413,0.5180180180180181,3.9464956786655523,-4.568771602297978,0.8637979794570085,0.9283810059584671,0.27546236047881756,2.3281671141244638,-27.406458870907844,36.883353005412,-1.4235958025604527,-0.592152496210479,-0.8972388788229587,-452.36569152269686,-246.19203760193486,1555,-0.7739658213577784,8,,,-571.9062308384703,2.0,1.5,240,"(420, 570)"
1933,-281.52299557735137,-0.14564045296293396,0.6408573357870136,0.5256078634247284,3.929188274818113,-4.660390711878467,0.8431027606340697,0.9341247598737349,0.2675420510608823,2.4475516079628163,-27.406458870907844,36.883353005412,-1.2138890505428839,-0.5280318287425867,-0.837593553888209,-375.46540836809083,-163.79610729999038,1433,-0.749797422886297,9,,,-501.87660792220316,2.0,1.5,240,"(450, 570)"
1634,-6.126105241782625,-0.0037491464147996483,0.7883775309824114,0.5342717258261934,4.100109394125001,-4.7115921239328635,0.8702173885761899,0.998291432624197,0.3709710938893601,2.3829121527199137,-21.927664904854172,36.883353005412,-0.027951713661324068,-0.013071046047307522,-0.022702737416277343,-236.79698279071278,-94.43533941036699,543,-0.025870706499649034,8,,,-228.24416905760694,2.0,1.5,240,"(480, 570)"
2105,-210.10755330341883,-0.09981356451468827,1.1181284171683457,0.5885985748218527,3.640536009623854,-5.451191303957707,0.6678422764177677,0.9554925871612172,-0.16106566946205786,2.440201343546514,-30.119536998773928,36.883353005412,-0.8201786779130836,-0.3429001866032676,-0.4802881227739827,-345.2397011046616,-161.65157109772923,1566,-0.6085845649591676,6,,,-432.58376034281326,2.0,2.0,120,"(420, 570)"
1838,-87.06457478214126,-0.04736919193805292,1.279019814790554,0.6022850924918389,3.682465707830825,-5.695696461492291,0.6465347535156406,0.9790888811789523,-0.20410785887060715,2.3061078811301816,-29.026886539806018,36.883353005412,-0.3580267245136799,-0.1545458422913204,-0.22669650194220428,-315.0271946166389,-115.8111184405143,720,-0.27637161575237684,6,,,-305.9753603338476,2.0,2.0,120,"(450, 570)"
1568,137.1451448321396,0.08746501583682373,1.3427309814405772,0.6103316326530612,3.8825609782460835,-5.856736025121705,0.6629223105826085,1.0383251247586847,-0.18163989165507094,2.408296136017099,-29.026886539806018,36.883353005412,0.5872151470460462,0.2686622616851859,0.39943310924137676,-230.07257585183095,-91.28712113107258,527,0.596095142258351,7,1.003905953751192,2.1262359323472726,-83.30333513873433,2.0,2.0,120,"(480, 570)"
2101,-79.16135579718981,-0.03767794183588282,1.2582539683331744,0.601142313184198,3.7254399916526264,-5.709298407224889,0.6525215054337029,0.9834542498362372,-0.21223469175089615,2.2167285760965534,-30.119536998773928,36.883353005412,-0.30261822055834653,-0.12678247158839115,-0.1807165907277974,-290.14649556523113,-119.88222136608049,784,-0.27283236918981996,6,,,-301.63756283658375,2.0,2.0,180,"(420, 570)"
1838,-17.6979049543515,-0.009628892793444777,1.37,0.6099020674646355,3.7274650251180272,-5.852421475748481,0.63690987406906,0.9957823833074145,-0.257219096748788,2.207383999453054,-29.026886539806018,36.883353005412,-0.07165521643536374,-0.030987990454114017,-0.04515066671746944,-265.7580136574945,-100.73078104364502,720,-0.06659405942565,6,,,-236.60869050605828,2.0,2.0,180,"(450, 570)"
1568,157.84028637743552,0.10066344794479307,1.37,0.6160714285714286,3.8982313824570527,-5.993108353946973,0.650452344965486,1.0437491116888031,-0.2265931155738563,2.353637803396169,-29.026886539806018,36.883353005412,0.6684312142482325,0.3059388164653985,0.45213856529430585,-208.56236920745175,-86.78358252866465,526,0.7568013682297531,7,0.8722793818038651,1.8474556881617075,-62.60819359343844,2.0,2.0,180,"(480, 570)"
2101,-102.52129356051525,-0.048796427206337575,1.2664058129683964,0.601142313184198,3.72300608240454,-5.733505937514855,0.6493419773134915,0.9786621925381143,-0.22146253895517828,2.2103013300605294,-30.119536998773928,36.883353005412,-0.39098384333025665,-0.16354618446322916,-0.23166902141675783,-290.14649556523113,-125.2527836740302,784,-0.353343208094898,6,,,-324.9975005999092,2.0,2.0,240,"(420, 570)"
1838,-31.827253837756174,-0.017316242566787907,1.37,0.6099020674646355,3.7222910732893033,-5.86403841979786,0.6347658058859742,0.9924302209179596,-0.2595690488563883,2.20402243356359,-29.026886539806018,36.883353005412,-0.12876580565847873,-0.05566148972493292,-0.08099772152961741,-267.22390482199455,-102.91057196682945,720,-0.11910331846604583,6,,,-250.7380393894627,2.0,2.0,240,"(450, 570)"
1568,128.66027989619928,0.08205374993380056,1.37,0.6154336734693877,3.8950482025425006,-6.020002049017105,0.6470177536199428,1.0354430053785155,-0.2348239188391884,2.3412901753645423,-29.026886539806018,36.883353005412,0.5433057249227153,0.24851437587220362,0.36617542422439564,-227.84237568868807,-93.98111040094284,526,0.5646898629252212,7,1.0701113625443148,2.2664565561673458,-91.78820007467488,2.0,2.0,240,"(480, 570)"
1349,-364.18908638771074,-0.26996967115471515,-1.9299999999999544,0.3684210526315789,4.834514361691473,-3.2475853569816593,1.488648897648905,0.868378523628528,1.371150659912772,4.198075086997752,-15.374768499386965,35.21791738691547,-2.073969233704442,-1.022298216818141,-2.0758004440408966,-395.3819635632896,-220.92925725448703,989,-0.9211069799581525,13,,,-579.2359364369674,2.5,1.0,120,"(420, 570)"
1145,-275.90851244639356,-0.24096813314095508,-2.0224328212751788,0.36768558951965064,5.0053506101156655,-3.2916590045650396,1.5206163831593709,0.8842258250139436,1.4296670941474554,4.28453532353851,-14.609883818348754,35.21791738691547,-1.6616127784565615,-0.8893405778345558,-1.9276527340556864,-304.38751188798255,-176.0232304309762,867,-0.9064383447765318,12,,,-490.95536249565015,2.5,1.0,120,"(450, 570)"
936,-231.9918950533413,-0.24785458873220223,-2.1080577596011425,0.36217948717948717,5.195308135725956,-3.338695733776282,1.556089128807711,0.8836083997752328,1.542725047516035,4.585169810038116,-13.426171767934994,35.21791738691547,-1.506976084467391,-0.8767300237214404,-2.0230168298636935,-263.4774589242494,-144.93204080817958,740,-0.8804999714227436,12,,,-447.03874510259806,2.5,1.0,120,"(480, 570)"
1349,-320.62378755499697,-0.2376751575648606,-1.9738183152361488,0.3647146034099333,5.074156525925297,-3.2871747938275893,1.5436223639379227,0.8861869347228216,1.3280486468205503,3.752524133072452,-15.374768499386965,35.21791738691547,-1.7824362533097473,-0.8799202168547157,-1.8172351221304832,-351.8166647305759,-216.41124471619204,989,-0.9113376928876539,13,,,-535.6706376042537,2.5,1.0,180,"(420, 570)"
1145,-275.7010044997777,-0.24078690349325563,-2.030000000000091,0.3650655021834061,5.117000475819612,-3.3213304035658537,1.5406478290524446,0.8858195220686682,1.401485939870223,4.060381748883003,-14.609883818348754,35.21791738691547,-1.6393752501965138,-0.8770485357417254,-1.9061122491214084,-304.52206432722426,-178.06605270768958,867,-0.905356415171018,12,,,-490.74785454903457,2.5,1.0,180,"(450, 570)"
936,-223.07846409944887,-0.2383316924139411,-2.110094631416705,0.3611111111111111,5.257962726237853,-3.344932885564956,1.5719187517718425,0.8884758162188675,1.5380152397082194,4.477400134389263,-13.426171767934994,35.21791738691547,-1.4390394644307998,-0.8367014130909022,-1.9328869816404106,-259.86459893554763,-143.90056473738426,740,-0.8584411459399085,12,,,-438.1253141487054,2.5,1.0,180,"(480, 570)"
1349,-313.88872330074867,-0.2326825228322822,-1.9738183152361488,0.3654558932542624,5.075233417869158,-3.2896948578390703,1.5427672283267542,0.88853299481903,1.3242019146090753,3.7347057977895632,-15.374768499386965,35.21791738691547,-1.7440960539025474,-0.8609941626922232,-1.7794450749859545,-345.0816004763276,-213.84485934511758,989,-0.909607243236014,13,,,-528.9355733500054,2.5,1.0,240,"(420, 570)"
1145,-275.7010044997777,-0.24078690349325563,-2.030000000000091,0.3650655021834061,5.117000475819612,-3.3213304035658537,1.5406478290524446,0.8858195220686682,1.401485939870223,4.060381748883003,-14.609883818348754,35.21791738691547,-1.6393752501965138,-0.8770485357417254,-1.9061122491214084,-304.52206432722426,-178.06605270768958,867,-0.905356415171018,12,,,-490.74785454903457,2.5,1.0,240,"(450, 570)"
936,-223.07846409944887,-0.2383316924139411,-2.110094631416705,0.3611111111111111,5.257962726237853,-3.344932885564956,1.5719187517718425,0.8884758162188675,1.5380152397082194,4.477400134389263,-13.426171767934994,35.21791738691547,-1.4390394644307998,-0.8367014130909022,-1.9328869816404106,-259.86459893554763,-143.90056473738426,740,-0.8584411459399085,12,,,-438.1253141487054,2.5,1.0,240,"(480, 570)"
1263,-178.75383232241688,-0.14153114198132768,-1.715937519028448,0.46951702296120346,4.615110148629884,-4.351513657402894,1.0605758161366572,0.938688744729907,0.7685374263579012,2.2804478766602534,-22.74715274908056,35.21791738691547,-0.9120230946583342,-0.46289565764597,-0.8526693235394058,-284.7208874552657,-178.04076922452924,987,-0.6278212811151691,9,,,-400.912320150272,2.5,1.5,120,"(420, 570)"
1078,-97.50828187070823,-0.09045295164258649,-1.8683493235769264,0.4712430426716141,4.789966857433701,-4.44002007973163,1.0788164853802245,0.9614715343388668,0.8247882385704371,2.1097736397055638,-17.512902416466776,35.21791738691547,-0.5265395677666688,-0.28701562340439296,-0.5841354407333157,-235.2090981516045,-119.59312959702478,865,-0.4145599920962952,10,,,-316.1650866090951,2.5,1.5,120,"(450, 570)"
884,-146.8849439892586,-0.16615943890187623,-2.080660421048269,0.4649321266968326,4.9357227824697185,-4.599295999121169,1.0731474520041402,0.9324811897964095,0.846757567473934,2.1680490527955536,-17.512902416466776,35.21791738691547,-0.8514332573750566,-0.502063087877553,-1.0272211606157609,-268.8602805659377,-152.0784985666347,737,-0.5463244465864221,10,,,-361.9317940385151,2.5,1.5,120,"(480, 570)"
1262,-206.21407500357452,-0.16340259508999566,-1.920379410686114,0.4643423137876387,4.80960189472188,-4.4743206883292865,1.0749345497892302,0.9318219617995399,0.7419107381988956,1.969696212843104,-22.74715274908056,35.21791738691547,-1.0287555460509172,-0.520459107633044,-0.9844632398515969,-315.57768738884266,-197.5093173789196,987,-0.6534494777176096,9,,,-428.37256283143,2.5,1.5,180,"(420, 570)"
1078,-99.49897547005634,-0.09229960618743631,-1.8764876823166832,0.4712430426716141,4.868803608410939,-4.51377405007511,1.078654703225546,0.9613273495413638,0.7995583868891826,1.9575078601818214,-17.512902416466776,35.21791738691547,-0.5302663756986382,-0.28885559334593724,-0.5933528265198952,-224.87035949089295,-120.81786944564404,865,-0.44247261264365745,10,,,-318.1557802084432,2.5,1.5,180,"(450, 570)"
884,-146.51123209352846,-0.16573668788860685,-2.0862111375847734,0.4638009049773756,4.986741480615488,-4.622521601573583,1.0787924666307496,0.9331327243008593,0.8452686116536351,2.094776315960381,-17.512902416466776,35.21791738691547,-0.8431797660346999,-0.49696594519481757,-1.0205174597173108,-275.3237558737262,-153.77291132530266,737,-0.5321416295102465,10,,,-361.5580821427854,2.5,1.5,180,"(480, 570)"
1262,-182.17901074932604,-0.14435737777284155,-1.915308695335061,0.4659270998415214,4.820581249253861,-4.475787515297622,1.0770353223377522,0.9396094503480688,0.7341785015647558,1.9473503909551226,-22.74715274908056,35.21791738691547,-0.908233688382595,-0.4594700844893434,-0.8694889697574704,-304.5660529305076,-190.66760424635552,987,-0.5981592793957552,9,,,-404.3374985771815,2.5,1.5,240,"(420, 570)"
1078,-82.19897547005615,-0.07625136871062724,-1.8710297983680038,0.47217068645640076,4.879807923522115,-4.509703354205295,1.0820684954746962,0.9679663694140956,0.7938741202460056,1.9430412858557817,-17.512902416466776,35.21791738691547,-0.4379445720488835,-0.2385600218096183,-0.48980026880628696,-224.87035949089295,-116.29644087421542,865,-0.36553939637110267,10,,,-300.8557802084435,2.5,1.5,240,"(450, 570)"
884,-146.51123209352846,-0.16573668788860685,-2.0862111375847734,0.4638009049773756,4.986741480615488,-4.622521601573583,1.0787924666307496,0.9331327243008593,0.8452686116536351,2.094776315960381,-17.512902416466776,35.21791738691547,-0.8431797660346999,-0.49696594519481757,-1.0205174597173108,-275.3237558737262,-153.77291132530266,737,-0.5321416295102465,10,,,-361.5580821427854,2.5,1.5,240,"(480, 570)"
1222,-109.94784402626101,-0.08997368578253766,0.8475182572877838,0.5376432078559739,4.403570046173928,-5.315209494446959,0.8284847569554008,0.9633884695923864,0.2577999843037632,1.8814969799213408,-30.119536998773928,35.21791738691547,-0.5234127538135988,-0.2686686161865388,-0.4370336385009955,-266.6843864402291,-119.14182401132331,983,-0.4122770196405971,7,,,-331.83923464372555,2.5,2.0,120,"(420, 570)"
1050,7.2629099511093855,0.006917057096294653,1.0336873532470419,0.5514285714285714,4.508840884855165,-5.527295036900278,0.8157409464763682,1.0027898259231787,0.3043464929158416,1.505714128815657,-23.140536555289035,35.21791738691547,0.03652530351925461,0.020036082347064887,0.03498548304619578,-225.54598688621167,-84.11095106443983,362,0.03220145945125761,7,17.521765172920528,30.001784846613738,-210.63735176240988,2.5,2.0,120,"(450, 570)"
860,53.93974675922816,0.06272063576654437,1.1183227913712654,0.55,4.675750875528392,-5.575427435053491,0.838635410467598,1.0249988350159531,0.3980263047118732,1.490343734371784,-23.140536555289035,35.21791738691547,0.29583956035231057,0.17842386586980322,0.3457427478325642,-215.96163243344722,-79.5100209256639,311,0.24976541504820934,6,2.359280684120698,3.3866559493173147,-160.21310241309055,2.5,2.0,120,"(480, 570)"
1221,-131.24024869850027,-0.10748587116994289,0.9369835556595899,0.5446355446355446,4.538491833264709,-5.664275751473979,0.8012483912146554,0.958327662154219,0.19290340338640202,1.51970836561248,-30.119536998773928,35.21791738691547,-0.6041289076048472,-0.30837871214348,-0.5089106050173493,-294.8790586725727,-130.33900389959402,983,-0.44506466240528725,7,,,-353.13163931596563,2.5,2.0,180,"(420, 570)"
1050,-0.03875509621111917,-3.690961543916111e-05,1.1207663447397591,0.5571428571428572,4.5582377887492855,-5.7346405623968675,0.7948602426172131,0.9999854665184293,0.25242564397750444,1.3656158075036284,-23.140536555289035,35.21791738691547,-0.00019113456433035383,-0.0001047816359384014,-0.00018406102324747544,-235.69327944546126,-83.94658415922771,440,-0.0001644302132915959,7,,,-217.9390168097304,2.5,2.0,180,"(450, 570)"
860,56.57299962491075,0.06578255770338459,1.1896969703092237,0.5558139534883721,4.693542410403723,-5.724974535466149,0.8198363820358123,1.0258685618144459,0.34313952744111315,1.4283793659065838,-23.140536555289035,35.21791738691547,0.30563590807363133,0.1841874920578961,0.3512681090718658,-220.50641781255138,-75.94287400157424,311,0.25655942437468143,6,2.249465354129342,3.229020300814526,-157.57984954740795,2.5,2.0,180,"(480, 570)"
1221,-108.28113215426592,-0.0886823359166797,1.064357462545213,0.5470925470925471,4.545056896688425,-5.686038226296806,0.7993363244848465,0.9655635890703027,0.18222110323508603,1.5035431243809216,-30.119536998773928,35.21791738691547,-0.4977839813062232,-0.25418303488184407,-0.41903167730848984,-271.91994212833845,-123.30070713474096,983,-0.3982096028218397,7,,,-330.17252277173037,2.5,2.0,240,"(420, 570)"
1050,16.185297193774943,0.015414568755976136,1.1538377054384865,0.559047619047619,4.563824497497308,-5.75114402340636,0.7935507229384577,1.0060783463604206,0.24237934891486002,1.3548647178376694,-23.140536555289035,35.21791738691547,0.07973623587301643,0.043730357636044985,0.07660916084507084,-221.62510076806285,-80.4470250082753,440,0.07303007257609195,7,7.862629960502282,13.462852062878659,-201.71496451974434,2.5,2.0,240,"(450, 570)"
860,55.497051914896645,0.06453145571499609,1.2110943449121079,0.5569767441860465,4.6877643962120406,-5.747879511471576,0.8155641374973561,1.0253417896620303,0.3372546007482223,1.4227040737224588,-23.140536555289035,35.21791738691547,0.2995019401805704,0.18058053390045545,0.3435264178964613,-222.8471654659785,-76.76756348133777,310,0.24903638239621073,6,2.2930768075853396,3.2916228513712333,-158.65579725742208,2.5,2.0,240,"(480, 570)"
