level,stop_sigma,time_stop,window,target,n,gross_exp,gross_pf,gross_sharpe,net_exp,pos_years,n_years,wr,max_dd,share_top5
1.5,2.0,120,"(420, 570)",vwap,3053,0.15536188335559012,1.1337783389872493,0.9725706549773961,-0.39663811664440995,9,10,0.6236488699639698,-178.59588425522907,0.19591069652694393
1.5,2.0,120,"(420, 570)",l1,4852,0.10648916581876351,1.244788076541648,1.5503720011516426,-0.44551083418123655,10,10,0.7260923330585326,-86.75683804035612,0.09757521648726195
1.5,2.0,120,"(450, 570)",vwap,2639,0.19653271366317762,1.1675590211394427,1.1313778875727623,-0.35546728633682245,8,10,0.6316786661614248,-131.26271671016502,0.17916583141671197
1.5,2.0,120,"(450, 570)",l1,4095,0.11956800748521104,1.2820766882210495,1.674743404435289,-0.43243199251478903,10,10,0.7262515262515262,-74.22384933811213,0.10296671146164678
1.5,2.0,120,"(480, 570)",vwap,2217,0.17661307567086687,1.1450159385009318,0.9487749914292657,-0.3753869243291332,9,10,0.6310329273793415,-90.69427374476231,0.23732357585982408
1.5,2.0,120,"(480, 570)",l1,3323,0.12189004164087695,1.289404039123406,1.6179531844360642,-0.4301099583591231,10,10,0.7234426722840807,-52.50869500775093,0.12447071205945955
1.5,2.0,180,"(420, 570)",vwap,3044,0.15378046068463977,1.1271031706367451,0.9195098185435066,-0.39821953931536025,9,10,0.6327201051248358,-160.21963466810348,0.22614160469172476
1.5,2.0,180,"(420, 570)",l1,4851,0.10710127570156903,1.2465250021699277,1.5593859682332925,-0.444898724298431,10,10,0.7262420119562977,-85.18473058752897,0.0970375498486412
1.5,2.0,180,"(450, 570)",vwap,2639,0.2123131543604292,1.1784274127388379,1.189496295963705,-0.33968684563957086,9,10,0.6415308829101932,-101.13149101996112,0.1889339404113092
1.5,2.0,180,"(450, 570)",l1,4095,0.11979780930420748,1.2826756911283528,1.6776396369934885,-0.4322021906957926,10,10,0.7264957264957265,-76.01441848548802,0.10276919584990567
1.5,2.0,180,"(480, 570)",vwap,2217,0.18299200853641293,1.1481599451276137,0.9576428158149767,-0.3690079914635871,9,10,0.6373477672530447,-82.95145844528429,0.26093266995120096
1.5,2.0,180,"(480, 570)",l1,3323,0.1216793886165014,1.2887594604566663,1.6148895061623134,-0.43032061138349864,10,10,0.7234426722840807,-52.50869500775093,0.12468619746121608
1.5,2.0,240,"(420, 570)",vwap,3044,0.13575639173662726,1.1104847765779307,0.8065233908236817,-0.4162436082633728,9,10,0.6320630749014454,-170.3991096125137,0.2561659138445889
1.5,2.0,240,"(420, 570)",l1,4851,0.10710127570156903,1.2465250021699277,1.5593859682332925,-0.444898724298431,10,10,0.7262420119562977,-85.18473058752897,0.0970375498486412
1.5,2.0,240,"(450, 570)",vwap,2639,0.20303747197283453,1.169200760816685,1.1330577122151095,-0.34896252802716554,9,10,0.6403940886699507,-97.76999195437202,0.1975653088304675
1.5,2.0,240,"(450, 570)",l1,4095,0.11979780930420748,1.2826756911283528,1.6776396369934885,-0.4322021906957926,10,10,0.7264957264957265,-76.01441848548802,0.10276919584990567
1.5,2.0,240,"(480, 570)",vwap,2217,0.17809969117799654,1.1435664430498194,0.9301332183388532,-0.37390030882200354,9,10,0.6359945872801083,-79.35368927723448,0.2681003714903595
1.5,2.0,240,"(480, 570)",l1,3323,0.1216793886165014,1.2887594604566663,1.6148895061623134,-0.43032061138349864,10,10,0.7234426722840807,-52.50869500775093,0.12468619746121608
1.5,2.5,120,"(420, 570)",vwap,2968,0.20147566982503257,1.172043605710531,1.1190867572852574,-0.3505243301749675,9,10,0.6725067385444744,-189.53161462961862,0.16572994196837249
1.5,2.5,120,"(420, 570)",l1,4827,0.12967304737277738,1.3123353941415394,1.7921124868161278,-0.42232695262722264,10,10,0.7339962709757614,-84.04696587283229,0.08054502577412989
1.5,2.5,120,"(450, 570)",vwap,2571,0.2441258763356889,1.2065147954792055,1.3056274350157555,-0.3078741236643111,9,10,0.6841695838195255,-134.5691195515078,0.1468296347427556
1.5,2.5,120,"(450, 570)",l1,4082,0.13451992526725912,1.32739580640737,1.7757021125464298,-0.41748007473274096,10,10,0.7334639882410583,-75.59913224930983,0.09181341112904008
1.5,2.5,120,"(480, 570)",vwap,2175,0.2316236862105036,1.1898951577474968,1.1557614958231601,-0.32037631378949644,9,10,0.6864367816091954,-89.91772102588698,0.182931030163553
1.5,2.5,120,"(480, 570)",l1,3315,0.1344981400095928,1.3276976756780954,1.6748975725174338,-0.41750185999040723,10,10,0.730920060331825,-67.64060926046272,0.11307482635898457
1.5,2.5,180,"(420, 570)",vwap,2956,0.20820000739433622,1.170212311684939,1.0996971642971616,-0.34379999260566385,9,10,0.6904600811907984,-149.76822192132727,0.182044716743561
1.5,2.5,180,"(420, 570)",l1,4826,0.1284093280132806,1.3083301156513332,1.7664554271520778,-0.42359067198671946,10,10,0.7341483630335681,-80.53445404233003,0.081354550507153
1.5,2.5,180,"(450, 570)",vwap,2571,0.25195235210874034,1.2078324947247723,1.2926824051794625,-0.3000476478912597,10,10,0.6997277323998444,-89.41607246939759,0.16223606647646782
1.5,2.5,180,"(450, 570)",l1,4082,0.1321970691474623,1.3198214908689923,1.7337820611849692,-0.4198029308525377,10,10,0.7337089661930426,-78.79820983494369,0.09342667945106785
1.5,2.5,180,"(480, 570)",vwap,2175,0.23594788985461168,1.1897186895387133,1.1377664921613022,-0.31605211014538837,10,10,0.696551724137931,-70.33867667580284,0.20478235956474086
1.5,2.5,180,"(480, 570)",l1,3315,0.1318811581565137,1.319285726167912,1.633009429405856,-0.42011884184348636,10,10,0.730920060331825,-69.50024524180526,0.11531862503923533
1.5,2.5,240,"(420, 570)",vwap,2956,0.18436244351325257,1.1476546942260366,0.959773432393553,-0.36763755648674745,9,10,0.6907983761840325,-157.23652624985516,0.2055826048399318
1.5,2.5,240,"(420, 570)",l1,4826,0.12811923269624784,1.3074194163130746,1.7606985613966672,-0.42388076730375224,10,10,0.7341483630335681,-81.6170951562126,0.0815387584018208
1.5,2.5,240,"(450, 570)",vwap,2571,0.23295869001872452,1.1890159765382378,1.1807858246527545,-0.31904130998127556,9,10,0.6985608712563205,-98.82424235180474,0.17546354910533948
1.5,2.5,240,"(450, 570)",l1,4082,0.13185410001468423,1.3187272930454519,1.7272433987912104,-0.4201458999853158,10,10,0.7337089661930426,-80.19820983494378,0.09366969401964098
1.5,2.5,240,"(480, 570)",vwap,2175,0.2169793114500563,1.171706812350908,1.0324593289147108,-0.3350206885499437,9,10,0.6951724137931035,-81.43574573448632,0.22268466655112706
1.5,2.5,240,"(480, 570)",l1,3315,0.1314588353812497,1.317938202812547,1.6254228248700981,-0.42054116461875035,10,10,0.730920060331825,-70.90024524180535,0.11568909600548842
1.5,3.0,120,"(420, 570)",vwap,2916,0.27473169590764834,1.2427148900242841,1.4925834025894649,-0.2772683040923517,9,10,0.7057613168724279,-155.49050300086333,0.12245274583180966
1.5,3.0,120,"(420, 570)",l1,4816,0.15397433973498767,1.3941120625592804,2.103999305266167,-0.3980256602650124,10,10,0.7358803986710963,-73.34963378285966,0.0679877880777003
1.5,3.0,120,"(450, 570)",vwap,2535,0.3128651531703194,1.2735603149362829,1.6170177702229769,-0.23913484682968067,9,10,0.7175542406311637,-129.80398383865395,0.1139451434623083
1.5,3.0,120,"(450, 570)",l1,4072,0.15841355822941994,1.409577264937217,2.040699253963901,-0.3935864417705801,10,10,0.7360019646365422,-71.38693277606058,0.07815659353411537
1.5,3.0,120,"(480, 570)",vwap,2145,0.2877465813411221,1.2410641209317788,1.374626961068516,-0.26425341865887797,10,10,0.7202797202797203,-83.88613968325944,0.1464176756918075
1.5,3.0,120,"(480, 570)",l1,3308,0.1598015742984611,1.415755159211706,1.950229410010366,-0.39219842570153896,10,10,0.7330713422007256,-62.08686229713021,0.09537162585100836
1.5,3.0,180,"(420, 570)",vwap,2902,0.28893330409487505,1.2437183156754048,1.4635689494385173,-0.263066695905125,10,10,0.729841488628532,-107.96209002568753,0.13242148544879673
1.5,3.0,180,"(420, 570)",l1,4815,0.1523347060902555,1.3882551213767667,2.0615574843392905,-0.39966529390974453,10,10,0.7360332294911734,-74.00625469195757,0.06873383725438358
1.5,3.0,180,"(450, 570)",vwap,2535,0.3102965337774946,1.2607945146741637,1.5006480292045874,-0.24170346622250544,10,10,0.7368836291913216,-100.79297851434944,0.13133164433081332
1.5,3.0,180,"(450, 570)",l1,4072,0.1543026235038793,1.3946060000466551,1.9604848466011817,-0.39769737649612075,10,10,0.7362475442043221,-81.9948838948535,0.08023884364168585
1.5,3.0,180,"(480, 570)",vwap,2145,0.27047200389259846,1.2177123158166432,1.2164069210845594,-0.2815279961074016,10,10,0.7337995337995338,-77.09356319371989,0.17806339709186153
1.5,3.0,180,"(480, 570)",l1,3308,0.15684585212230898,1.404951236848141,1.898246700969642,-0.3951541478776911,10,10,0.7330713422007256,-67.32487606184259,0.09716888109039898
1.5,3.0,240,"(420, 570)",vwap,2902,0.2500360783161002,1.2039335615808366,1.2338256214148828,-0.30196392168389985,9,10,0.7305306685044797,-120.69231184217324,0.15302182621622323
1.5,3.0,240,"(420, 570)",l1,4815,0.1519029525902013,1.3867291519010039,2.053199161585594,-0.40009704740979873,10,10,0.7360332294911734,-74.00846903361253,0.06892919932141854
1.5,3.0,240,"(450, 570)",vwap,2535,0.2764394096232765,1.2256853286140958,1.3061223371574557,-0.27556059037672354,10,10,0.7357001972386588,-116.89553586856096,0.1474165860312227
1.5,3.0,240,"(450, 570)",l1,4072,0.1537920898342425,1.3927875572592687,1.9512707028464777,-0.3982079101657575,10,10,0.7362475442043221,-84.07377699761446,0.08050520734957195
1.5,3.0,240,"(480, 570)",vwap,2145,0.246239629274486,1.1942559474012702,1.0869986219642436,-0.30576037072551404,10,10,0.7324009324009324,-85.51819920991738,0.1955865673338609
1.5,3.0,240,"(480, 570)",l1,3308,0.15621740801627484,1.4026753350990862,1.8872555570060197,-0.39578259198372523,10,10,0.7330713422007256,-69.40376916460355,0.09755977997539926
2.0,2.0,120,"(420, 570)",vwap,2076,0.16494569342242443,1.1302440101038604,0.8957495831633495,-0.3870543065775756,10,10,0.5703275529865125,-86.51502563660847,0.27830439276297075
2.0,2.0,120,"(420, 570)",l1,2541,0.1490782659966275,1.2210292072803357,1.3503838628864617,-0.40292173400337256,10,10,0.7075954348681621,-49.513543316390496,0.13092675441233156
2.0,2.0,120,"(450, 570)",vwap,1786,0.19146811912019493,1.1469490223380185,0.9525367776031098,-0.36053188087980514,9,10,0.58006718924972,-126.38195899717266,0.29769094942952024
2.0,2.0,120,"(450, 570)",l1,2166,0.1828909843265326,1.278337984377016,1.5754938159357628,-0.36910901567346743,10,10,0.7179132040627886,-55.6075376013132,0.1387334030445737
2.0,2.0,120,"(480, 570)",vwap,1503,0.21611530049703961,1.161268004958236,1.025050220136053,-0.3358846995029604,9,10,0.5815036593479708,-107.63600339042137,0.27810964301474944
2.0,2.0,120,"(480, 570)",l1,1779,0.197614275548295,1.3006439599958175,1.6643905748397265,-0.354385724451705,10,10,0.718381112984823,-59.58083853170524,0.14107599991596312
2.0,2.0,180,"(420, 570)",vwap,2071,0.15439429022831658,1.1139630344359115,0.7836428622161947,-0.39760570977168347,8,10,0.577015934331241,-76.49973664357367,0.338492944876127
2.0,2.0,180,"(420, 570)",l1,2541,0.15210184508867772,1.2263768004870668,1.3799424143262613,-0.3998981549113223,10,10,0.708776072412436,-49.513543316390496,0.1283241075016362
2.0,2.0,180,"(450, 570)",vwap,1786,0.17636705770539612,1.1286388103034173,0.8337431288164852,-0.3756329422946039,9,10,0.5862262038073908,-146.78337380246762,0.36424249568820416
2.0,2.0,180,"(450, 570)",l1,2166,0.1828198943753948,1.2781996955457982,1.57495446449147,-0.36918010562460524,10,10,0.7179132040627886,-56.7840419119259,0.1387873498586079
2.0,2.0,180,"(480, 570)",vwap,1503,0.19868702685058337,1.1427646153745945,0.9042560168421446,-0.3533129731494167,8,10,0.5861610113107119,-110.02929725099284,0.34581727692956404
2.0,2.0,180,"(480, 570)",l1,1779,0.19569332791472044,1.2968539464478246,1.646937223064971,-0.3563066720852796,9,10,0.718381112984823,-60.75734284231794,0.1424608177382183
2.0,2.0,240,"(420, 570)",vwap,2071,0.1450463509065778,1.1057940829319706,0.7289792243962055,-0.40695364909342224,8,10,0.5789473684210527,-77.93149858860943,0.3603081197478944
2.0,2.0,240,"(420, 570)",l1,2541,0.152180554258296,1.2265204809009618,1.3808655221930506,-0.399819445741704,10,10,0.708776072412436,-49.513543316390496,0.12825773710370528
2.0,2.0,240,"(450, 570)",vwap,1786,0.16256790682173936,1.1173161256127786,0.7633273227524381,-0.38943209317826066,8,10,0.5867861142217246,-154.59043148236788,0.39516026571124263
2.0,2.0,240,"(450, 570)",l1,2166,0.18291223047881125,1.2783793195925888,1.5760183468008997,-0.3690877695211888,10,10,0.7179132040627886,-56.7840419119259,0.13871728847968384
2.0,2.0,240,"(480, 570)",vwap,1503,0.1800066041130727,1.1274939592801156,0.8122176667375266,-0.37199339588692737,8,10,0.5854956753160346,-110.54123733751908,0.3817049209124551
2.0,2.0,240,"(480, 570)",l1,1779,0.19580575062410777,1.29707514689145,1.6482312021578933,-0.3561942493758923,9,10,0.718381112984823,-60.75734284231794,0.14237902325025972
2.0,2.5,120,"(420, 570)",vwap,2007,0.22842138258645067,1.1789466879355135,1.153349236455824,-0.3235786174135494,9,10,0.6198305929247633,-79.24006438128731,0.19980513894316113
2.0,2.5,120,"(420, 570)",l1,2493,0.17974295410799188,1.2774584900629349,1.5641599322560513,-0.37225704589200814,10,10,0.7212194143602085,-53.19731115726995,0.11068104379718996
2.0,2.5,120,"(450, 570)",vwap,1737,0.24978569284190755,1.1879443302307544,1.1687660040189105,-0.3022143071580925,8,10,0.6327000575705239,-110.70090846487778,0.23462602286697223
2.0,2.5,120,"(450, 570)",l1,2129,0.20771607131771228,1.3257599381333958,1.71904682210815,-0.34428392868228774,10,10,0.7299201503053077,-52.989856287517114,0.12427564552219186
2.0,2.5,120,"(480, 570)",vwap,1465,0.2983747553326051,1.2194988097077764,1.3307766123425053,-0.25362524466739494,9,10,0.6375426621160409,-106.91973332361067,0.20666210215366196
2.0,2.5,120,"(480, 570)",l1,1754,0.22467025197917123,1.3531150339752451,1.8304442146268816,-0.3273297480208288,10,10,0.7320410490307868,-56.21036363013354,0.1258555113080877
2.0,2.5,180,"(420, 570)",vwap,2000,0.23931745656909628,1.1750275969687474,1.1242040421411974,-0.31268254343090374,9,10,0.638,-80.2593235282709,0.21839884828601308
2.0,2.5,180,"(420, 570)",l1,2493,0.18322070437741006,1.2841523898802865,1.593813136716511,-0.36877929562259,10,10,0.722422783794625,-53.19731115726995,0.1085801839015077
2.0,2.5,180,"(450, 570)",vwap,1737,0.24499521146809428,1.1750365867396895,1.0793901664373546,-0.30700478853190577,8,10,0.6459412780656304,-147.35022651212057,0.26960759528753253
2.0,2.5,180,"(450, 570)",l1,2129,0.20687959602729128,1.3240230324732771,1.7086764556745746,-0.34512040397270877,10,10,0.7299201503053077,-56.637933387735075,0.1247781286509133
2.0,2.5,180,"(480, 570)",vwap,1465,0.28258575601446007,1.1993115361110853,1.199231311002323,-0.26941424398554,8,10,0.6477815699658703,-121.76198920063052,0.24945217018883425
2.0,2.5,180,"(480, 570)",l1,1754,0.2228812996889179,1.3493211441033137,1.8118412829107637,-0.32911870031108215,10,10,0.7320410490307868,-61.26432599509508,0.1268656880501914
2.0,2.5,240,"(420, 570)",vwap,2000,0.22089123702407715,1.1585502215637273,1.0190248917981362,-0.3311087629759229,9,10,0.6415,-79.36472223544206,0.23661715871386757
2.0,2.5,240,"(420, 570)",l1,2493,0.18319580610440098,1.284102805397889,1.59304175548308,-0.36880419389559904,10,10,0.722422783794625,-53.19731115726995,0.10859494111194631
2.0,2.5,240,"(450, 570)",vwap,1737,0.21776558152994913,1.1522835386356713,0.9420364957310717,-0.3342344184700509,8,10,0.6470926885434658,-151.53451012212622,0.30331960338640207
2.0,2.5,240,"(450, 570)",l1,2129,0.20685044083959206,1.3239625750305226,1.7071250385959176,-0.345149559160408,10,10,0.7299201503053077,-55.50000478234665,0.12479571589775126
2.0,2.5,240,"(480, 570)",vwap,1465,0.25323440346944337,1.1744929396910833,1.0552028261375634,-0.2987655965305567,8,10,0.6477815699658703,-120.84627281063604,0.2783651397143806
2.0,2.5,240,"(480, 570)",l1,1754,0.2228459112085236,1.3492463091666935,1.8098171019940639,-0.32915408879147645,10,10,0.7320410490307868,-60.12639738970665,0.12688583463439365
2.0,3.0,120,"(420, 570)",vwap,1985,0.32466890612807614,1.262945874833079,1.5929091865440268,-0.2273310938719239,10,10,0.6599496221662469,-72.83723787986992,0.1421312493279353
2.0,3.0,120,"(420, 570)",l1,2476,0.23176274061008467,1.3867613084052743,2.0650411044594863,-0.3202372593899154,10,10,0.7269789983844911,-32.68396437950241,0.08642773699339831
2.0,3.0,120,"(450, 570)",vwap,1715,0.3334202185724829,1.2580221072048898,1.510929048271964,-0.21857978142751716,8,10,0.6717201166180758,-102.4011818814929,0.17802766697420228
2.0,3.0,120,"(450, 570)",l1,2114,0.2655657000032955,1.4565035902854422,2.257538598708249,-0.28643429999670456,10,10,0.7350993377483444,-43.21420382944257,0.09789371824548813
2.0,3.0,120,"(480, 570)",vwap,1447,0.33805166787456126,1.2478754008997812,1.4295551911904927,-0.2139483321254388,9,10,0.6738078783690394,-101.40974541914784,0.18467534931364332
2.0,3.0,120,"(480, 570)",l1,1744,0.26634597166895807,1.4478439296478343,2.145050995534013,-0.285654028331042,10,10,0.7362385321100917,-50.727932758102725,0.1067713629281598
2.0,3.0,180,"(420, 570)",vwap,1978,0.3256764201031707,1.2426901634629524,1.470899543547791,-0.22632357989682933,10,10,0.6840242669362993,-82.77869043018836,0.16227144938716132
2.0,3.0,180,"(420, 570)",l1,2476,0.23362767448613972,1.3907903746905441,2.0684575879584988,-0.3183723255138603,10,10,0.7281906300484653,-42.576212631759745,0.08573782722605466
2.0,3.0,180,"(450, 570)",vwap,1715,0.3225320387936874,1.234705425338907,1.3638464183430374,-0.22946796120631263,9,10,0.6880466472303207,-140.95848368003885,0.20742091752018726
2.0,3.0,180,"(450, 570)",l1,2114,0.2597256703123164,1.442027185478602,2.1846596222022123,-0.29227432968768363,10,10,0.7350993377483444,-56.17132843156878,0.1000948954353536
2.0,3.0,180,"(480, 570)",vwap,1447,0.31558682164408264,1.22042291117831,1.2626185584323955,-0.2364131783559174,8,10,0.6855563234277816,-126.99389323220589,0.22614541533213608
2.0,3.0,180,"(480, 570)",l1,1744,0.26039757449691076,1.433506209602478,2.0766800437498416,-0.2916024255030893,10,10,0.7362385321100917,-62.48505736022889,0.10921039668077655
2.0,3.0,240,"(420, 570)",vwap,1978,0.30442871927000464,1.2217403761466286,1.3377797745184592,-0.2475712807299954,10,10,0.6895854398382204,-82.46282096950313,0.17359723763279875
2.0,3.0,240,"(420, 570)",l1,2476,0.2318753766060078,1.3867257720518453,2.046550466724943,-0.3201246233939923,10,10,0.7281906300484653,-42.133433754641146,0.08638575377649046
2.0,3.0,240,"(450, 570)",vwap,1715,0.29722054378422286,1.2116572115173192,1.2256411018742972,-0.2547794562157772,8,10,0.6909620991253644,-148.5872732985158,0.22508501789435992
2.0,3.0,240,"(450, 570)",l1,2114,0.2576733100704968,1.4370078429272584,2.1589794105045947,-0.2943266899295032,10,10,0.7350993377483444,-55.72854955445018,0.10089214829691077
2.0,3.0,240,"(480, 570)",vwap,1447,0.2888069912213165,1.1974007285259585,1.1311056211977404,-0.26319300877868357,8,10,0.6869384934346925,-134.46227840530878,0.24711490726815263
2.0,3.0,240,"(480, 570)",l1,1744,0.2579097937909436,1.4275936559760447,2.047629078195051,-0.29409020620905646,10,10,0.7362385321100917,-62.042278483110294,0.11026383289876554
2.5,2.0,120,"(420, 570)",vwap,1234,0.376430356208903,1.2990822373206046,1.837101553199869,-0.17556964379109702,9,10,0.5429497568881686,-48.302004954781296,0.1914182430140452
2.5,2.0,120,"(420, 570)",l1,1322,0.2875991766131869,1.3851179612148345,2.1805527712858,-0.26440082338681314,10,10,0.6860816944024206,-36.225838824066614,0.13918153072368225
2.5,2.0,120,"(450, 570)",vwap,1062,0.45044345560059607,1.3524765411748718,2.1159440743202174,-0.10155654439940398,9,10,0.5480225988700564,-34.61119921614477,0.1858738633338113
2.5,2.0,120,"(450, 570)",l1,1135,0.3526919852501607,1.4932163640464244,2.6968656033943406,-0.19930801474983934,10,10,0.6986784140969163,-27.00495251777761,0.13219324085021844
2.5,2.0,120,"(480, 570)",vwap,880,0.5002174641275522,1.3836009927898834,2.25872379514027,-0.051782535872447855,9,10,0.5545454545454546,-47.59180221413658,0.20199545682042988
2.5,2.0,120,"(480, 570)",l1,933,0.3810216945540334,1.525625558575878,2.8054837547090687,-0.17097830544596665,10,10,0.6977491961414791,-24.52516414988304,0.14885703152886812
2.5,2.0,180,"(420, 570)",vwap,1234,0.4000913097042324,1.298445568236725,1.8308055868101794,-0.15190869029576765,8,10,0.5445705024311183,-45.06837242451604,0.2062960193561768
2.5,2.0,180,"(420, 570)",l1,1322,0.2843794578757837,1.379030754841211,2.1454152594407705,-0.2676205421242163,10,10,0.686838124054463,-36.225838824066614,0.14075733154178235
2.5,2.0,180,"(450, 570)",vwap,1062,0.47078231615065125,1.3543028807532258,2.1080861780650264,-0.0812176838493488,9,10,0.5536723163841808,-33.71194133441213,0.2037138084400907
2.5,2.0,180,"(450, 570)",l1,1135,0.35017415888051123,1.488430791805038,2.669066972190656,-0.2018258411194888,10,10,0.6986784140969163,-27.00495251777761,0.13314373825061537
2.5,2.0,180,"(480, 570)",vwap,880,0.5224860713389726,1.3937805379780372,2.2764129324965596,-0.029513928661027422,9,10,0.5568181818181818,-47.59180221413658,0.22151734447106325
2.5,2.0,180,"(480, 570)",l1,933,0.37544687195941356,1.5145862320593988,2.752163369392019,-0.17655312804058648,10,10,0.6966773847802786,-24.52516414988304,0.15106733504905534
2.5,2.0,240,"(420, 570)",vwap,1234,0.3920505006567248,1.2901284882910526,1.7882555802524758,-0.15994949934327524,9,10,0.5429497568881686,-45.06837242451604,0.21052707350895897
2.5,2.0,240,"(420, 570)",l1,1322,0.2859966504668491,1.3820096075763935,2.1600578034918945,-0.26600334953315097,10,10,0.686838124054463,-36.225838824066614,0.13996140713729743
2.5,2.0,240,"(450, 570)",vwap,1062,0.45686601512498554,1.3408434044435473,2.0378724831678774,-0.09513398487501451,9,10,0.551789077212806,-36.86597559441179,0.2099190033713914
2.5,2.0,240,"(450, 570)",l1,1135,0.3520577964182984,1.492351707136974,2.6871936281735143,-0.19994220358170167,10,10,0.6986784140969163,-27.00495251777761,0.13243137071937006
2.5,2.0,240,"(480, 570)",vwap,880,0.5098202232341793,1.380598715193777,2.209221676728363,-0.04217977676582074,10,10,0.5545454545454546,-47.59180221413658,0.22702066683801236
2.5,2.0,240,"(480, 570)",l1,933,0.37773832812810426,1.5193580223559526,2.773534456804202,-0.17426167187189578,10,10,0.6966773847802786,-24.52516414988304,0.15015092241361733
2.5,2.5,120,"(420, 570)",vwap,1198,0.44641280251179966,1.351566192745637,2.0363226565758685,-0.10558719748820039,10,10,0.5959933222036727,-63.39438828663663,0.17286311002151866
2.5,2.5,120,"(420, 570)",l1,1291,0.29756893346957064,1.4013636526917406,2.1546293578447413,-0.2544310665304294,10,10,0.7041053446940356,-30.84847843883381,0.13774849779545079
2.5,2.5,120,"(450, 570)",vwap,1032,0.4788698822604259,1.3637096254368823,2.1123662310885174,-0.07313011773957412,9,10,0.5998062015503876,-42.97307967101324,0.17861174523250972
2.5,2.5,120,"(450, 570)",l1,1111,0.34048922490468025,1.4599942774490997,2.411796848470232,-0.2115107750953198,10,10,0.7164716471647165,-29.285892584629664,0.13988890487738725
2.5,2.5,120,"(480, 570)",vwap,860,0.5151285254324187,1.38096696105918,2.1871629873656886,-0.03687147456758133,9,10,0.6093023255813953,-52.5270387908181,0.1992476390346022
2.5,2.5,120,"(480, 570)",l1,919,0.3459821759405944,1.454976518977432,2.3494336634452413,-0.20601782405940566,10,10,0.7127312295973884,-29.664048687451896,0.16642994320546234
2.5,2.5,180,"(420, 570)",vwap,1198,0.4819363511307883,1.3522817247354442,2.040807407485525,-0.07006364886921174,9,10,0.6085141903171953,-55.33500760924289,0.1825238655018915
2.5,2.5,180,"(420, 570)",l1,1291,0.29316038628193947,1.3929295104535815,2.1093773958299997,-0.2588396137180606,10,10,0.7048799380325329,-30.84847843883381,0.1398199603155353
2.5,2.5,180,"(450, 570)",vwap,1032,0.4815032469867227,1.3446152022232618,1.9960248055197782,-0.07049675301327735,8,10,0.6114341085271318,-65.34966428589678,0.20366430673665273
2.5,2.5,180,"(450, 570)",l1,1111,0.3342263532233843,1.4481536427629247,2.3529350448609487,-0.21777364677661576,10,10,0.7164716471647165,-29.285892584629664,0.14251020105117682
2.5,2.5,180,"(480, 570)",vwap,860,0.5315053191264447,1.38181941095265,2.1585877792316355,-0.020494680873555327,9,10,0.6162790697674418,-51.727038790817915,0.2214051783718881
2.5,2.5,180,"(480, 570)",l1,919,0.33902026837556115,1.442278598816229,2.289312229198243,-0.2129797316244389,10,10,0.7116430903155604,-29.664048687451896,0.16984764411815997
2.5,2.5,240,"(420, 570)",vwap,1198,0.4826523831803706,1.3493848013099436,2.029766154329809,-0.06934761681962942,8,10,0.6118530884808013,-58.63500760924285,0.18225308482812413
2.5,2.5,240,"(420, 570)",l1,1291,0.2918551463376062,1.3904969158002796,2.094132980978721,-0.26014485366239387,10,10,0.7048799380325329,-30.84847843883381,0.14044526570935495
2.5,2.5,240,"(450, 570)",vwap,1032,0.47737480273980765,1.3394615438630078,1.9693707359339625,-0.0746251972601924,8,10,0.6133720930232558,-54.84996785123167,0.2054256412910179
2.5,2.5,240,"(450, 570)",l1,1111,0.33359727098211184,1.4469331305576323,2.344315567055062,-0.2184027290178882,10,10,0.7164716471647165,-29.285892584629664,0.14277894017010764
2.5,2.5,240,"(480, 570)",vwap,860,0.5216866691601109,1.3708460532062852,2.103506027248583,-0.030313330839889185,9,10,0.6162790697674418,-48.870633430808084,0.22557223893846756
2.5,2.5,240,"(480, 570)",l1,919,0.33825975654742874,1.4408490640449112,2.2794891054590005,-0.2137402434525713,10,10,0.7116430903155604,-29.664048687451896,0.17022951379030402
2.5,3.0,120,"(420, 570)",vwap,1166,0.4925179207365034,1.3864688741053062,2.1302165280309877,-0.059482079263496634,9,10,0.6355060034305318,-44.94585996478861,0.1609812122982679
2.5,3.0,120,"(420, 570)",l1,1270,0.3329923534344773,1.4720448734276794,2.4048187478191494,-0.21900764656552274,10,10,0.710236220472441,-35.19227874150033,0.12513036756034615
2.5,3.0,120,"(450, 570)",vwap,1008,0.527738367553671,1.4011576856720167,2.1955240556863203,-0.024261632446329062,9,10,0.6378968253968254,-48.859720459767686,0.1659311921870105
2.5,3.0,120,"(450, 570)",l1,1096,0.38308525910351793,1.5565606565041168,2.706144998895998,-0.16891474089648212,10,10,0.7208029197080292,-29.984549033461235,0.1260360277079723
2.5,3.0,120,"(480, 570)",vwap,840,0.5672146837687796,1.4172740164241078,2.256411374685399,0.015214683768779547,9,10,0.6511904761904762,-47.61773932319534,0.18525949838076577
2.5,3.0,120,"(480, 570)",l1,907,0.38916796722580177,1.5481687398960495,2.6299150457587817,-0.16283203277419828,10,10,0.7177508269018743,-31.20886463997249,0.14991888001606704
2.5,3.0,180,"(420, 570)",vwap,1165,0.5231856103071254,1.3755092716374135,2.082792519268238,-0.028814389692874642,10,10,0.6532188841201717,-45.02346754253506,0.17289580057602866
2.5,3.0,180,"(420, 570)",l1,1269,0.33109378224554936,1.4673609789699995,2.3789408986152,-0.22090621775445068,10,10,0.7115839243498818,-35.19227874150033,0.12594706602943143
2.5,3.0,180,"(450, 570)",vwap,1008,0.5018335628567373,1.349779952181777,1.93726543278633,-0.05016643714326274,9,10,0.6527777777777778,-60.96198929981665,0.20006614536664066
2.5,3.0,180,"(450, 570)",l1,1096,0.3660401146082823,1.5194540182561747,2.5329271425949607,-0.18595988539171776,10,10,0.7208029197080292,-33.43895552263734,0.1319050628714732
2.5,3.0,180,"(480, 570)",vwap,840,0.5427331083210657,1.376254388012181,2.035517296265814,-0.009266891678934353,10,10,0.6583333333333333,-52.636290936515934,0.22198735620962662
2.5,3.0,180,"(480, 570)",l1,907,0.372580992998238,1.5134467068092605,2.472388586522173,-0.17941900700176205,10,10,0.7166482910694597,-34.6632711291486,0.15659313513316447
2.5,3.0,240,"(420, 570)",vwap,1165,0.5339787164034305,1.3817924236511812,2.1150089506624137,-0.018021283596569515,10,10,0.6575107296137339,-45.02346754253506,0.16940112436160648
2.5,3.0,240,"(420, 570)",l1,1269,0.3356183773933188,1.47679291288606,2.4240521819099463,-0.21638162260668126,10,10,0.7115839243498818,-35.19227874150033,0.12424912717322652
2.5,3.0,240,"(450, 570)",vwap,1008,0.5177472044244625,1.3631487554936121,2.0016994770802454,-0.03425279557553751,9,10,0.6557539682539683,-60.96198929981665,0.1939168491464124
2.5,3.0,240,"(450, 570)",l1,1096,0.3695794990846844,1.5271244640236858,2.56704333981976,-0.18242050091531564,10,10,0.7208029197080292,-33.43895552263734,0.13064183606088875
2.5,3.0,240,"(480, 570)",vwap,840,0.5386013456753578,1.3704626952299865,2.0078139527577314,-0.013398654324642267,10,10,0.6595238095238095,-52.636290936515934,0.22369028375255043
2.5,3.0,240,"(480, 570)",l1,907,0.37685791183631595,1.522419757000371,2.5115854663341923,-0.1751420881636841,10,10,0.7166482910694597,-34.6632711291486,0.15481597692968854
