time,D1,D2
2010-07-25,,
2010-08-01,,
2010-08-08,,
2010-08-15,,
2010-08-22,,
2010-08-29,,
2010-09-05,,
2010-09-12,,
2010-09-19,,
2010-09-26,,
2010-10-03,,
2010-10-10,,
2010-10-17,,
2010-10-24,,
2010-10-31,,
2010-11-07,,
2010-11-14,,
2010-11-21,,
2010-11-28,,
2010-12-05,,
2010-12-12,,
2010-12-19,,
2010-12-26,,
2011-01-02,,
2011-01-09,,
2011-01-16,,
2011-01-23,,
2011-01-30,,
2011-02-06,,
2011-02-13,,
2011-02-20,,
2011-02-27,,
2011-03-06,,
2011-03-13,,
2011-03-20,,
2011-03-27,,
2011-04-03,,
2011-04-10,,
2011-04-17,,
2011-04-24,,
2011-05-01,,
2011-05-08,,
2011-05-15,,
2011-05-22,,
2011-05-29,,
2011-06-05,,
2011-06-12,,
2011-06-19,,
2011-06-26,,
2011-07-03,,
2011-07-10,,
2011-07-17,,
2011-07-24,,
2011-07-31,,
2011-08-07,,
2011-08-14,,
2011-08-21,,
2011-08-28,,
2011-09-04,,
2011-09-11,,
2011-09-18,,
2011-09-25,,
2011-10-02,,
2011-10-09,,
2011-10-16,,
2011-10-23,,
2011-10-30,,
2011-11-06,,
2011-11-13,,
2011-11-20,,
2011-11-27,,
2011-12-04,,
2011-12-11,,
2011-12-18,,
2011-12-25,,
2012-01-01,,
2012-01-08,,
2012-01-15,,
2012-01-22,,
2012-01-29,,
2012-02-05,,
2012-02-12,,
2012-02-19,,
2012-02-26,,
2012-03-04,,
2012-03-11,,
2012-03-18,,
2012-03-25,,
2012-04-01,,
2012-04-08,,
2012-04-15,,
2012-04-22,,
2012-04-29,,
2012-05-06,,
2012-05-13,,
2012-05-20,,
2012-05-27,,
2012-06-03,,
2012-06-10,,
2012-06-17,,
2012-06-24,,
2012-07-01,,
2012-07-08,,
2012-07-15,,
2012-07-22,0.32,0.55
2012-07-29,0.32,0.55
2012-08-05,0.32,0.55
2012-08-12,0.32,0.55
2012-08-19,0.32,0.55
2012-08-26,0.32,0.55
2012-09-02,0.32,0.55
2012-09-09,0.32,0.55
2012-09-16,0.32,0.55
2012-09-23,0.32,0.55
2012-09-30,0.32,0.55
2012-10-07,0.32,0.55
2012-10-14,0.32,0.55
2012-10-21,0.32,0.55
2012-10-28,0.32,0.55
2012-11-04,0.32,0.55
2012-11-11,0.32,0.55
2012-11-18,0.32,0.55
2012-11-25,0.32,0.55
2012-12-02,0.32,0.55
2012-12-09,0.32,0.55
2012-12-16,0.32,0.55
2012-12-23,0.32,0.55
2012-12-30,0.32,0.55
2013-01-06,0.32,0.55
2013-01-13,0.32,0.55
2013-01-20,0.32,0.55
2013-01-27,0.32,0.55
2013-02-03,0.32,0.55
2013-02-10,0.32,0.55
2013-02-17,0.32,0.55
2013-02-24,0.32,0.55
2013-03-03,0.32,0.55
2013-03-10,0.32,0.55
2013-03-17,0.32,0.55
2013-03-24,0.32,0.55
2013-03-31,0.32,0.55
2013-04-07,0.32,0.55
2013-04-14,0.32,0.55
2013-04-21,0.32,0.55
2013-04-28,0.32,0.55
2013-05-05,0.32,0.55
2013-05-12,0.32,0.55
2013-05-19,0.32,0.55
2013-05-26,0.32,0.55
2013-06-02,0.32,0.55
2013-06-09,0.32,0.55
2013-06-16,0.32,0.55
2013-06-23,0.32,0.55
2013-06-30,0.32,0.55
2013-07-07,0.32,0.55
2013-07-14,0.32,0.55
2013-07-21,0.32,0.55
2013-07-28,0.32,0.55
2013-08-04,0.32,0.55
2013-08-11,0.32,0.55
2013-08-18,0.32,0.55
2013-08-25,0.32,0.55
2013-09-01,0.32,0.55
2013-09-08,0.32,0.55
2013-09-15,0.32,0.55
2013-09-22,0.32,0.55
2013-09-29,0.32,0.55
2013-10-06,0.32,0.55
2013-10-13,0.32,0.55
2013-10-20,0.32,0.55
2013-10-27,0.32,0.55
2013-11-03,0.32,0.55
2013-11-10,0.32,0.55
2013-11-17,0.32,0.55
2013-11-24,0.32,0.55
2013-12-01,0.32,0.55
2013-12-08,0.32,0.55
2013-12-15,0.32,0.55
2013-12-22,0.32,0.55
2013-12-29,0.32,0.55
2014-01-05,0.32,0.55
2014-01-12,0.32,0.55
2014-01-19,0.32,0.55
2014-01-26,0.32,0.55
2014-02-02,0.32,0.55
2014-02-09,0.32,0.55
2014-02-16,0.32,0.55
2014-02-23,0.32,0.55
2014-03-02,0.32,0.55
2014-03-09,0.32,0.55
2014-03-16,0.32,0.55
2014-03-23,0.32,0.55
2014-03-30,0.32,0.55
2014-04-06,0.32,0.55
2014-04-13,0.32,0.55
2014-04-20,0.32,0.55
2014-04-27,0.32,0.55
2014-05-04,0.32,0.55
2014-05-11,0.32,0.55
2014-05-18,0.32,0.55
2014-05-25,0.32,0.55
2014-06-01,0.32,0.55
2014-06-08,0.32,0.55
2014-06-15,0.32,0.55
2014-06-22,0.32,0.55
2014-06-29,0.32,0.55
2014-07-06,0.32,0.55
2014-07-13,0.32,0.55
2014-07-20,0.32,0.55
2014-07-27,0.32,0.55
2014-08-03,0.32,0.55
2014-08-10,0.32,0.55
2014-08-17,0.32,0.55
2014-08-24,0.32,0.55
2014-08-31,0.32,0.55
2014-09-07,0.32,0.55
2014-09-14,0.32,0.55
2014-09-21,0.32,0.55
2014-09-28,0.32,0.55
2014-10-05,0.32,0.55
2014-10-12,0.32,0.55
2014-10-19,0.32,0.55
2014-10-26,0.32,0.55
2014-11-02,0.32,0.55
2014-11-09,0.32,0.55
2014-11-16,0.32,0.55
2014-11-23,0.32,0.55
2014-11-30,0.32,0.55
2014-12-07,0.32,0.55
2014-12-14,0.32,0.55
2014-12-21,0.32,0.55
2014-12-28,0.32,0.55
2015-01-04,0.32,0.55
2015-01-11,0.32,0.55
2015-01-18,0.32,0.55
2015-01-25,0.32,0.55
2015-02-01,0.32,0.55
2015-02-08,0.32,0.55
2015-02-15,0.32,0.55
2015-02-22,0.32,0.55
2015-03-01,0.32,0.55
2015-03-08,0.32,0.55
2015-03-15,0.32,0.55
2015-03-22,0.32,0.55
2015-03-29,0.32,0.55
2015-04-05,0.32,0.55
2015-04-12,0.32,0.55
2015-04-19,0.32,0.55
2015-04-26,0.32,0.55
2015-05-03,0.32,0.55
2015-05-10,0.32,0.55
2015-05-17,0.32,0.55
2015-05-24,0.32,0.55
2015-05-31,0.32,0.55
2015-06-07,0.32,0.55
2015-06-14,0.32,0.55
2015-06-21,0.32,0.55
2015-06-28,0.32,0.55
2015-07-05,0.32,0.55
2015-07-12,0.32,0.55
2015-07-19,0.3173176869213718,0.55
2015-07-26,0.30520338160396765,0.55
2015-08-02,0.29963209611267705,0.55
2015-08-09,0.3016432682974729,0.55
2015-08-16,0.30140327232439745,0.55
2015-08-23,0.3084406494689457,0.55
2015-08-30,0.30305018133144573,0.55
2015-09-06,0.3022676644392043,0.55
2015-09-13,0.30177961499740474,0.55
2015-09-20,0.3002392113155972,0.55
2015-09-27,0.29584249501354465,0.55
2015-10-04,0.2935062213133148,0.55
2015-10-11,0.2894559811365874,0.55
2015-10-18,0.2860944889469235,0.55
2015-10-25,0.28762187084529955,0.55
2015-11-01,0.2939767078895952,0.55
2015-11-08,0.2881697271047255,0.55
2015-11-15,0.29090063912517944,0.55
2015-11-22,0.272555395673869,0.545110791347738
2015-11-29,0.27600354082993667,0.55
2015-12-06,0.2730044153064974,0.5460088306129948
2015-12-13,0.275164968335973,0.55
2015-12-20,0.26628613219306807,0.5325722643861361
2015-12-27,0.26572999071940046,0.5314599814388009
2016-01-03,0.2600581673197069,0.5201163346394138
2016-01-10,0.25439494019632064,0.5087898803926413
2016-01-17,0.2606785909142465,0.521357181828493
2016-01-24,0.2605818424860603,0.5211636849721206
2016-01-31,0.2647293552076596,0.5294587104153192
2016-02-07,0.26081554486276287,0.5216310897255257
2016-02-14,0.26153436079307507,0.5230687215861501
2016-02-21,0.255019509804809,0.510039019609618
2016-02-28,0.2547752490053979,0.5095504980107958
2016-03-06,0.2565734163671657,0.5131468327343314
2016-03-13,0.2549796358711183,0.5099592717422367
2016-03-20,0.2537623574010943,0.5075247148021886
2016-03-27,0.25055308975479035,0.5011061795095807
2016-04-03,0.2510447001319542,0.5020894002639084
2016-04-10,0.2502491759990878,0.5004983519981756
2016-04-17,0.24661107018402237,0.49322214036804474
2016-04-24,0.2452648713774867,0.4905297427549734
2016-05-01,0.23918296921605994,0.4783659384321199
2016-05-08,0.23392071693201177,0.46784143386402355
2016-05-15,0.22158164932013644,0.4431632986402729
2016-05-22,0.21767197524765863,0.43534395049531727
2016-05-29,0.22572120771862159,0.45144241543724317
2016-06-05,0.22781289746430317,0.45562579492860633
2016-06-12,0.23413970858047153,0.46827941716094307
2016-06-19,0.24130413281947813,0.48260826563895626
2016-06-26,0.2607780976362511,0.5215561952725022
2016-07-03,0.26113887635809385,0.5222777527161877
2016-07-10,0.2613438750712555,0.522687750142511
2016-07-17,0.2500124555880765,0.500024911176153
2016-07-24,0.2503720308268098,0.5007440616536196
2016-07-31,0.24763565987449984,0.4952713197489997
2016-08-07,0.24970456317556036,0.4994091263511207
2016-08-14,0.24691667334189232,0.49383334668378465
2016-08-21,0.24521537496849133,0.49043074993698266
2016-08-28,0.24482862653054102,0.48965725306108204
2016-09-04,0.243157753083456,0.486315506166912
2016-09-11,0.24329819724937787,0.48659639449875575
2016-09-18,0.24048647429495335,0.4809729485899067
2016-09-25,0.2404016505196878,0.4808033010393756
2016-10-02,0.237882410211706,0.475764820423412
2016-10-09,0.23569307861993954,0.4713861572398791
2016-10-16,0.2360364855819617,0.4720729711639234
2016-10-23,0.2334929278906512,0.4669858557813024
2016-10-30,0.23388261129413407,0.46776522258826814
2016-11-06,0.2328128262693127,0.4656256525386254
2016-11-13,0.23280546759941967,0.46561093519883934
2016-11-20,0.2310130041118919,0.4620260082237838
2016-11-27,0.21935452652780457,0.43870905305560914
2016-12-04,0.2176885364422926,0.4353770728845852
2016-12-11,0.20687027010360515,0.4137405402072103
2016-12-18,0.19645909011695645,0.3929181802339129
2016-12-25,0.17966177214343462,0.35932354428686925
2017-01-01,0.1820489827441778,0.3640979654883556
2017-01-08,0.18938749209592629,0.37877498419185257
2017-01-15,0.19094920737474128,0.38189841474948255
2017-01-22,0.19383685024240707,0.38767370048481414
2017-01-29,0.18964350851976006,0.3792870170395201
2017-02-05,0.19193449591502887,0.38386899183005774
2017-02-12,0.19026846244204268,0.38053692488408536
2017-02-19,0.19084334311067558,0.38168668622135116
2017-02-26,0.1943469941494665,0.388693988298933
2017-03-05,0.1953358730484342,0.3906717460968684
2017-03-12,0.19711699006852507,0.39423398013705013
2017-03-19,0.22170439998719207,0.44340879997438415
2017-03-26,0.2227864686017397,0.4455729372034794
2017-04-02,0.22968361217820293,0.45936722435640587
2017-04-09,0.2308357852625211,0.4616715705250422
2017-04-16,0.23170578129766659,0.46341156259533317
2017-04-23,0.23239183522727455,0.4647836704545491
2017-04-30,0.2339958641052932,0.4679917282105864
2017-05-07,0.23660145413591988,0.47320290827183975
2017-05-14,0.24381971056987248,0.48763942113974496
2017-05-21,0.24812414392725213,0.49624828785450426
2017-05-28,0.2479982188403185,0.495996437680637
2017-06-04,0.25114052334681874,0.5022810466936375
2017-06-11,0.25689003556121676,0.5137800711224335
2017-06-18,0.27555459597170223,0.55
2017-06-25,0.27415152670800136,0.5483030534160027
2017-07-02,0.2725548668755929,0.5451097337511858
2017-07-09,0.26687462111418786,0.5337492422283757
2017-07-16,0.2952025447247984,0.55
2017-07-23,0.32,0.55
2017-07-30,0.32,0.55
2017-08-06,0.32,0.55
2017-08-13,0.32,0.55
2017-08-20,0.32,0.55
2017-08-27,0.32,0.55
2017-09-03,0.32,0.55
2017-09-10,0.32,0.55
2017-09-17,0.32,0.55
2017-09-24,0.32,0.55
2017-10-01,0.32,0.55
2017-10-08,0.32,0.55
2017-10-15,0.32,0.55
2017-10-22,0.32,0.55
2017-10-29,0.32,0.55
2017-11-05,0.32,0.55
2017-11-12,0.32,0.55
2017-11-19,0.32,0.55
2017-11-26,0.32,0.55
2017-12-03,0.32,0.55
2017-12-10,0.32,0.55
2017-12-17,0.32,0.55
2017-12-24,0.32,0.55
2017-12-31,0.32,0.55
2018-01-07,0.32,0.55
2018-01-14,0.32,0.55
2018-01-21,0.32,0.55
2018-01-28,0.32,0.55
2018-02-04,0.32,0.55
2018-02-11,0.32,0.55
2018-02-18,0.32,0.55
2018-02-25,0.32,0.55
2018-03-04,0.32,0.55
2018-03-11,0.32,0.55
2018-03-18,0.32,0.55
2018-03-25,0.32,0.55
2018-04-01,0.32,0.55
2018-04-08,0.32,0.55
2018-04-15,0.32,0.55
2018-04-22,0.32,0.55
2018-04-29,0.32,0.55
2018-05-06,0.32,0.55
2018-05-13,0.32,0.55
2018-05-20,0.32,0.55
2018-05-27,0.32,0.55
2018-06-03,0.32,0.55
2018-06-10,0.32,0.55
2018-06-17,0.32,0.55
2018-06-24,0.32,0.55
2018-07-01,0.32,0.55
2018-07-08,0.32,0.55
2018-07-15,0.32,0.55
2018-07-22,0.32,0.55
2018-07-29,0.32,0.55
2018-08-05,0.32,0.55
2018-08-12,0.32,0.55
2018-08-19,0.32,0.55
2018-08-26,0.32,0.55
2018-09-02,0.32,0.55
2018-09-09,0.32,0.55
2018-09-16,0.32,0.55
2018-09-23,0.32,0.55
2018-09-30,0.32,0.55
2018-10-07,0.32,0.55
2018-10-14,0.32,0.55
2018-10-21,0.32,0.55
2018-10-28,0.32,0.55
2018-11-04,0.32,0.55
2018-11-11,0.32,0.55
2018-11-18,0.32,0.55
2018-11-25,0.32,0.55
2018-12-02,0.32,0.55
2018-12-09,0.32,0.55
2018-12-16,0.32,0.55
2018-12-23,0.32,0.55
2018-12-30,0.32,0.55
2019-01-06,0.32,0.55
2019-01-13,0.32,0.55
2019-01-20,0.32,0.55
2019-01-27,0.32,0.55
2019-02-03,0.32,0.55
2019-02-10,0.32,0.55
2019-02-17,0.32,0.55
2019-02-24,0.32,0.55
2019-03-03,0.32,0.55
2019-03-10,0.32,0.55
2019-03-17,0.32,0.55
2019-03-24,0.32,0.55
2019-03-31,0.32,0.55
2019-04-07,0.32,0.55
2019-04-14,0.32,0.55
2019-04-21,0.32,0.55
2019-04-28,0.32,0.55
2019-05-05,0.32,0.55
2019-05-12,0.32,0.55
2019-05-19,0.32,0.55
2019-05-26,0.32,0.55
2019-06-02,0.32,0.55
2019-06-09,0.32,0.55
2019-06-16,0.32,0.55
2019-06-23,0.32,0.55
2019-06-30,0.32,0.55
2019-07-07,0.32,0.55
2019-07-14,0.32,0.55
2019-07-21,0.32,0.55
2019-07-28,0.32,0.55
2019-08-04,0.32,0.55
2019-08-11,0.32,0.55
2019-08-18,0.32,0.55
2019-08-25,0.32,0.55
2019-09-01,0.32,0.55
2019-09-08,0.32,0.55
2019-09-15,0.32,0.55
2019-09-22,0.32,0.55
2019-09-29,0.32,0.55
2019-10-06,0.32,0.55
2019-10-13,0.32,0.55
2019-10-20,0.32,0.55
2019-10-27,0.32,0.55
2019-11-03,0.32,0.55
2019-11-10,0.32,0.55
2019-11-17,0.32,0.55
2019-11-24,0.32,0.55
2019-12-01,0.32,0.55
2019-12-08,0.32,0.55
2019-12-15,0.32,0.55
2019-12-22,0.30624079189699266,0.55
2019-12-29,0.30612140044119657,0.55
2020-01-05,0.30266925158216007,0.55
2020-01-12,0.30345348591773025,0.55
2020-01-19,0.3028447718926458,0.55
2020-01-26,0.29938296616875304,0.55
2020-02-02,0.2868848388046924,0.55
2020-02-09,0.2891544219303885,0.55
2020-02-16,0.28040699258890217,0.55
2020-02-23,0.27970660089746735,0.55
2020-03-01,0.2871289947766615,0.55
2020-03-08,0.2836827067407446,0.55
2020-03-15,0.32,0.55
2020-03-22,0.32,0.55
2020-03-29,0.32,0.55
2020-04-05,0.32,0.55
2020-04-12,0.32,0.55
2020-04-19,0.32,0.55
2020-04-26,0.32,0.55
2020-05-03,0.32,0.55
2020-05-10,0.32,0.55
2020-05-17,0.32,0.55
2020-05-24,0.32,0.55
2020-05-31,0.32,0.55
2020-06-07,0.32,0.55
2020-06-14,0.32,0.55
2020-06-21,0.32,0.55
2020-06-28,0.32,0.55
2020-07-05,0.32,0.55
2020-07-12,0.32,0.55
2020-07-19,0.32,0.55
2020-07-26,0.32,0.55
2020-08-02,0.32,0.55
2020-08-09,0.32,0.55
2020-08-16,0.32,0.55
2020-08-23,0.32,0.55
2020-08-30,0.31374629016527855,0.55
2020-09-06,0.3179835228180434,0.55
2020-09-13,0.25205717912387937,0.5041143582477587
2020-09-20,0.2509916244592313,0.5019832489184626
2020-09-27,0.25164223185322715,0.5032844637064543
2020-10-04,0.24505695733373412,0.49011391466746823
2020-10-11,0.24605510438464406,0.4921102087692881
2020-10-18,0.2460055753865346,0.4920111507730692
2020-10-25,0.25137489672644525,0.5027497934528905
2020-11-01,0.24390888118113457,0.48781776236226915
2020-11-08,0.24921074609218863,0.49842149218437726
2020-11-15,0.2442177634142563,0.4884355268285126
2020-11-22,0.23624557295627044,0.4724911459125409
2020-11-29,0.23631259092074872,0.47262518184149743
2020-12-06,0.23506031163381727,0.47012062326763454
2020-12-13,0.23222210223137205,0.4644442044627441
2020-12-20,0.24597146820079493,0.49194293640158987
2020-12-27,0.2477989982437515,0.495597996487503
2021-01-03,0.2645328354849181,0.5290656709698363
2021-01-10,0.26630385158915076,0.5326077031783015
2021-01-17,0.27038187329501556,0.5407637465900311
2021-01-24,0.28099878681776896,0.55
2021-01-31,0.27925784523979036,0.55
2021-02-07,0.2854597815861768,0.55
2021-02-14,0.29815512413052925,0.55
2021-02-21,0.3012000844801364,0.55
2021-02-28,0.32,0.55
2021-03-07,0.32,0.55
2021-03-14,0.32,0.55
2021-03-21,0.32,0.55
2021-03-28,0.32,0.55
2021-04-04,0.32,0.55
2021-04-11,0.32,0.55
2021-04-18,0.32,0.55
2021-04-25,0.32,0.55
2021-05-02,0.32,0.55
2021-05-09,0.32,0.55
2021-05-16,0.32,0.55
2021-05-23,0.32,0.55
2021-05-30,0.32,0.55
2021-06-06,0.32,0.55
2021-06-13,0.32,0.55
2021-06-20,0.32,0.55
2021-06-27,0.32,0.55
2021-07-04,0.32,0.55
2021-07-11,0.32,0.55
2021-07-18,0.32,0.55
2021-07-25,0.32,0.55
2021-08-01,0.32,0.55
2021-08-08,0.32,0.55
2021-08-15,0.32,0.55
2021-08-22,0.32,0.55
2021-08-29,0.32,0.55
2021-09-05,0.32,0.55
2021-09-12,0.31975793150004683,0.55
2021-09-19,0.31960808334658697,0.55
2021-09-26,0.3182951768280433,0.55
2021-10-03,0.32,0.55
2021-10-10,0.32,0.55
2021-10-17,0.32,0.55
2021-10-24,0.32,0.55
2021-10-31,0.3178445830943831,0.55
2021-11-07,0.31769315079183646,0.55
2021-11-14,0.2986716604728344,0.55
2021-11-21,0.26808653972710494,0.5361730794542099
2021-11-28,0.2691448204962108,0.5382896409924216
2021-12-05,0.2817797474434496,0.55
2021-12-12,0.27924051496360186,0.55
2021-12-19,0.2781825633641218,0.55
2021-12-26,0.27942348569524317,0.55
2022-01-02,0.28254843507248223,0.55
2022-01-09,0.28920957132296915,0.55
2022-01-16,0.28644771029563587,0.55
2022-01-23,0.29730951044532083,0.55
2022-01-30,0.2918495686753085,0.55
2022-02-06,0.29315828688481904,0.55
2022-02-13,0.29128976705728643,0.55
2022-02-20,0.29348294238418493,0.55
2022-02-27,0.2916365050155629,0.55
2022-03-06,0.2900643553542376,0.55
2022-03-13,0.2723313853785592,0.5446627707571184
2022-03-20,0.27536619344536134,0.55
2022-03-27,0.2790253632265672,0.55
2022-04-03,0.2735643149883981,0.5471286299767962
2022-04-10,0.27093909691379087,0.5418781938275817
2022-04-17,0.26581243877054955,0.5316248775410991
2022-04-24,0.2656414516829691,0.5312829033659382
2022-05-01,0.2641880729672729,0.5283761459345458
2022-05-08,0.268635033692696,0.537270067385392
2022-05-15,0.2689856500511005,0.537971300102201
2022-05-22,0.266325590525962,0.532651181051924
2022-05-29,0.2662018128235962,0.5324036256471923
2022-06-05,0.26032510507322565,0.5206502101464513
2022-06-12,0.26373129953762736,0.5274625990752547
2022-06-19,0.2906350104593895,0.55
2022-06-26,0.28744087785716094,0.55
2022-07-03,0.288710046257536,0.55
2022-07-10,0.29019198952124714,0.55
2022-07-17,0.2892861438885598,0.55
2022-07-24,0.28537579568774396,0.55
2022-07-31,0.2839957311836683,0.55
2022-08-07,0.27768223238551043,0.55
2022-08-14,0.2795781252968882,0.55
2022-08-21,0.28258645164755114,0.55
2022-08-28,0.2849433400039214,0.55
2022-09-04,0.28341008124072814,0.55
2022-09-11,0.2880288653468597,0.55
2022-09-18,0.28700546389740067,0.55
2022-09-25,0.27800461665863113,0.55
2022-10-02,0.27852969606142025,0.55
2022-10-09,0.2779145432757357,0.55
2022-10-16,0.27765044495096175,0.55
2022-10-23,0.2770743529764775,0.55
2022-10-30,0.27937129532800176,0.55
2022-11-06,0.27507320113368966,0.55
2022-11-13,0.2967249864695977,0.55
2022-11-20,0.2953178797835638,0.55
2022-11-27,0.2957052804281613,0.55
2022-12-04,0.29637424429469744,0.55
2022-12-11,0.2937724374765961,0.55
2022-12-18,0.2658841725426994,0.5317683450853988
2022-12-25,0.26432495553999574,0.5286499110799915
2023-01-01,0.25729227166724156,0.5145845433344831
2023-01-08,0.25308083589083064,0.5061616717816613
2023-01-15,0.27337976433435796,0.5467595286687159
2023-01-22,0.27310872641933065,0.5462174528386613
2023-01-29,0.2736384938854331,0.5472769877708662
2023-02-05,0.27201002056640805,0.5440200411328161
2023-02-12,0.26795725504151774,0.5359145100830355
2023-02-19,0.26603217805514107,0.5320643561102821
2023-02-26,0.2587903537516411,0.5175807075032822
2023-03-05,0.2587263222755482,0.5174526445510964
2023-03-12,0.25384539398714073,0.5076907879742815
2023-03-19,0.27453939902219887,0.5490787980443977
2023-03-26,0.2738257182817529,0.5476514365635058
2023-04-02,0.2736657868659193,0.5473315737318386
2023-04-09,0.27357937040599406,0.5471587408119881
2023-04-16,0.27445912497744096,0.5489182499548819
2023-04-23,0.27762615494246695,0.55
2023-04-30,0.27639507607515057,0.55
2023-05-07,0.27667538533210695,0.55
2023-05-14,0.24924295227239515,0.4984859045447903
2023-05-21,0.24249766204587764,0.4849953240917553
2023-05-28,0.24295284445324872,0.48590568890649743
2023-06-04,0.2439815040944169,0.4879630081888338
2023-06-11,0.24491761413909383,0.48983522827818765
2023-06-18,0.2437879131952972,0.4875758263905944
2023-06-25,0.2515609356325924,0.5031218712651848
2023-07-02,0.2511474737261802,0.5022949474523604
2023-07-09,0.251584879959879,0.503169759919758
2023-07-16,0.23777399829849483,0.47554799659698965
2023-07-23,0.2347630408139092,0.4695260816278184
2023-07-30,0.23323843065201819,0.46647686130403637
2023-08-06,0.2316277825187392,0.4632555650374784
2023-08-13,0.22942223680740437,0.45884447361480873
2023-08-20,0.23157575471631614,0.4631515094326323
2023-08-27,0.2309782228794078,0.4619564457588156
2023-09-03,0.22940626782232718,0.45881253564465435
2023-09-10,0.22816503594148055,0.4563300718829611
2023-09-17,0.19835200204725198,0.39670400409450396
2023-09-24,0.19768232266205266,0.3953646453241053
2023-10-01,0.1991652676038273,0.3983305352076546
2023-10-08,0.19745709721657365,0.3949141944331473
2023-10-15,0.19358412284929136,0.3871682456985827
2023-10-22,0.19558732443925664,0.3911746488785133
2023-10-29,0.2066474217502653,0.4132948435005306
2023-11-05,0.20621749275088833,0.41243498550177665
2023-11-12,0.20429867594905132,0.40859735189810265
2023-11-19,0.20334102414662658,0.40668204829325316
2023-11-26,0.20261153169260335,0.4052230633852067
2023-12-03,0.2012491606464279,0.4024983212928558
2023-12-10,0.20260614714915162,0.40521229429830324
2023-12-17,0.20536380150789854,0.4107276030157971
2023-12-24,0.19565085285791814,0.3913017057158363
2023-12-31,0.1958541853043227,0.3917083706086454
2024-01-07,0.19443571179647046,0.3888714235929409
2024-01-14,0.19654827275987713,0.39309654551975426
2024-01-21,0.19357551276760757,0.38715102553521513
2024-01-28,0.19243390087242676,0.3848678017448535
2024-02-04,0.19097947099587315,0.3819589419917463
2024-02-11,0.19900603284280446,0.39801206568560893
2024-02-18,0.1900169632924345,0.380033926584869
2024-02-25,0.19012577388730054,0.3802515477746011
2024-03-03,0.20848667780778793,0.41697335561557586
2024-03-10,0.20973731530071765,0.4194746306014353
2024-03-17,0.2100772609622556,0.4201545219245112
2024-03-24,0.20899460001850148,0.41798920003700296
2024-03-31,0.20915752047215752,0.41831504094431504
2024-04-07,0.209527445663833,0.419054891327666
2024-04-14,0.21140757361013474,0.42281514722026947
2024-04-21,0.21002784058033183,0.42005568116066366
2024-04-28,0.2049270056680138,0.4098540113360276
2024-05-05,0.20331180704430532,0.40662361408861064
2024-05-12,0.20415580333574412,0.40831160667148825
2024-05-19,0.20598894632633527,0.41197789265267054
2024-05-26,0.20572112222714495,0.4114422444542899
2024-06-02,0.20531268682396653,0.41062537364793306
2024-06-09,0.20141174354883715,0.4028234870976743
2024-06-16,0.19271513482513006,0.3854302696502601
2024-06-23,0.19515285765286822,0.39030571530573643
2024-06-30,0.1937447216017378,0.3874894432034756
2024-07-07,0.20223521989125795,0.4044704397825159
2024-07-14,0.20369100588983077,0.40738201177966155
2024-07-21,0.2078365486089904,0.4156730972179808
2024-07-28,0.2079044028642555,0.415808805728511
2024-08-04,0.22345397354810337,0.44690794709620674
2024-08-11,0.217872503636932,0.435745007273864
2024-08-18,0.21384457176385097,0.42768914352770193
2024-08-25,0.2165330293681908,0.4330660587363816
2024-09-01,0.20797570118791645,0.4159514023758329
2024-09-08,0.20404381009569478,0.40808762019138956
2024-09-15,0.20610000407930884,0.4122000081586177
2024-09-22,0.2089209457166514,0.4178418914333028
2024-09-29,0.20788121884435481,0.41576243768870963
2024-10-06,0.20872402188224012,0.41744804376448025
2024-10-13,0.2074213932999057,0.4148427865998114
2024-10-20,0.2121820290644113,0.4243640581288226
2024-10-27,0.2117091004680803,0.4234182009361606
2024-11-03,0.21164423648287117,0.42328847296574235
2024-11-10,0.21500527512600337,0.43001055025200674
2024-11-17,0.21821979074508166,0.4364395814901633
2024-11-24,0.22089299280024224,0.4417859856004845
2024-12-01,0.22081383514864417,0.44162767029728833
2024-12-08,0.220894311613733,0.441788623227466
2024-12-15,0.2195170500807416,0.4390341001614832
2024-12-22,0.223949283265071,0.447898566530142
2024-12-29,0.22418192244595056,0.4483638448919011
2025-01-05,0.21790684468265725,0.4358136893653145
2025-01-12,0.21425297763784157,0.42850595527568314
2025-01-19,0.21149511554491274,0.4229902310898255
2025-01-26,0.21130859695431686,0.4226171939086337
2025-02-02,0.20034312654063702,0.40068625308127404
2025-02-09,0.20030455965298077,0.40060911930596155
2025-02-16,0.1992244444900458,0.3984488889800916
2025-02-23,0.19643266089378933,0.39286532178757866
2025-03-02,0.1876086165265784,0.3752172330531568
2025-03-09,0.20377071151985607,0.40754142303971214
2025-03-16,0.1957904169066463,0.3915808338132926
2025-03-23,0.19448144237382686,0.3889628847476537
2025-03-30,0.19587914087089314,0.3917582817417863
2025-04-06,0.19684871489707187,0.39369742979414374
2025-04-13,0.19850761486565632,0.39701522973131265
2025-04-20,0.193851848531729,0.387703697063458
2025-04-27,0.1977057805203134,0.3954115610406268
2025-05-04,0.19760463030956232,0.39520926061912465
2025-05-11,0.19112768151453208,0.38225536302906415
2025-05-18,0.18594000223187274,0.3718800044637455
2025-05-25,0.18244301386574124,0.3648860277314825
2025-06-01,0.18294262173253553,0.36588524346507106
2025-06-08,0.18200992168677835,0.3640198433735567
2025-06-15,0.18136052702321434,0.3627210540464287
2025-06-22,0.1757232234021011,0.3514464468042022
2025-06-29,0.17843022937738356,0.35686045875476713
2025-07-06,0.17712559200577543,0.35425118401155087
2025-07-13,0.1798942806827412,0.3597885613654824
2025-07-20,0.17816024180989776,0.3563204836197955
2025-07-27,0.17795964509774553,0.35591929019549107
2025-08-03,0.17770525086725944,0.3554105017345189
2025-08-10,0.17829727133317108,0.35659454266634216
2025-08-17,0.1766580441842283,0.3533160883684566
2025-08-24,0.17788846219218238,0.35577692438436476
2025-08-31,0.17950055647283053,0.35900111294566106
2025-09-07,0.1631583389425206,0.3263166778850412
2025-09-14,0.16350289227305836,0.32700578454611673
2025-09-21,0.16309923612051544,0.3261984722410309
2025-09-28,0.1621152319063156,0.3242304638126312
2025-10-05,0.1642829682032539,0.3285659364065078
2025-10-12,0.16772134879703662,0.33544269759407325
2025-10-19,0.17034274430846771,0.34068548861693543
2025-10-26,0.16467004005146854,0.3293400801029371
2025-11-02,0.16620111302090806,0.33240222604181613
2025-11-09,0.16276691272660532,0.32553382545321063
2025-11-16,0.1709877428201924,0.3419754856403848
2025-11-23,0.17458276107859633,0.34916552215719265
2025-11-30,0.1754947260699132,0.3509894521398264
2025-12-07,0.17468319282258465,0.3493663856451693
2025-12-14,0.1744646575748902,0.3489293151497804
2025-12-21,0.17352501814481128,0.34705003628962255
2025-12-28,0.1697859409207693,0.3395718818415386
2026-01-04,0.17107519396354834,0.3421503879270967
2026-01-11,0.16517297191456873,0.33034594382913746
2026-01-18,0.16673010622937406,0.33346021245874813
2026-01-25,0.17094405517263953,0.34188811034527905
2026-02-01,0.17851331106531831,0.35702662213063663
2026-02-08,0.17848731981282434,0.3569746396256487
2026-02-15,0.1779155020891928,0.3558310041783856
2026-02-22,0.17782613864980687,0.35565227729961374
2026-03-01,0.1728809022298162,0.3457618044596324
2026-03-08,0.17102733621687632,0.34205467243375265
2026-03-15,0.17754830247624095,0.3550966049524819
2026-03-22,0.17912772713500041,0.35825545427000083
2026-03-29,0.17886229591235298,0.35772459182470595
2026-04-05,0.17369326560508666,0.3473865312101733
2026-04-12,0.17318081196897184,0.3463616239379437
2026-04-19,0.174595354959445,0.34919070991889
2026-04-26,0.17556944001045893,0.35113888002091787
2026-05-03,0.1753664807011903,0.3507329614023806
2026-05-10,0.17611723999549725,0.3522344799909945
2026-05-17,0.1720179891319995,0.344035978263999
