time,M0_constante,M1_marche_aleatoire,M2_exp_temps,M3_loi_puissance,M4_log_cap,M5_cycle,M6_AR_vol,M7_cap+ARvol
2011-01-23,,,,,,,,
2011-01-30,,,,,,,,
2011-02-06,,,,,,,,
2011-02-13,,,,,,,,
2011-02-20,,,,,,,,
2011-02-27,,,,,,,,
2011-03-06,,,,,,,,
2011-03-13,,,,,,,,
2011-03-20,,,,,,,,
2011-03-27,,,,,,,,
2011-04-03,,,,,,,,
2011-04-10,,,,,,,,
2011-04-17,,,,,,,,
2011-04-24,,,,,,,,
2011-05-01,,,,,,,,
2011-05-08,,,,,,,,
2011-05-15,,,,,,,,
2011-05-22,,,,,,,,
2011-05-29,,,,,,,,
2011-06-05,,,,,,,,
2011-06-12,,,,,,,,
2011-06-19,,,,,,,,
2011-06-26,,,,,,,,
2011-07-03,,,,,,,,
2011-07-10,,,,,,,,
2011-07-17,,,,,,,,
2011-07-24,,,,,,,,
2011-07-31,,,,,,,,
2011-08-07,,,,,,,,
2011-08-14,,,,,,,,
2011-08-21,,,,,,,,
2011-08-28,,,,,,,,
2011-09-04,,,,,,,,
2011-09-11,,,,,,,,
2011-09-18,,,,,,,,
2011-09-25,,,,,,,,
2011-10-02,,,,,,,,
2011-10-09,,,,,,,,
2011-10-16,,,,,,,,
2011-10-23,,,,,,,,
2011-10-30,,,,,,,,
2011-11-06,,,,,,,,
2011-11-13,,,,,,,,
2011-11-20,,,,,,,,
2011-11-27,,,,,,,,
2011-12-04,,,,,,,,
2011-12-11,,,,,,,,
2011-12-18,,,,,,,,
2011-12-25,,,,,,,,
2012-01-01,,,,,,,,
2012-01-08,,,,,,,,
2012-01-15,,,,,,,,
2012-01-22,,,,,,,,
2012-01-29,,,,,,,,
2012-02-05,,,,,,,,
2012-02-12,,,,,,,,
2012-02-19,,,,,,,,
2012-02-26,,,,,,,,
2012-03-04,,,,,,,,
2012-03-11,,,,,,,,
2012-03-18,,,,,,,,
2012-03-25,,,,,,,,
2012-04-01,,,,,,,,
2012-04-08,,,,,,,,
2012-04-15,,,,,,,,
2012-04-22,,,,,,,,
2012-04-29,,,,,,,,
2012-05-06,,,,,,,,
2012-05-13,,,,,,,,
2012-05-20,,,,,,,,
2012-05-27,,,,,,,,
2012-06-03,,,,,,,,
2012-06-10,,,,,,,,
2012-06-17,,,,,,,,
2012-06-24,,,,,,,,
2012-07-01,,,,,,,,
2012-07-08,,,,,,,,
2012-07-15,,,,,,,,
2012-07-22,,,,,,,,
2012-07-29,,,,,,,,
2012-08-05,,,,,,,,
2012-08-12,,,,,,,,
2012-08-19,,,,,,,,
2012-08-26,,,,,,,,
2012-09-02,,,,,,,,
2012-09-09,,,,,,,,
2012-09-16,,,,,,,,
2012-09-23,,,,,,,,
2012-09-30,,,,,,,,
2012-10-07,,,,,,,,
2012-10-14,,,,,,,,
2012-10-21,,,,,,,,
2012-10-28,,,,,,,,
2012-11-04,,,,,,,,
2012-11-11,,,,,,,,
2012-11-18,,,,,,,,
2012-11-25,,,,,,,,
2012-12-02,,,,,,,,
2012-12-09,,,,,,,,
2012-12-16,,,,,,,,
2012-12-23,,,,,,,,
2012-12-30,,,,,,,,
2013-01-06,,,,,,,,
2013-01-13,,,,,,,,
2013-01-20,,,,,,,,
2013-01-27,,,,,,,,
2013-02-03,,,,,,,,
2013-02-10,,,,,,,,
2013-02-17,,,,,,,,
2013-02-24,,,,,,,,
2013-03-03,,,,,,,,
2013-03-10,,,,,,,,
2013-03-17,,,,,,,,
2013-03-24,,,,,,,,
2013-03-31,,,,,,,,
2013-04-07,,,,,,,,
2013-04-14,,,,,,,,
2013-04-21,,,,,,,,
2013-04-28,,,,,,,,
2013-05-05,,,,,,,,
2013-05-12,,,,,,,,
2013-05-19,,,,,,,,
2013-05-26,,,,,,,,
2013-06-02,,,,,,,,
2013-06-09,,,,,,,,
2013-06-16,,,,,,,,
2013-06-23,,,,,,,,
2013-06-30,,,,,,,,
2013-07-07,,,,,,,,
2013-07-14,,,,,,,,
2013-07-21,,,,,,,,
2013-07-28,,,,,,,,
2013-08-04,,,,,,,,
2013-08-11,,,,,,,,
2013-08-18,,,,,,,,
2013-08-25,,,,,,,,
2013-09-01,,,,,,,,
2013-09-08,,,,,,,,
2013-09-15,,,,,,,,
2013-09-22,,,,,,,,
2013-09-29,,,,,,,,
2013-10-06,,,,,,,,
2013-10-13,,,,,,,,
2013-10-20,,,,,,,,
2013-10-27,,,,,,,,
2013-11-03,,,,,,,,
2013-11-10,,,,,,,,
2013-11-17,,,,,,,,
2013-11-24,,,,,,,,
2013-12-01,,,,,,,,
2013-12-08,,,,,,,,
2013-12-15,,,,,,,,
2013-12-22,,,,,,,,
2013-12-29,,,,,,,,
2014-01-05,,,,,,,,
2014-01-12,,,,,,,,
2014-01-19,,,,,,,,
2014-01-26,,,,,,,,
2014-02-02,,,,,,,,
2014-02-09,,,,,,,,
2014-02-16,,,,,,,,
2014-02-23,,,,,,,,
2014-03-02,,,,,,,,
2014-03-09,,,,,,,,
2014-03-16,,,,,,,,
2014-03-23,,,,,,,,
2014-03-30,,,,,,,,
2014-04-06,,,,,,,,
2014-04-13,,,,,,,,
2014-04-20,,,,,,,,
2014-04-27,,,,,,,,
2014-05-04,,,,,,,,
2014-05-11,,,,,,,,
2014-05-18,,,,,,,,
2014-05-25,,,,,,,,
2014-06-01,,,,,,,,
2014-06-08,,,,,,,,
2014-06-15,,,,,,,,
2014-06-22,,,,,,,,
2014-06-29,,,,,,,,
2014-07-06,,,,,,,,
2014-07-13,,,,,,,,
2014-07-20,,,,,,,,
2014-07-27,,,,,,,,
2014-08-03,,,,,,,,
2014-08-10,,,,,,,,
2014-08-17,,,,,,,,
2014-08-24,,,,,,,,
2014-08-31,,,,,,,,
2014-09-07,,,,,,,,
2014-09-14,,,,,,,,
2014-09-21,,,,,,,,
2014-09-28,,,,,,,,
2014-10-05,,,,,,,,
2014-10-12,,,,,,,,
2014-10-19,,,,,,,,
2014-10-26,,,,,,,,
2014-11-02,,,,,,,,
2014-11-09,,,,,,,,
2014-11-16,,,,,,,,
2014-11-23,,,,,,,,
2014-11-30,,,,,,,,
2014-12-07,,,,,,,,
2014-12-14,,,,,,,,
2014-12-21,,,,,,,,
2014-12-28,,,,,,,,
2015-01-04,,,,,,,,
2015-01-11,,,,,,,,
2015-01-18,,,,,,,,
2015-01-25,,,,,,,,
2015-02-01,,,,,,,,
2015-02-08,,,,,,,,
2015-02-15,,,,,,,,
2015-02-22,,,,,,,,
2015-03-01,,,,,,,,
2015-03-08,,,,,,,,
2015-03-15,,,,,,,,
2015-03-22,,,,,,,,
2015-03-29,,,,,,,,
2015-04-05,,,,,,,,
2015-04-12,,,,,,,,
2015-04-19,,,,,,,,
2015-04-26,,,,,,,,
2015-05-03,,,,,,,,
2015-05-10,,,,,,,,
2015-05-17,,,,,,,,
2015-05-24,,,,,,,,
2015-05-31,,,,,,,,
2015-06-07,,,,,,,,
2015-06-14,,,,,,,,
2015-06-21,,,,,,,,
2015-06-28,,,,,,,,
2015-07-05,,,,,,,,
2015-07-12,,,,,,,,
2015-07-19,,,,,,,,
2015-07-26,,,,,,,,
2015-08-02,,,,,,,,
2015-08-09,,,,,,,,
2015-08-16,,,,,,,,
2015-08-23,,,,,,,,
2015-08-30,,,,,,,,
2015-09-06,,,,,,,,
2015-09-13,,,,,,,,
2015-09-20,,,,,,,,
2015-09-27,,,,,,,,
2015-10-04,,,,,,,,
2015-10-11,,,,,,,,
2015-10-18,,,,,,,,
2015-10-25,,,,,,,,
2015-11-01,,,,,,,,
2015-11-08,,,,,,,,
2015-11-15,,,,,,,,
2015-11-22,,,,,,,,
2015-11-29,,,,,,,,
2015-12-06,,,,,,,,
2015-12-13,,,,,,,,
2015-12-20,,,,,,,,
2015-12-27,,,,,,,,
2016-01-03,,,,,,,,
2016-01-10,,,,,,,,
2016-01-17,,,,,,,,
2016-01-24,,,,,,,,
2016-01-31,,,,,,,,
2016-02-07,,,,,,,,
2016-02-14,,,,,,,,
2016-02-21,,,,,,,,
2016-02-28,,,,,,,,
2016-03-06,,,,,,,,
2016-03-13,,,,,,,,
2016-03-20,,,,,,,,
2016-03-27,,,,,,,,
2016-04-03,,,,,,,,
2016-04-10,,,,,,,,
2016-04-17,,,,,,,,
2016-04-24,,,,,,,,
2016-05-01,,,,,,,,
2016-05-08,,,,,,,,
2016-05-15,,,,,,,,
2016-05-22,,,,,,,,
2016-05-29,,,,,,,,
2016-06-05,,,,,,,,
2016-06-12,,,,,,,,
2016-06-19,,,,,,,,
2016-06-26,,,,,,,,
2016-07-03,,,,,,,,
2016-07-10,,,,,,,,
2016-07-17,,,,,,,,
2016-07-24,,,,,,,,
2016-07-31,,,,,,,,
2016-08-07,,,,,,,,
2016-08-14,,,,,,,,
2016-08-21,,,,,,,,
2016-08-28,,,,,,,,
2016-09-04,,,,,,,,
2016-09-11,,,,,,,,
2016-09-18,,,,,,,,
2016-09-25,,,,,,,,
2016-10-02,,,,,,,,
2016-10-09,,,,,,,,
2016-10-16,,,,,,,,
2016-10-23,,,,,,,,
2016-10-30,,,,,,,,
2016-11-06,,,,,,,,
2016-11-13,,,,,,,,
2016-11-20,,,,,,,,
2016-11-27,,,,,,,,
2016-12-04,,,,,,,,
2016-12-11,,,,,,,,
2016-12-18,,,,,,,,
2016-12-25,,,,,,,,
2017-01-01,,,,,,,,
2017-01-08,,,,,,,,
2017-01-15,,,,,,,,
2017-01-22,,,,,,,,
2017-01-29,,,,,,,,
2017-02-05,,,,,,,,
2017-02-12,,,,,,,,
2017-02-19,,,,,,,,
2017-02-26,,,,,,,,
2017-03-05,,,,,,,,
2017-03-12,,,,,,,,
2017-03-19,,,,,,,,
2017-03-26,,,,,,,,
2017-04-02,,,,,,,,
2017-04-09,,,,,,,,
2017-04-16,,,,,,,,
2017-04-23,,,,,,,,
2017-04-30,,,,,,,,
2017-05-07,,,,,,,,
2017-05-14,,,,,,,,
2017-05-21,,,,,,,,
2017-05-28,,,,,,,,
2017-06-04,,,,,,,,
2017-06-11,,,,,,,,
2017-06-18,,,,,,,,
2017-06-25,,,,,,,,
2017-07-02,,,,,,,,
2017-07-09,,,,,,,,
2017-07-16,,,,,,,,
2017-07-23,,,,,,,,
2017-07-30,,,,,,,,
2017-08-06,,,,,,,,
2017-08-13,,,,,,,,
2017-08-20,,,,,,,,
2017-08-27,,,,,,,,
2017-09-03,,,,,,,,
2017-09-10,,,,,,,,
2017-09-17,,,,,,,,
2017-09-24,,,,,,,,
2017-10-01,,,,,,,,
2017-10-08,,,,,,,,
2017-10-15,,,,,,,,
2017-10-22,,,,,,,,
2017-10-29,,,,,,,,
2017-11-05,,,,,,,,
2017-11-12,,,,,,,,
2017-11-19,,,,,,,,
2017-11-26,,,,,,,,
2017-12-03,,,,,,,,
2017-12-10,,,,,,,,
2017-12-17,,,,,,,,
2017-12-24,,,,,,,,
2017-12-31,,,,,,,,
2018-01-07,-0.19937145555372246,0.24655262082053622,-0.7183953900117374,-0.6512625376433417,-0.7348985596997128,-0.4508693571213585,0.002503294790760796,-0.41852479611505905
2018-01-14,-0.1980521535526152,0.20748990067631773,-0.7092369907578913,-0.6441407177017073,-0.7083629654111873,-0.4426314139810395,-0.015854962809591967,-0.4074970642437543
2018-01-21,-0.19685586430710222,0.1866695914086094,-0.7006883360872356,-0.6374961432337605,-0.6828519292454792,-0.43504183398017493,-0.025016332226247395,-0.39198840063703466
2018-01-28,-0.19572784826087955,0.18543301834510587,-0.6925016650392,-0.6311328253965778,-0.6756709774424188,-0.4278676657570817,-0.024490495994628936,-0.3808820740256818
2018-02-04,-0.1946100744585159,0.2752667409230253,-0.6844160103430481,-0.6248442976851903,-0.635296141366043,-0.42087128625056835,0.02119301963023854,-0.32068779174355394
2018-02-11,-0.19323616564161086,0.2526854880705189,-0.6752437791279278,-0.61769055412023,-0.6240732526378092,-0.41301949053403386,0.011446079762231233,-0.31275761854230827
2018-02-18,-0.19193610251125476,0.28282449247330754,-0.6664600388535223,-0.6108386491009428,-0.6373075077109794,-0.40559469641126566,0.02781043464966711,-0.30165142658017474
2018-02-25,-0.1905559845025786,0.2905237524854512,-0.657377091191169,-0.6037447152039047,-0.6195674793836432,-0.39800125610491766,0.033145987688475695,-0.27952118355625905
2018-03-04,-0.18916155048232344,0.3019832145087462,-0.6482887452892784,-0.5966411002873887,-0.6246849842404083,-0.39048950512097874,0.04038248641122607,-0.268955830641362
2018-03-11,-0.18774205694188698,0.32144843083233443,-0.6391468258208496,-0.5894897818033941,-0.5982528922428884,-0.38301621788222584,0.05166244360047181,-0.2379438289422287
2018-03-18,-0.18627464919613992,0.32368869849030396,-0.6298495582837531,-0.5822103678432007,-0.5756800137456209,-0.3754946853386725,0.054431755520837156,-0.21562099592169423
2018-03-25,-0.18480923727750073,0.32278842282759534,-0.6206193241042967,-0.5749785993833423,-0.5688612070526055,-0.3681084035345959,0.055604536879532776,-0.20360891549718435
2018-04-01,-0.18335480272132557,0.3413895702149564,-0.6114953012880769,-0.5678255119800947,-0.5424201360416107,-0.36088596121182565,0.06652587886718792,-0.1747203543431978
2018-04-08,-0.18185553308436478,0.3409383129368593,-0.6022284835073146,-0.5605545621465539,-0.5354752082517159,-0.3536205199785866,0.06797720680523639,-0.16249683080401844
2018-04-15,-0.1803660919276091,0.33369261301124875,-0.593062120555183,-0.5533578093849869,-0.5396481978553727,-0.34650849040169496,0.06599962402801782,-0.15836659361903022
2018-04-22,-0.17890569787948749,0.3337342528311721,-0.5840806693790633,-0.5463020041297578,-0.533876349608405,-0.33961407505070845,0.06766607781197297,-0.14643413123961396
2018-04-29,-0.17745346005877732,0.3349687066651609,-0.5751900164788131,-0.539313008568107,-0.5288896049735069,-0.3328576009921072,0.06992395842763464,-0.13450304355279086
2018-05-06,-0.17600593981379453,0.32048509194748365,-0.5663740560837978,-0.5323782064987729,-0.5205826342277148,-0.32622310714577063,0.06424489609712264,-0.12773390612889765
2018-05-13,-0.174607373527143,0.2929599652197823,-0.5578283699091543,-0.5256519018817614,-0.5036943243440173,-0.3198616083637891,0.05190386532823457,-0.12326360244029638
2018-05-20,-0.17329398212616842,0.2345723024293351,-0.549711915013078,-0.5192595388282226,-0.49354778085046896,-0.3138921632852507,0.023801944699872426,-0.13631382915139423
2018-05-27,-0.1721514995363772,0.23281954356045795,-0.5424024277796966,-0.5134989825977193,-0.47497097681184675,-0.30860115483995704,0.02405493716028461,-0.12355418629295442
2018-06-03,-0.17102029550538037,0.2093539238549114,-0.5351875435729103,-0.507809295992332,-0.4698014291737176,-0.30342800239024126,0.013246664693928384,-0.1257213281144798
2018-06-10,-0.16996075728989216,0.13002959902360658,-0.5283341983513237,-0.5024007933150266,-0.45278267841758624,-0.2985748576397126,-0.02616072582259692,-0.14887864156869213
2018-06-17,-0.16912745074457683,0.07487748380559905,-0.5225253101771324,-0.4978113406165222,-0.4422720528887124,-0.29455642924206166,-0.05373476129547362,-0.1661683525147653
2018-06-24,-0.16845153679845445,-0.000454469374328049,-0.5174502585956757,-0.493796784382593,-0.432126595493365,-0.29112493317814736,-0.09182034846645513,-0.19388032020683285
2018-07-01,-0.16798745650170274,0.003397663224895979,-0.5133462361902223,-0.4905440273678325,-0.4287654939969719,-0.28844988065768007,-0.08997407667185593,-0.1909524040852485
2018-07-08,-0.1675153211856515,-0.02560588726115566,-0.5092343187734564,-0.48728327469869515,-0.4265463555121145,-0.28578848832539655,-0.10486722523721537,-0.20319593462131635
2018-07-15,-0.1671254601034413,-0.04666996657508019,-0.5055142879281916,-0.4843289593310831,-0.41807897312087505,-0.28343729318556277,-0.11580061990930525,-0.2101925469376934
2018-07-22,-0.1667954450526787,-0.03943234594937552,-0.502084719147147,-0.4816014751561915,-0.4225340101231177,-0.28131685690022734,-0.11230842773740776,-0.20902875734066048
2018-07-29,-0.1664474584431069,-0.024242802462679146,-0.4985996409879294,-0.47882899004430873,-0.4242993669428987,-0.27916982061982765,-0.10471129531121187,-0.20309276147946595
2018-08-05,-0.16605997981645715,-0.13186554029845182,-0.494963970412389,-0.4759367895150305,-0.4107409328550391,-0.2769269238999262,-0.15956910946821729,-0.2472282771394735
2018-08-12,-0.1659670601438539,-0.11875008041237933,-0.49265573045896255,-0.4740859173535018,-0.4018123835536551,-0.27566177707425754,-0.15340632718519476,-0.24006965426950636
2018-08-19,-0.16583910084918868,-0.2220988695171683,-0.4902108066574681,-0.4721269671573096,-0.4005200454049516,-0.2743051103483911,-0.20625619325925418,-0.2879998487105243
2018-08-26,-0.1659911542780211,-0.22626332217479134,-0.48902244259218064,-0.47115375302878193,-0.40019280579080024,-0.27385760164670053,-0.20897544413608976,-0.29254124235945517
2018-09-02,-0.16615361295159717,-0.2722891271084988,-0.4878928228231617,-0.4702265101714659,-0.40306685722839436,-0.27345309381196303,-0.23279334404021526,-0.31707022645724536
2018-09-09,-0.16643892347352437,-0.29063042159771335,-0.48731839145658695,-0.46973479702680276,-0.3930487094676768,-0.273443284529743,-0.2426382008722894,-0.32443677509311725
2018-09-16,-0.16677187655160539,-0.32175797969708125,-0.4869641373959638,-0.4694159835488088,-0.39403946586976096,-0.273586917965863,-0.25883542116512975,-0.34174623352632255
2018-09-23,-0.16718627789691407,-0.3216150510842645,-0.4869782076753451,-0.46938631125916513,-0.3950095882704949,-0.2739861486357505,-0.2593716484979019,-0.345206946766894
2018-09-30,-0.16759808795874703,-0.41774538502808695,-0.48698772568689014,-0.46935355291423264,-0.3934494105272337,-0.2743776414123126,-0.30761120308326395,-0.3895600125053439
2018-10-07,-0.16826337332329316,-0.4201006537749585,-0.4881228947789243,-0.4702035207520741,-0.3933677394533114,-0.2755464663616796,-0.3092239429969214,-0.3936506634751974
2018-10-14,-0.16893137671971659,-0.49809900136917,-0.48927170055844105,-0.47106522251621696,-0.39033798147954946,-0.27671543378951763,-0.347859841044797,-0.4286667236240394
2018-10-21,-0.1698021905415406,-0.5034681597963138,-0.4913167962775915,-0.472630056962972,-0.39323021757702653,-0.2784913367326113,-0.3507342430008675,-0.4352167561478721
2018-10-28,-0.17068257568469303,-0.5211154425176663,-0.4934015692145362,-0.4742274545944309,-0.39403814187255515,-0.28028170216622106,-0.3595037432784125,-0.44582628287475706
2018-11-04,-0.17160476743951664,-0.5240593594096572,-0.49566798466559325,-0.47596855249099307,-0.3951610484669698,-0.282183125413691,-0.36110308607527036,-0.4503237471094034
2018-11-11,-0.17252984510872962,-0.5457484994834482,-0.49794361296424877,-0.47771843094140587,-0.39542309484609334,-0.28407782038705903,-0.37165203178114337,-0.46191023771071466
2018-11-18,-0.17350685729295653,-0.5051268875032067,-0.5004446045063097,-0.4796462012958888,-0.38931680798440266,-0.2861116400982848,-0.35265040295237465,-0.4444094062580091
2018-11-25,-0.1743727059358032,-0.3032726341979011,-0.502451258240043,-0.48118893764248044,-0.37107380390220734,-0.2878007941674995,-0.2579977673028501,-0.3550824482083259
2018-12-02,-0.17470838283231913,-0.30600666261006004,-0.5021201344211241,-0.48090487815774846,-0.372432159687683,-0.28791920739972776,-0.2598188210775579,-0.3585330662316365
2018-12-09,-0.17504941732524829,-0.29999994784072886,-0.5018208518617682,-0.48064588597065366,-0.36357288623286993,-0.28805658772307224,-0.25753334895535185,-0.3526072308284588
2018-12-16,-0.17537312336285316,-0.2896407047719127,-0.5014533204142649,-0.4803337396210471,-0.35722159330329045,-0.2881466177632198,-0.25318224066655953,-0.3459816782290085
2018-12-23,-0.17566838843109364,-0.19949116087177587,-0.5009688932232239,-0.4799304058700687,-0.3681215582072387,-0.2881577960522653,-0.21150497940017046,-0.31721498223982225
2018-12-30,-0.17572978732913666,-0.20359197807380103,-0.4994639848944203,-0.4787300132542581,-0.3651256719234971,-0.2874993464897882,-0.21361997345429676,-0.31751399918564
2019-01-06,-0.17580141249814601,-0.20279213396980109,-0.4980173168758016,-0.4775746734713344,-0.3668880725799745,-0.28688083299852124,-0.21345811627665923,-0.3186316808736915
2019-01-13,-0.17587061947627852,-0.18201187261392343,-0.4965729139337526,-0.476420707262667,-0.3577967845040061,-0.2862655185689197,-0.20393260571642643,-0.3053830067370052
2019-01-20,-0.1758863260060424,-0.23046821974571807,-0.4949060289577054,-0.47509270322873054,-0.35685833998784033,-0.2855081899598529,-0.22666056427529085,-0.3244024418424438
2019-01-27,-0.17602556553088844,-0.2606948768117402,-0.49379602081375734,-0.4741987282413413,-0.35572236209557473,-0.2851112472187883,-0.24099761989517474,-0.3362202979629038
2019-02-03,-0.17624100907104323,-0.289806918680023,-0.4930321791685847,-0.47357457932560876,-0.3528432737002793,-0.2849364196448928,-0.2548918559504973,-0.34672203389529943
2019-02-10,-0.1765292474203046,-0.28776952044842896,-0.49259785904843656,-0.4732073786426361,-0.35567729197439396,-0.2849710457550413,-0.2542191715671441,-0.34785678922534113
2019-02-17,-0.1768108683646797,-0.29177540103979727,-0.49214255711575705,-0.4728239510967098,-0.3547810958576538,-0.2849908006624314,-0.2563726119009098,-0.3492550117438649
2019-02-24,-0.17710118284113197,-0.2906614111166664,-0.49173358063991335,-0.47247675109573317,-0.35609443809732516,-0.2850383585874835,-0.2560387328022102,-0.3496261048696425
2019-03-03,-0.17738722875618368,-0.31144411247417786,-0.49131374015584356,-0.47212122686708835,-0.3558887165671025,-0.2850775000562411,-0.2659180775124207,-0.35786254682896307
2019-03-10,-0.17772405509718353,-0.34051488008912345,-0.49112475656001564,-0.47194567889792344,-0.35707317169523245,-0.2852597664951155,-0.2796758829771578,-0.3701682661192418
2019-03-17,-0.17813205215230118,-0.3448620688377187,-0.4912550483847622,-0.4720190337550579,-0.35769635213846196,-0.28563911030238787,-0.2819560254427512,-0.3722749850110382
2019-03-24,-0.17854887719401494,-0.3493504009182837,-0.4914295061937423,-0.47212718115489966,-0.3575317742516546,-0.2860429223213796,-0.28427837124332767,-0.37390595016712724
2019-03-31,-0.1789748161559207,-0.344203603268476,-0.49164915306483686,-0.4722709256654797,-0.3589630215110947,-0.2864716613007312,-0.2821104150271645,-0.3726242020948936
2019-04-07,-0.1793858330392853,-0.22867313919342258,-0.49180830650488283,-0.47236803551376033,-0.37129289634539026,-0.28686001088934027,-0.22817828445579214,-0.33322600116138434
2019-04-14,-0.17950813404711197,-0.2331119687994343,-0.49070631078161786,-0.47148441129887597,-0.3699455275003128,-0.28647121642392315,-0.22999762828419373,-0.3335674736202636
2019-04-21,-0.17964081680639987,-0.23444600319751863,-0.48966037451337197,-0.4706441612640834,-0.370404095329012,-0.2861170458012944,-0.2302615221321026,-0.3335561332077422
2019-04-28,-0.17977613825427913,-0.23383432562533651,-0.4886362379466194,-0.46982066507553677,-0.3679851154355349,-0.2857763420083117,-0.2296155789401609,-0.3310965380966757
2019-05-05,-0.1799092864990354,-0.21315847457792403,-0.4876126518278138,-0.4689974129593069,-0.3726355762910576,-0.28543609498292183,-0.21960397305246854,-0.32467842808734065
2019-05-12,-0.17999097983583856,-0.15750003157134432,-0.4863735845719937,-0.46800651958385603,-0.38157194761900276,-0.28496572044781443,-0.1933010512764576,-0.30673575984406426
2019-05-19,-0.1799358549626413,-0.14948554038071785,-0.4845459179806951,-0.4665580354730599,-0.38885104630592376,-0.2841415518340024,-0.18902423300238966,-0.306641566150778
2019-05-26,-0.17986140431574177,-0.3797061369248605,-0.4826468582414745,-0.4650535236630376,-0.39049975296560985,-0.2832764853316926,-0.29503598869601116,-0.3978837666248535
2019-06-02,-0.1803488304928372,-0.3780591366880912,-0.48322205459991385,-0.4654697305395673,-0.3908169040659448,-0.283892021030501,-0.2946295368609924,-0.39752906868133425
2019-06-09,-0.18082987746654824,-0.3861617162193481,-0.4837723895160435,-0.46586725983817623,-0.3840206638558342,-0.2844893017711384,-0.29872894626431956,-0.3969935920375056
2019-06-16,-0.18132825571594835,-0.3893410048987419,-0.48440175176831896,-0.4663267273674181,-0.39294065738755185,-0.2851301223462925,-0.3005786152904032,-0.40345347334353765
2019-06-23,-0.1818319185468994,-0.41131876520241717,-0.48505705231367885,-0.4668069569207861,-0.40258652641152237,-0.2857828284959838,-0.3111649558567339,-0.4178166205508547
2019-06-30,-0.18238623460162287,-0.4199688220482741,-0.4859366908953635,-0.4674618493964898,-0.4032647335804555,-0.286564206273625,-0.31570268214909564,-0.4221010227676852
2019-07-07,-0.18295872276414485,-0.42004478383687377,-0.48689757428584585,-0.4681804928549794,-0.40662782671203146,-0.28738942491151936,-0.3162823506556195,-0.4245255406505126
2019-07-14,-0.18352864118018514,-0.44838884941584456,-0.4878486141427541,-0.46889228163863494,-0.40150828844071673,-0.28820496398359596,-0.3299841725965308,-0.43329559468889256
2019-07-21,-0.18416379755485096,-0.45083955356325367,-0.4890863819263213,-0.4698270771536523,-0.40372527694756466,-0.289183725790455,-0.3317488940301391,-0.4361056434394054
2019-07-28,-0.18480177783238294,-0.4030492526140697,-0.49033674240619246,-0.4707725266299375,-0.39893046197201476,-0.29016548274711124,-0.3101552882421468,-0.4148970575636682
2019-08-04,-0.1853226548605015,-0.39347279296065374,-0.49107538718736843,-0.47132244411197266,-0.4067420407324292,-0.2908469022759669,-0.30614951382889166,-0.41587427965216994
2019-08-11,-0.1858182504274067,-0.3943842193703984,-0.4917058151991823,-0.4717891816571189,-0.4096051925259335,-0.29146268327761676,-0.3069636576296325,-0.4180511233697418
2019-08-18,-0.1863136565294091,-0.3487680004716499,-0.4923381187485141,-0.47225794545667804,-0.4041950509791497,-0.2920765548427642,-0.286124120992616,-0.3970555085705753
2019-08-25,-0.18669861942974617,-0.340879528041775,-0.49249059858079736,-0.4723558488694811,-0.40305449949567584,-0.29241268397236303,-0.2826992342672752,-0.3933152687168152
2019-09-01,-0.18706311330353337,-0.33233887384218275,-0.4925582754114975,-0.47238845326933104,-0.4012596149671012,-0.29269835486368906,-0.27894608958444606,-0.3889206183005613
2019-09-08,-0.18740574481423783,-0.3309471201068856,-0.4925353971655275,-0.47235128048060004,-0.40452517502444113,-0.2929306329809996,-0.27847341069634535,-0.39020599319681276
2019-09-15,-0.18774348922669112,-0.3274122915334428,-0.4924964354823088,-0.47230190514253084,-0.4039243664432975,-0.29315209720471935,-0.2769625511623883,-0.3883346730360575
2019-09-22,-0.18807135026496977,-0.3223206152431888,-0.49241961797816847,-0.4722234834977301,-0.4024778826298053,-0.29335052329904965,-0.2747090944819884,-0.3853412516876103
2019-09-29,-0.18838575135391178,-0.21112448794356847,-0.4922894638614782,-0.4721040340355489,-0.39086365246074556,-0.2935173443187624,-0.2229639027272651,-0.3345054709492413
2019-10-06,-0.18843887924314004,-0.2870278699219689,-0.49102479909682245,-0.4711078962278253,-0.3886812759360366,-0.29304561073687574,-0.25815244172122204,-0.36283922313246586
2019-10-13,-0.18866869041022347,-0.28550963301330085,-0.4905410404105271,-0.47071479897369434,-0.3910456080554578,-0.2930113527935137,-0.25758482469485416,-0.3636316673032379
2019-10-20,-0.18889390190464922,-0.2843216229874322,-0.4900441336487198,-0.4703115541044316,-0.3901057508809898,-0.29296888855952824,-0.2571617712258681,-0.3626374590772676
2019-10-27,-0.18911531193036332,-0.25772395991288655,-0.489537575905545,-0.4699008584897005,-0.3974911273240631,-0.29292021536864465,-0.24488665292943906,-0.3563785400994594
2019-11-03,-0.18927412824513776,-0.26465672591720524,-0.48876501814080336,-0.4692847777062657,-0.394943174903716,-0.2927232137444512,-0.2481780060010548,-0.3575914307248751
2019-11-10,-0.18944822200419562,-0.3219181657599567,-0.4880669956406064,-0.4687261025498096,-0.39338098451658926,-0.2925669934882907,-0.2749772785660696,-0.3793581371967713
2019-11-17,-0.18975345228934712,-0.36773719689856504,-0.487948143248968,-0.4686142955326751,-0.38989551305494036,-0.29272946009629075,-0.29663415333963356,-0.39579319486549336
2019-11-24,-0.19016261032293155,-0.29601865404091976,-0.48828746933344463,-0.4688561731102674,-0.37935676017698367,-0.2931423625046214,-0.2635907139262099,-0.3617951529264109
2019-12-01,-0.1904053994140279,-0.2860729128201726,-0.4879053903522647,-0.4685420061694928,-0.38219405860251926,-0.29315810922481406,-0.25893448847258727,-0.3591809021608601
2019-12-08,-0.1906243182090076,-0.31878755114413854,-0.4874255828618751,-0.468152530129387,-0.3823389797405649,-0.2931195313792262,-0.2741461275980983,-0.37186028051189757
2019-12-15,-0.190916928329864,-0.3743375665725823,-0.487273326167054,-0.4680155858324893,-0.37906048420756844,-0.2932585331033489,-0.3000879320152011,-0.39167339366211223
2019-12-22,-0.19133474299556502,-0.4520312975822227,-0.4876715692030048,-0.4683031054518772,-0.38158369990576496,-0.2936952408205571,-0.3365354727045845,-0.42371218827545826
2019-12-29,-0.1919272351650802,-0.45292988538021284,-0.4888334434421109,-0.4691794747752797,-0.3813529275341737,-0.29454350125337375,-0.33739851117921926,-0.4239625349399937
2020-01-05,-0.19251907790933215,-0.46581007062214,-0.48999265578726325,-0.4700545746447367,-0.38141000949302656,-0.29538750966525534,-0.34385392186600355,-0.42909644697435567
2020-01-12,-0.1931373833227096,-0.4526413492900891,-0.4912672118291796,-0.47101928205327376,-0.3872803736955675,-0.296290842708204,-0.3381732169989326,-0.4273071893097813
2020-01-19,-0.19372317105627015,-0.4436506544277725,-0.4924000023476646,-0.47187565057028397,-0.3908569226405841,-0.297115216511719,-0.33435925144402723,-0.4257420191798387
2020-01-26,-0.19428607079359342,-0.4692238367175896,-0.4934334922200473,-0.47265632130170665,-0.3904976919908405,-0.29788378701107826,-0.3467032582557559,-0.43555259242736505
2020-02-02,-0.19490390846982722,-0.5064773761151831,-0.494706602780342,-0.4736220950992283,-0.39540923044036147,-0.2987777674871003,-0.36468477060468824,-0.4532038888576707
2020-02-09,-0.1956025036887629,-0.4923506344057078,-0.4963306631631189,-0.47485869123968477,-0.40042156160072534,-0.29985583199499255,-0.35869708306604753,-0.45072384439678814
2020-02-16,-0.19626636975300674,-0.5242248538582748,-0.49780211638972,-0.4759788510773154,-0.3999964212012173,-0.3008498167028183,-0.3742788785721489,-0.4632708151337952
2020-02-23,-0.19699841994074163,-0.525589284517605,-0.4995689863508524,-0.47732706940033887,-0.40092702975633593,-0.30199733214466395,-0.3756562959472717,-0.4647168479404708
2020-03-01,-0.19773024814692614,-0.46365775859133995,-0.5013327695555129,-0.47867391681217375,-0.3936924560368843,-0.30314009136885944,-0.3471963162095909,-0.4364233031020287
2020-03-08,-0.198321198170136,-0.47186275400008615,-0.5024822120480099,-0.4795495361377743,-0.3914157186864778,-0.30395631171844945,-0.35159128318797417,-0.43858166043383356
2020-03-15,-0.1989277204668764,-0.16645610600661054,-0.5036995445576465,-0.4804780196324547,-0.3702430893644821,-0.3048057839346091,-0.2078995693690238,-0.3057884654924974
2020-03-22,-0.19885588061187578,-0.1499880753490741,-0.5019697904586787,-0.479143022269482,-0.3733322910062827,-0.3041093685949501,-0.1998614667049055,-0.3005656713627018
2020-03-29,-0.1987480046620682,-0.21034437728608296,-0.5000945231168883,-0.4776955860359548,-0.3726122036383166,-0.3033374487929462,-0.22804488646705945,-0.32350189595540435
2020-04-05,-0.1987735473330463,-0.17700014491271235,-0.4988101709653901,-0.47670118626906083,-0.378891986055573,-0.3028740121327292,-0.21227428467378176,-0.3137768071290543
2020-04-12,-0.19872569370135335,-0.18073330856753408,-0.49721635517266893,-0.4754687549580885,-0.37918640711805174,-0.30224982270197415,-0.21383910253437113,-0.31504517359777323
2020-04-19,-0.19868623671641067,-0.17938473189341908,-0.49566932387430823,-0.47427164255333465,-0.37932522143514247,-0.3016502140930113,-0.2130180107362568,-0.31421997778576943
2020-04-26,-0.1986440014760979,-0.20832705359753897,-0.4941203350563332,-0.47307246545680764,-0.38189010706715093,-0.4235616073895941,-0.22647334491866752,-0.32678905962588134
2020-05-03,-0.19866514351129755,-0.1749481417672669,-0.4928564495171595,-0.4720914510312822,-0.38831621325949944,-0.42280808307644174,-0.21064915453619548,-0.3169672579384649
2020-05-10,-0.19861347248353267,-0.1748216829183659,-0.4912855654022221,-0.47087455471769313,-0.3860744395529193,-0.42179194743858395,-0.21041695634166757,-0.31527643161227487
2020-05-17,-0.19856175120186928,-0.16498993957468505,-0.4897244927146638,-0.4696646223681673,-0.39018198043687324,-0.42078462796287497,-0.2055533145011415,-0.3132402292196426
2020-05-24,-0.19848892731547618,-0.2162652166113404,-0.4880818233185817,-0.46839158752748516,-0.38419762975865,-0.4197082654305554,-0.22938264329382205,-0.3296360265271668
2020-05-31,-0.1985274041321339,-0.21574788104728398,-0.4869320425398628,-0.4674957324483302,-0.38681864399877364,-0.41905092713558384,-0.22902380776305656,-0.3306290264453268
2020-06-07,-0.1985645973868104,-0.21493791775294704,-0.4857850232839057,-0.4666016445252898,-0.3875983593062338,-0.4183957554320265,-0.22853777045971596,-0.33047741085541205
2020-06-14,-0.1985998847151857,-0.2177584627695578,-0.4846380135003851,-0.4657072194378625,-0.38463436831258324,-0.4177404091196544,-0.22972168257040584,-0.32959340039956964
2020-06-21,-0.1986410859583133,-0.22008053683157175,-0.48352486742875084,-0.46483838839683156,-0.38351884799022046,-0.41711341873331165,-0.23061404232195418,-0.32946696179877055
2020-06-28,-0.19868709336362067,-0.21951439907998194,-0.4824406128594491,-0.4639913567272662,-0.3817646410045562,-0.4165104857537913,-0.23006251674147865,-0.3277062250081647
2020-07-05,-0.19873169144866656,-0.21964309635225923,-0.48135816497462774,-0.4631454016687595,-0.38081984632475757,-0.4159087896419078,-0.22983689964196347,-0.3266808547884559
2020-07-12,-0.19877637393777675,-0.23532440858672715,-0.4802839479140079,-0.46230544302853377,-0.38116280318591617,-0.4153136967287867,-0.2368877257820198,-0.3325189988239527
2020-07-19,-0.1988543015169856,-0.24083247307770964,-0.47936153947742216,-0.46158134383818494,-0.38005575811795983,-0.4148450588483222,-0.2392170983872734,-0.3335633941458504
2020-07-26,-0.1989436167756254,-0.23296581028860555,-0.47849565977799713,-0.4609002631747805,-0.3829927816213702,-0.4144230298064462,-0.2353088642113799,-0.3315815879566989
2020-08-02,-0.1990158507321285,-0.22543325392428926,-0.4775627746911718,-0.4601677417510958,-0.38762631441234857,-0.4139447674310065,-0.23151411193142876,-0.33060494240714183
2020-08-09,-0.19907181980668823,-0.23185579966380704,-0.47656663430940727,-0.45938662997850993,-0.3892930562817919,-0.41341358455869026,-0.2341827899736075,-0.33340916991186276
2020-08-16,-0.1991411305463438,-0.23271272371425078,-0.47563560832837487,-0.4586550410959904,-0.3893579342132439,-0.41293586760183154,-0.234283477605671,-0.33316042103474214
2020-08-23,-0.19921195669226763,-0.23159846857058433,-0.47471822777219824,-0.45793366053880635,-0.38757747425706607,-0.41246893949764546,-0.23342924970393256,-0.33107966662520905
2020-08-30,-0.1992801388225378,-0.2780579441599952,-0.4737964050875369,-0.4572086739519797,-0.38690050164114853,-0.4119978637443188,-0.25471216914392386,-0.34833238749205053
2020-09-06,-0.19944563841358282,-0.2491795758996563,-0.47330265895788354,-0.45681047669119756,-0.38005258968464606,-0.4118780562509996,-0.2411212144650469,-0.33281221668705463
2020-09-13,-0.19954990243346998,-0.7558484629543738,-0.4725494137550398,-0.45621408307279054,-0.37976777552769586,-0.41154457270464057,-0.4763654745953975,-0.5313499352406317
2020-09-20,-0.20071370695338803,-0.7680825766746889,-0.47638571625624593,-0.4591218062782546,-0.3845038552667881,-0.41496501459214646,-0.48323391678253275,-0.5395305413956066
2020-09-27,-0.20189819311147014,-0.7615089767046338,-0.4803015804311388,-0.4620922182524673,-0.38585151025134806,-0.4184453113180091,-0.4813311274409595,-0.538487639057504
2020-10-04,-0.2030640489106226,-0.8302292506373625,-0.4841267660801103,-0.46499540060433275,-0.3874482536102757,-0.4218466625293064,-0.5145980965838637,-0.5669936850254741
2020-10-11,-0.20436792666889023,-0.8189397980906359,-0.48853896611466274,-0.46834838700430165,-0.39300855573517846,-0.4257201766438779,-0.5107164663992514,-0.5665191200768972
2020-10-18,-0.20564297204528384,-0.8187051055171837,-0.4928147761970043,-0.4715994961663684,-0.39580862077366535,-0.4294776948903196,-0.5119589581772886,-0.568809698447965
2020-10-25,-0.20691225182472867,-0.7739345003298169,-0.4970544541412531,-0.4748251317294049,-0.40445514657760334,-0.43320079101083975,-0.49246112416688503,-0.5572440770912578
2020-11-01,-0.20808378539602035,-0.8548062822073177,-0.5008606793299767,-0.4777223216751224,-0.4091688091925059,-0.4378325965995751,-0.5314430842231092,-0.5919559383342275
2020-11-08,-0.20941723384305394,-0.8073444603203568,-0.5053570717147474,-0.4811474519269861,-0.417851639620396,-0.44342476189688246,-0.5107277403540063,-0.5795807467054753
2020-11-15,-0.21064753677819237,-0.8456033240429134,-0.5093960320868033,-0.48422609475057377,-0.42174118539672045,-0.44824081389013093,-0.5298364068365149,-0.5973232131450491
2020-11-22,-0.21195134742966001,-0.8423511769172894,-0.5137423550103867,-0.48754083175758833,-0.43174141982340786,-0.4534307595542028,-0.529643095065438,-0.6028086872171996
2020-11-29,-0.2132431503589379,-0.8419574040742855,-0.5180256406355717,-0.49080957329158326,-0.4334324187131305,-0.45844495287136167,-0.5309701419135092,-0.6045346030168985
2020-12-06,-0.21452886457921475,-0.8348995232488438,-0.5222717312425086,-0.49405196513584726,-0.439173589900861,-0.463326487820901,-0.5291769301612186,-0.6061677025301956
2020-12-13,-0.21579492714792814,-0.8541401924675697,-0.5264222530020463,-0.4972235327022134,-0.4410834608739449,-0.4679966084288857,-0.5396376208985121,-0.6154499469022237
2020-12-20,-0.21709501933798858,-0.7112944927927637,-0.5307093465888383,-0.5005009474867935,-0.4545168089487181,-0.47278961816349396,-0.4743766247149313,-0.5705678100649377
2020-12-27,-0.2180994898124902,-0.6995283232433224,-0.533709658315578,-0.5028009616322409,-0.4624803742359302,-0.4757137654652758,-0.4699991511884214,-0.5717979756898657
2021-01-03,-0.2190760188863864,-0.5807378419723347,-0.5365830756886621,-0.505005756856365,-0.47652113382020017,-0.47842456936942684,-0.41546841939884555,-0.5365428075960703
2021-01-10,-0.21980812784000162,-0.5577802875995973,-0.5383959419805635,-0.5064050335068422,-0.4851536284164615,-0.4796489409663146,-0.4054875673512285,-0.5338976211981958
2021-01-17,-0.22049089987992,-0.529042581774116,-0.5399937352364985,-0.5076415170964156,-0.48280282357037696,-0.480572873535804,-0.39273566334198823,-0.5221955343467234
2021-01-24,-0.22111297988373893,-0.45787126486484125,-0.5413282422816411,-0.5086784814463092,-0.4774459168351948,-0.4811393473061409,-0.3599986027735975,-0.492613294261937
2021-01-31,-0.22158935470261457,-0.4690056340010567,-0.542033716183171,-0.5092378056230096,-0.47927884131618476,-0.4808705507186185,-0.3656823180172807,-0.49829835493887764
2021-02-07,-0.222086174540563,-0.43337519713795036,-0.5428289181035484,-0.5098655949685249,-0.48835380957917085,-0.4807350506329448,-0.34944767218080575,-0.49103487050303574
2021-02-14,-0.22250959943554788,-0.3654694075689559,-0.5433088873702913,-0.5102541570770893,-0.5005627961103688,-0.48020029718968343,-0.3179661795682028,-0.4735735117769339
2021-02-21,-0.22279551905181474,-0.3545262622199895,-0.5431983190194526,-0.5101942560279967,-0.5090217233061014,-0.4789193024766002,-0.3130660907583515,-0.47496017991504397
2021-02-28,-0.2230584546669209,-0.203417316914385,-0.5429929405303352,-0.5100622441591969,-0.4958288410909068,-0.4775457636548833,-0.24231330718477406,-0.41013475751068007
2021-03-07,-0.22301932889450532,-0.2557785703668312,-0.5414901997824052,-0.5089449374350259,-0.5008691281051867,-0.4745519153169997,-0.2667473576470734,-0.4325844606558986
2021-03-14,-0.22308445661115017,-0.246193053560982,-0.5404456150676656,-0.5081747384100265,-0.5084444850322614,-0.4721884309392197,-0.26223029249482177,-0.4335878457559588
2021-03-21,-0.22313030700192363,-0.22700146032041343,-0.5393252691014974,-0.5073465287161733,-0.5051812579047623,-0.4697730189723059,-0.2526000706262973,-0.42339918201866483
2021-03-28,-0.22313797265205926,-0.22258429023006238,-0.5380479306515903,-0.5063986500983049,-0.5023886959233745,-0.4672057438900944,-0.24986856903366317,-0.41904343289731466
2021-04-04,-0.22313687841802365,-0.23060294986563476,-0.536740859881653,-0.5054276129365158,-0.5035463045265537,-0.4646459756177944,-0.2529285981218988,-0.4217926438222155
2021-04-11,-0.2231516043972103,-0.22855393100604784,-0.5355099897996024,-0.5045137646332624,-0.5039937525440034,-0.46222226435449526,-0.25124424860544126,-0.42033910474758424
2021-04-18,-0.22316223889840886,-0.20849287343235023,-0.5342692703161923,-0.5035918759537723,-0.4996269589037473,-0.45982723586735486,-0.24131708119717443,-0.40932718361681764
2021-04-25,-0.22313341892696278,-0.15746845066729662,-0.5328664294309025,-0.5025465010339821,-0.49091769812118835,-0.4572772723611661,-0.21729800576052852,-0.3844830936280927
2021-05-02,-0.22300466408723782,-0.14551711717620638,-0.5310416006804607,-0.5011806215002095,-0.4969038940112251,-0.4542660523840422,-0.2112288678138711,-0.38301878437113474
2021-05-09,-0.22285302505218701,-0.15127121120408388,-0.5291278671064814,-0.49974654919931916,-0.4967395227677427,-0.4511958759304511,-0.21314999217746305,-0.38414856037314066
2021-05-16,-0.22271321682201498,-0.05047435977305684,-0.5272749032793198,-0.49835766996944886,-0.4827054201570515,-0.44824281241042707,-0.16725725031752786,-0.33879965180981053
2021-05-23,-0.22237746856266016,0.038969014499706155,-0.5245883136428,-0.496336503166072,-0.4658976390361942,-0.4443645625513126,-0.1269499980831228,-0.29640523985007183
2021-05-30,-0.22186901236993184,0.037348471081111195,-0.5211708506329826,-0.49376064716005286,-0.46430620032784714,-0.43969755454290155,-0.12748226960520395,-0.2957191569716044
2021-06-06,-0.22136567745060953,0.036501440814528996,-0.5177900131632162,-0.4912110381990556,-0.4615808441960861,-0.43513531078719636,-0.12766571647190467,-0.29407691715160594
2021-06-13,-0.22086593497335139,0.03879484934833982,-0.5144390322585877,-0.48868257422940004,-0.46307280432169995,-0.4306675265696872,-0.1264770886631438,-0.2938858529029614
2021-06-20,-0.22036368974255519,0.017608829845256732,-0.511091523308754,-0.48615530641756827,-0.4557597276960808,-0.42626207264929705,-0.13540227366233723,-0.29635856530933
2021-06-27,-0.21990428333408452,0.008802601782035816,-0.507942403062698,-0.48377673511984753,-0.4514013286257581,-0.42213549413011675,-0.13880042421429048,-0.29594637904349985
2021-07-04,-0.21946361496199163,-0.04495833471773959,-0.5048873054630919,-0.48146797201375346,-0.44979789091451694,-0.4181660524143645,-0.16119910597246778,-0.3121283059395418
2021-07-11,-0.21912802788459895,-0.06744247544410237,-0.5022970789227442,-0.47950954111044036,-0.44566528992400695,-0.41475975071781224,-0.17023782762603132,-0.31613261640887397
2021-07-18,-0.21883688478970356,-0.0649005197796161,-0.4999094365940065,-0.4777032429907712,-0.439420372407616,-0.4116184246835002,-0.16872205421701406,-0.3105472704762604
2021-07-25,-0.21854198753872636,-0.06723657291953282,-0.4975164796354863,-0.47589196665034544,-0.441912320139829,-0.4085106282785268,-0.16926503320538147,-0.31180498618317654
2021-08-01,-0.21825268464270495,-0.04988466510131946,-0.4951583528231975,-0.474106061783823,-0.4457455245027511,-0.4054788033486063,-0.16158163727479963,-0.30733318321675207
2021-08-08,-0.21793137162831297,-0.06916546891652559,-0.49267329872182386,-0.4722233076291513,-0.4477811547151448,-0.40234757836817003,-0.16921431032107323,-0.31389765129522007
2021-08-15,-0.21764800800410006,-0.12648077363834742,-0.4903622757922382,-0.4704710584942915,-0.4485128778820281,-0.39943931413292805,-0.19273302195439646,-0.3323427148095757
2021-08-22,-0.2174746862657622,-0.16158007951642298,-0.48853436792358584,-0.4690828387694229,-0.4485057600099086,-0.3970773435941227,-0.20707347204798265,-0.3431871428585539
2021-08-29,-0.21736862439337243,-0.2484635409496298,-0.48700416362915505,-0.4679187632667456,-0.4460527160142411,-0.3950570160942464,-0.24305075194857773,-0.3700122862051622
2021-09-05,-0.2174275162807896,-0.2673241643682599,-0.48619022656159316,-0.46729494796540105,-0.447317278378741,-0.3938100902258518,-0.250957457343019,-0.37700032915979714
2021-09-12,-0.21752183886696622,-0.2946934892116055,-0.4855339494273899,-0.46678991162137334,-0.44087015892376474,-0.39274327376797463,-0.26240604853296084,-0.3823396953791522
2021-09-19,-0.2176674457544091,-0.2949479319697416,-0.4851028616292863,-0.4664546636520333,-0.44081324687313705,-0.3919232120275749,-0.2626148233737494,-0.38243786980092787
2021-09-26,-0.2178129833932327,-0.28342177678747404,-0.48467573024197214,-0.4661223341720534,-0.4356446148583792,-0.3911188644947459,-0.2579272139357712,-0.37569349715514
2021-10-03,-0.21793630819284585,-0.26259593920172275,-0.4841574675456667,-0.46572119143269586,-0.4396188022059833,-0.39023293468579995,-0.24934301904408535,-0.37107764911704066
2021-10-10,-0.21802009736922282,-0.23492012615067562,-0.48347399977916283,-0.46519534279503927,-0.4440989461008047,-0.38919154330057,-0.23785627287178987,-0.36435281402693487
2021-10-17,-0.21805174536319552,-0.21871130340679656,-0.4825717462594156,-0.4645043411714953,-0.44789322440767754,-0.38794302807811615,-0.2310985542484081,-0.360954709834037
2021-10-24,-0.2180529781819686,-0.2545663276638402,-0.4815446220874464,-0.46371893272479253,-0.44591969932484066,-0.3865844344808117,-0.2460305905520908,-0.37169046364041514
2021-10-31,-0.2181211001026438,-0.28915298783419385,-0.4808104906260479,-0.46315405037506613,-0.44513512040373027,-0.3855330327572549,-0.2605389279806003,-0.3829680065766565
2021-11-07,-0.2182533754987918,-0.2895204127307675,-0.48035664165925185,-0.4628001966380796,-0.44526699347237236,-0.3847715198722974,-0.2608527395256115,-0.3834360388576221
2021-11-14,-0.21838584211074724,-0.4136205977138644,-0.4799077866722831,-0.46245003698126075,-0.4456225861142811,-0.38402482662348064,-0.3127334457585646,-0.42566125192432663
2021-11-21,-0.21874805872596642,-0.6355362324981862,-0.48044844294195405,-0.4628451825562874,-0.44124087914625926,-0.3842550294237209,-0.405524562301135,-0.4985440405776286
2021-11-28,-0.21951988867739644,-0.6264791785320728,-0.48274673018789727,-0.4645643793496708,-0.44123769434290605,-0.3861944677403861,-0.4021441793186161,-0.49665282630729113
2021-12-05,-0.2202721239636343,-0.537357539609436,-0.48495663988473103,-0.46621813183820077,-0.4358687835246126,-0.38803482867011907,-0.3656398340044428,-0.4650276278341002
2021-12-12,-0.22085715240578518,-0.5546353647763503,-0.4864456176982947,-0.46733022258279855,-0.4373098249188067,-0.38916981102110315,-0.3731797413525887,-0.4726440455440037
2021-12-19,-0.2214718452462465,-0.5670966971588626,-0.4880599245848183,-0.4685373804432234,-0.43508544020171486,-0.3904180056404749,-0.37871199881900114,-0.47643234333495155
2021-12-26,-0.22210718504755653,-0.558624102630359,-0.48976051846314106,-0.46981025445303015,-0.43956748184529837,-0.3917408083142852,-0.37565625644499123,-0.47738402487956627
2022-01-02,-0.22272464728165342,-0.5374271526687989,-0.49138202965673405,-0.47102444961138257,-0.4372169467495368,-0.39298098704951084,-0.3673990246620139,-0.4699957858523527
2022-01-09,-0.2233010254966482,-0.49152335387286095,-0.49282527598216935,-0.47210533672998733,-0.4323455533831581,-0.3940465078821146,-0.349083059095468,-0.45294744870587333
2022-01-16,-0.22379137710245475,-0.5119031479635993,-0.49389826757119876,-0.472908483665563,-0.4341156420463858,-0.3947602897963526,-0.3578743363472599,-0.4613628570396166
2022-01-23,-0.22431712850913574,-0.4481516328943574,-0.49512239126415647,-0.47382579388130097,-0.4267483879838504,-0.3956118420811895,-0.33229326775428386,-0.4369371437190312
2022-01-30,-0.22472484163187748,-0.486980333500672,-0.49583989975728787,-0.47436287519014514,-0.4289846826192367,-0.3959910157957775,-0.3485506441801702,-0.45146509415146835
2022-02-06,-0.22520166979891168,-0.47927978522907405,-0.49685399243790807,-0.4751232275986607,-0.43426586971606024,-0.3966429703056563,-0.34584597971456676,-0.45307979089480543
2022-02-13,-0.22566279160550004,-0.49313661439991807,-0.49780047836513175,-0.4758332781003111,-0.43435818065964027,-0.39723086528866297,-0.3519271725039621,-0.45826542603247483
2022-02-20,-0.22614734563230154,-0.48206989824963214,-0.49884716619769737,-0.47661906818708755,-0.43057663641411664,-0.3979083384670899,-0.34789054813195064,-0.45291943209702007
2022-02-27,-0.22661013505837266,-0.4815795528756911,-0.49980022888404413,-0.47733504151353456,-0.4297625305634044,-0.39849868115866227,-0.3481509501747675,-0.4527675773253924
2022-03-06,-0.22707036866454103,-0.4912141922240863,-0.5007421949901302,-0.4780431419232587,-0.43088485425815404,-0.3990773842201373,-0.35253671142682214,-0.45693841302116506
2022-03-13,-0.22754630348176552,-0.5222397858132071,-0.5017512503670599,-0.4788020623437902,-0.43045965596942404,-0.39971472732172036,-0.3656618441716074,-0.46689820859625314
2022-03-20,-0.22807632773056294,-0.4987588341269149,-0.5029914912764448,-0.47973499003935,-0.4349647829391173,-0.4005564542453307,-0.35663458899530087,-0.46271028239405243
2022-03-27,-0.22856229273306994,-0.47728294359298035,-0.5040421675934447,-0.4805262258023265,-0.441006741999162,-0.4012264853791634,-0.34835902129064644,-0.46013291934924827
2022-04-03,-0.22900802866651068,-0.5111036956103446,-0.5049202603663406,-0.48118845609683714,-0.4409168607559251,-0.4017418990765635,-0.36261058470748186,-0.4711223314226889
2022-04-10,-0.2295126720778591,-0.5397214571062697,-0.5060504677028358,-0.48204022063400503,-0.43700267220910827,-0.402478025365484,-0.3748214670684286,-0.478042254484457
2022-04-17,-0.2300666163368385,-0.5860686966773004,-0.5073909137573258,-0.483050175782763,-0.4346645715733246,-0.4033956493814142,-0.39434097166240367,-0.49167706067299277
2022-04-24,-0.23070120115027956,-0.5857608120496324,-0.5090750123762142,-0.48431841318412955,-0.4351992274013136,-0.4046089086051785,-0.39487611322533794,-0.49246368375647853
2022-05-01,-0.23133297981736028,-0.5878245063676099,-0.5107448045974792,-0.485576658349772,-0.4347034533303551,-0.40580412657391274,-0.39640132520723587,-0.493267762299761
2022-05-08,-0.23196617968689895,-0.5617321401998975,-0.5124184228857175,-0.4868384929312678,-0.42983192842196455,-0.4069972028721252,-0.3864173947972492,-0.48222538731149994
2022-05-15,-0.23255087110624822,-0.5597423963643016,-0.5138823607326359,-0.48794391228371764,-0.4263228293569677,-0.4080048285682337,-0.3862338606009316,-0.4796470179885622
2022-05-22,-0.23312997115095277,-0.575531980309133,-0.5153207651920096,-0.4890308261285662,-0.4255866073206653,-0.4089865426829093,-0.3933449219634577,-0.4843398169212131
2022-05-29,-0.2337349216971686,-0.5755480428663229,-0.5168681392447821,-0.4901999776449306,-0.42482152011259483,-0.410057134456305,-0.39392986270844677,-0.48371985674168294
2022-06-05,-0.23433776670804893,-0.6256662531376026,-0.5184046558345254,-0.4913616477370002,-0.42621764444224275,-0.4111141527244872,-0.4151578442430546,-0.5003844361480373
2022-06-12,-0.2350267253109179,-0.6037406115158805,-0.5203074189878223,-0.49279819921896584,-0.4220318483747063,-0.4124758357795496,-0.40694982329543433,-0.4908277099133702
2022-06-19,-0.2356747286258651,-0.43722258545065407,-0.5220322745510084,-0.4941023496016419,-0.41016584628159003,-0.4136820672667991,-0.33879149865779706,-0.4303478906987399
2022-06-26,-0.2360283213571367,-0.4605837557074265,-0.5224967063364626,-0.49446379764855025,-0.41142391941005213,-0.4138295976126376,-0.3485853898593313,-0.43832076459888814
2022-07-03,-0.23642158831746993,-0.45620833640812525,-0.5231319814336516,-0.494953276531762,-0.40731579547887004,-0.41412078483747206,-0.34697522256335434,-0.4340166751599656
2022-07-10,-0.23680583088406182,-0.447804348829184,-0.523729526879476,-0.4954147780463711,-0.4110002312924463,-0.41438128579157646,-0.34369921268060116,-0.43363091525864217
2022-07-17,-0.23717406564487378,-0.45440246542847934,-0.5242596210156882,-0.4958260574015582,-0.41102691669478947,-0.41458688532428906,-0.3466577470627614,-0.4356245417698096
2022-07-24,-0.23755251233439215,-0.4845680111873451,-0.5248344547374997,-0.4962710012608956,-0.41502514552553676,-0.41483031054665664,-0.35940102372851496,-0.4476744429822195
2022-07-31,-0.23798210450631033,-0.48943816912731786,-0.5256287097247256,-0.49688023593751685,-0.41668749710608816,-0.41525408330754987,-0.3617817104864664,-0.45032576682360426
2022-08-07,-0.23841866017405514,-0.5380748647582592,-0.5264530528982536,-0.4975122735068242,-0.41651951936302556,-0.41570215250191045,-0.3823526849367633,-0.46555732875288697
2022-08-14,-0.23893799501735533,-0.5238753410887458,-0.5276311181143915,-0.49840901680641847,-0.41925763302979063,-0.4164368417599389,-0.37694342733849795,-0.46293534427749206
2022-08-21,-0.23943096620433005,-0.5091264208229668,-0.5286958735602815,-0.4992215459636041,-0.41395692722495686,-0.4170780210098027,-0.3712403513636562,-0.45478121138848787
2022-08-28,-0.23989676146273883,-0.49613430230718825,-0.5296441914975075,-0.49994749100408364,-0.4099679590914391,-0.41762409520912824,-0.366220525017579,-0.44804044964780065
2022-09-04,-0.24033855032626358,-0.4972581372843185,-0.5304899481598219,-0.5005971839138429,-0.41090908778074786,-0.4180871077046067,-0.3670508817164298,-0.44900349884600604
2022-09-11,-0.24078075271345478,-0.4655238906082415,-0.5313376726996294,-0.5012486627968352,-0.4151772705049368,-0.4185512799412705,-0.3541343549785729,-0.441758252061068
2022-09-18,-0.24116690930777573,-0.4796534818154635,-0.5319464137226402,-0.5017220065721806,-0.4100007233969501,-0.4188250706928221,-0.36028156023437163,-0.4426906984463656
2022-09-25,-0.24157597718514745,-0.5511785311920722,-0.5326537946056764,-0.5022692053693244,-0.40859418263522684,-0.4191775685740764,-0.39053668782989087,-0.46432695024316134
2022-10-02,-0.24210611854474828,-0.5468039011426507,-0.5338783468183492,-0.5032026789897049,-0.4095942055122185,-0.41993810091012607,-0.3892334904329688,-0.4636821996490421
2022-10-09,-0.24262696945517206,-0.5498665185753833,-0.5350623887911803,-0.5041063828415961,-0.41103696669479467,-0.4206648593987162,-0.3910170695073016,-0.4656335078579153
2022-10-16,-0.24315126902704956,-0.5521216008303289,-0.5362603848765177,-0.5050209396816588,-0.4110746180431022,-0.4214007832134564,-0.39245336782074136,-0.46637175427132277
2022-10-23,-0.24367762393642486,-0.547914885971987,-0.5374663544285183,-0.5059418884135629,-0.4122779023986816,-0.42214114301199857,-0.3911411166778032,-0.4657785332145088
2022-10-30,-0.24419503424600905,-0.5294143484794579,-0.5386333642970347,-0.5068342238344924,-0.4152092891819921,-0.4228494724582315,-0.38377852908445287,-0.46178803512007877
2022-11-06,-0.24467927756389274,-0.5560408740975888,-0.5396582372641375,-0.5076209953266277,-0.41633329432723376,-0.42344626090566795,-0.39539304945775516,-0.47086783534528714
2022-11-13,-0.24520700908344142,-0.42478546265713024,-0.5408682443631135,-0.5085461547184441,-0.40490589648111586,-0.4241846866639632,-0.3403657622443913,-0.4217188544759406
2022-11-20,-0.24551086433483507,-0.4238449320412914,-0.5411229371975361,-0.5087596687431601,-0.40466482791909425,-0.42418801388482147,-0.34003740898758394,-0.4210538708867976
2022-11-27,-0.24581210431406894,-0.42103298916322157,-0.5413683388401217,-0.5089663056459561,-0.4051927649133493,-0.42418612429205055,-0.3388980958667482,-0.4202833862840353
2022-12-04,-0.2461075864133088,-0.41508646605144833,-0.5415910727851257,-0.5091560956826983,-0.40711486114196216,-0.4241688528871822,-0.3364244183405109,-0.41943535311068125
2022-12-11,-0.24639206264165575,-0.4337584212091986,-0.541768828893278,-0.5093124124419721,-0.4069860575630731,-0.42411937482228956,-0.3442975022774467,-0.42495966369809896
2022-12-18,-0.24670696408462636,-0.6316312657204682,-0.5420782976142771,-0.5095668451463693,-0.4061258908691858,-0.42417160088649725,-0.42808323640866175,-0.4867252641113565
2022-12-25,-0.24735281022831065,-0.6359163715216427,-0.5437996973541087,-0.510872766240169,-0.4070463291798528,-0.42528959667402516,-0.43067882852953565,-0.4889247089327713
2023-01-01,-0.24800367046498298,-0.6611249508508795,-0.5455402195382241,-0.5121935585457585,-0.4072122635230297,-0.4264185759056391,-0.4421763091490112,-0.4972445342281253
2023-01-08,-0.2486945087264978,-0.6849965199415641,-0.5474487800127472,-0.5136400726641439,-0.40938379169226086,-0.42766991674401494,-0.4532123974246684,-0.5065061105074928
2023-01-15,-0.24942289271850962,-0.5363316359562408,-0.5495145458139448,-0.5152042849921519,-0.4200836690217546,-0.4290345819608844,-0.3907980580710322,-0.46674033362179485
2023-01-22,-0.2499010739572392,-0.5360932779616555,-0.550511395145541,-0.515973878148653,-0.42460499187854356,-0.4296006024468381,-0.3911527060586827,-0.46971943578623426
2023-01-29,-0.25037726730832804,-0.5326722723530039,-0.5514995680082432,-0.5167373409187482,-0.4272416599444604,-0.4301594316498372,-0.390129433403565,-0.4704172434454474
2023-02-05,-0.25084619588813645,-0.5291877627119752,-0.5524566172326476,-0.5174779721649592,-0.4259600501341039,-0.43069456816396984,-0.38906185093411905,-0.4685063971242432
2023-02-12,-0.2513077905263185,-0.5293347372251868,-0.55338233738948,-0.5181956087136825,-0.42378789423736835,-0.4312060513218101,-0.3895026664366923,-0.46710199466651425
2023-02-19,-0.2517681000407206,-0.5352193301430812,-0.5543025726337716,-0.5189094560728694,-0.4296441154730889,-0.4317130088848637,-0.392411537659703,-0.4728120303962385
2023-02-26,-0.25223661447064205,-0.5594824807151099,-0.5552577416716401,-0.5196495573720611,-0.4283964690282969,-0.43224500026791296,-0.40323673398935417,-0.479715423306788
2023-03-05,-0.2527436208505833,-0.5503485193767131,-0.5563766778102314,-0.5205116741722297,-0.4265373612724173,-0.432895618693763,-0.3998073375865148,-0.4756650233964607
2023-03-12,-0.25323390898654075,-0.5709696691700932,-0.5574239133031573,-0.5213208692668942,-0.4262393945930323,-0.4334931490505932,-0.40914201338647427,-0.4820784691130581
2023-03-19,-0.2537565006973688,-0.4499815411832116,-0.5586082966081705,-0.5222322883317972,-0.43873303793372126,-0.43418900753581163,-0.357564067388819,-0.45194767434540006
2023-03-26,-0.25407870930243603,-0.45491606291651443,-0.5589391904797091,-0.5225100962882856,-0.43862280194548436,-0.43426854129395215,-0.359875205163657,-0.45337559852215104
2023-04-02,-0.2544079508657376,-0.4546210596818816,-0.5593016116398425,-0.5228113578370214,-0.43896534041172247,-0.43437200450066477,-0.35988209808964,-0.4533621055333189
2023-04-09,-0.2547356318948967,-0.45457480731310906,-0.559658901036143,-0.52310885972463,-0.43944731362758005,-0.43447296511526595,-0.3599987918851181,-0.4535245314571988
2023-04-16,-0.25506216649525326,-0.44953295903362794,-0.5600128288057027,-0.523403914272938,-0.44284699122366183,-0.4345726944895948,-0.35795581933355813,-0.4540098258696798
2023-04-23,-0.25537941085502225,-0.42009372457335514,-0.560328753939532,-0.5236708073921335,-0.43839011909521014,-0.43464654903192396,-0.34536276628288975,-0.4415822894331183
2023-04-30,-0.25564767520961235,-0.41812630460377004,-0.5604379494566483,-0.5237843126470594,-0.44142141146852704,-0.4345750588312802,-0.34455912890940565,-0.44276351572934963
2023-05-07,-0.2559118681029363,-0.4154525113756789,-0.5605319902969688,-0.5238865223820878,-0.4404063915079214,-0.43449464995281667,-0.343462935974277,-0.44108763322852246
2023-05-14,-0.2561708626537037,-0.5966054476732779,-0.560606117488035,-0.5239739024858059,-0.4371501500643118,-0.43440201628487285,-0.42173241654754756,-0.4962670378778646
2023-05-21,-0.2567226204900403,-0.596483886409817,-0.5619274376093204,-0.5249862692846846,-0.4375391250957017,-0.43518726204636315,-0.4222904403358935,-0.49667241902972065
2023-05-28,-0.25727239600123714,-0.5939991886222502,-0.5632392323008087,-0.5259919991801936,-0.44054489556637083,-0.43596435584722565,-0.4218223577213537,-0.49804060711439685
2023-06-04,-0.25781638112663474,-0.5860175804322002,-0.5645253417450263,-0.5269791053152542,-0.43950570549905726,-0.4367220844306181,-0.4189603442392969,-0.4950101235673324
2023-06-11,-0.2583457378997081,-0.5735483001309901,-0.5657482688044678,-0.5279197818167719,-0.4377782438319801,-0.4374344947836243,-0.41412163202499525,-0.4900932568740029
2023-06-18,-0.25885331046368776,-0.5776859405368905,-0.5668777728439444,-0.5287915967080389,-0.4391691365534178,-0.4380809199386245,-0.4164509147172922,-0.4924663358957262
2023-06-25,-0.25936590311653845,-0.5295167554740943,-0.5680280423499333,-0.5296791390187889,-0.4468967111114633,-0.4387407915749013,-0.3959266911074128,-0.4821776125824489
2023-07-02,-0.25979953209303525,-0.5323738045042539,-0.5688420917026005,-0.5303179284145922,-0.44750404350432477,-0.4391678441529085,-0.39742816540770426,-0.48335664353466484
2023-07-09,-0.26023634983728394,-0.5283363563662562,-0.5696699572671138,-0.5309671635123199,-0.4472135606177907,-0.4396042753937948,-0.395907567453873,-0.48172994162967936
2023-07-16,-0.2606653098477304,-0.6404032768622148,-0.5704646615081292,-0.5315920544387219,-0.44774634104115746,-0.44001782156179425,-0.4449807246523453,-0.5175695010682504
2023-07-23,-0.26127192001867994,-0.6588273563168262,-0.572014480499267,-0.5327762846648494,-0.4482044634571808,-0.44094740879809974,-0.4537435803017771,-0.5239083097596955
2023-07-30,-0.2619059797256946,-0.658739105512041,-0.5736792467726299,-0.5340461079699211,-0.4476704542299149,-0.4419534857196656,-0.4544842453797656,-0.5237311835186436
2023-08-06,-0.26253787960752,-0.6651553940552462,-0.5753328739345052,-0.5353082214485315,-0.4481073037761493,-0.44294990844495474,-0.4580736689151644,-0.5262650078248954
2023-08-13,-0.26317797104543356,-0.6811162878994936,-0.5770193684930756,-0.5365951859872927,-0.44933858350033007,-0.44396656984176464,-0.4658833160587557,-0.5323836915921081
2023-08-20,-0.2638413651991703,-0.6686599665189853,-0.5788028295469649,-0.5379544347008439,-0.44458423370080324,-0.44504666411935323,-0.4612529085916868,-0.5255312835158547
2023-08-27,-0.26448291607289437,-0.6741639859572208,-0.5804912754828782,-0.5392439626491797,-0.4452188816448548,-0.4460604895761553,-0.4644817305051981,-0.5279190348987816
2023-09-03,-0.2651311456138505,-0.685448246571703,-0.5822060878981952,-0.5405535221021707,-0.4458025609148185,-0.44709000517217157,-0.4702839863419569,-0.5321222067145905
2023-09-10,-0.26579515367223583,-0.6869020595330859,-0.5839858420302517,-0.5419116431387907,-0.4464046839083558,-0.44816097056839604,-0.47178455512558176,-0.5332154767333388
2023-09-17,-0.26645936014835686,-1.0140510918842842,-0.5857642234514832,-0.5432693067027387,-0.44856322102406004,-0.4492288580177153,-0.6178503571856296,-0.6399503272588241
2023-09-24,-0.2676366699621143,-1.0138358623151085,-0.5897186708912256,-0.5462361767442685,-0.45013951969890653,-0.45174405400271456,-0.6199436559172711,-0.6416819406038695
2023-10-01,-0.2688099391324807,-0.9838698350273826,-0.5936481467827157,-0.5491859814495501,-0.4552612351173455,-0.45423599439846457,-0.6087501304640204,-0.6361828418599095
2023-10-08,-0.2699324821401649,-0.9842732559126169,-0.5973545904061992,-0.5519723423418387,-0.45711222508345634,-0.45657367408803945,-0.6109726165952004,-0.6382504232275384
2023-10-15,-0.27105213852538834,-1.0154011543924888,-0.601041663272061,-0.5547456684142679,-0.4574605938840774,-0.45889258129925686,-0.6270052293951844,-0.649216771133082
2023-10-22,-0.2722170039649299,-1.004001495638678,-0.6049135501328522,-0.5576567799565321,-0.4646349399148728,-0.4613273864427485,-0.6240203167889373,-0.6510218320275936
2023-10-29,-0.27336041723317006,-0.8950392488312536,-0.6086869185073737,-0.5604964518785163,-0.4740278499647368,-0.4636913212593272,-0.5767159492008387,-0.6227844716051278
2023-11-05,-0.27433027500477397,-0.8993902111445484,-0.611716685220051,-0.562788292101452,-0.4763978635296264,-0.4655621601764416,-0.5802170393043319,-0.6262745695683496
2023-11-12,-0.27530388861246813,-0.9243216544491953,-0.6147571099989642,-0.5650889838391695,-0.4808289605445601,-0.46743563026561735,-0.5930806743379973,-0.6377725535370645
2023-11-19,-0.27631324750179465,-0.926400488772832,-0.6179438914588977,-0.567498693048965,-0.4830458621002072,-0.4694001914596972,-0.5960234353915714,-0.6407046203012802
2023-11-26,-0.27732269973979295,-0.934337147993946,-0.62112543286886,-0.5699055645822878,-0.48476385309374265,-0.47135683067602274,-0.6016534905719328,-0.645203831906002
2023-12-03,-0.2783413267913499,-0.9313609828342667,-0.6243402882485078,-0.5723380397932049,-0.4898997843088958,-0.4733306224920945,-0.6023113741855014,-0.6484559828093044
2023-12-10,-0.2793521931319735,-0.9244577079624898,-0.6275165656639539,-0.5747430797147719,-0.49640437435342805,-0.475275022076905,-0.6011099884276514,-0.6513207229442781
2023-12-17,-0.2803492650250656,-0.8905478162280585,-0.6306288002298089,-0.5771018836774785,-0.4951326982752875,-0.4771738015405403,-0.587316461532446,-0.6401366593849794
2023-12-24,-0.2812909294559343,-1.0023891488106111,-0.6335007260837331,-0.579284429782876,-0.49879059103168777,-0.47891385550015314,-0.6410256109387478,-0.6798155163675514
2023-12-31,-0.28240202070301396,-0.9943702712520016,-0.6370862894272054,-0.581994077691338,-0.4995878772018641,-0.4811081325090084,-0.6395245951449298,-0.6785718971032498
2024-01-07,-0.2834973564730893,-0.9956136227981108,-0.6405985394773946,-0.5846508174954512,-0.5035384281649318,-0.4832506177776061,-0.6422988541292776,-0.682453009142451
2024-01-14,-0.2845912370665226,-0.9705091866684833,-0.6440983145493231,-0.587299468629141,-0.5029018917654103,-0.48538045934147733,-0.6326785741189365,-0.6745854000394435
2024-01-21,-0.28564325846161764,-0.9698407524935961,-0.6474144022058188,-0.5898138384601966,-0.5041976203209557,-0.48738874251615694,-0.6346023228145291,-0.6761327943958892
2024-01-28,-0.28669103410332036,-0.9816567278829998,-0.6507067289048293,-0.5923117174431438,-0.506539971504536,-0.48937771119096707,-0.6424490406036595,-0.6825257007049746
2024-02-04,-0.2877536727788246,-0.9851441902137315,-0.6540563640397461,-0.5948528192366339,-0.509102607979124,-0.4913988604880205,-0.6464195163242006,-0.6863510483696573
2024-02-11,-0.28881839112605356,-0.9065907105610677,-0.6574090069744526,-0.5973971536966245,-0.5178472173430081,-0.4934177411090724,-0.6111837482770864,-0.6669427177511323
2024-02-18,-0.2897601172227531,-1.013727508576335,-0.6602346863929208,-0.5995544068726587,-0.5237995984634303,-0.4951002887471641,-0.664417611696697,-0.7074528068640213
2024-02-25,-0.29086204628112994,-1.0115663866292373,-0.6637347052311374,-0.6022090081106605,-0.5252645724590835,-0.4972037078119375,-0.6658753655334672,-0.7087851836869702
2024-03-03,-0.291957341631203,-0.8375035293625915,-0.667200501848002,-0.6048394699056991,-0.5383215452822546,-0.4992814043867541,-0.5840433126796805,-0.6598110094707536
2024-03-10,-0.2927851810663037,-0.8309773652856406,-0.6695272492110095,-0.606632534934204,-0.5447067861769014,-0.5006421092891463,-0.5822376912796702,-0.6622690030486451
2024-03-17,-0.2936006237696665,-0.8203255799437911,-0.671798326818792,-0.6083852272484859,-0.5454799648731135,-0.5019657592582231,-0.5783668434789855,-0.6595542527982682
2024-03-24,-0.294397484520308,-0.8170039080891394,-0.6739876906169834,-0.6100783651929269,-0.545860823249543,-0.5032363326070045,-0.5776176277353757,-0.6586762542237166
2024-03-31,-0.29518692020545745,-0.8181079458792297,-0.6761428135260693,-0.611746850100974,-0.5503309342087782,-0.5044836004718902,-0.5789953341366667,-0.6619961669737231
2024-04-07,-0.29597563970119456,-0.8049413051922938,-0.6782922050039775,-0.6134116403867977,-0.5500327040410987,-0.5057253628076451,-0.5734289827119597,-0.6573083471013228
2024-04-14,-0.296742154257657,-0.7844273834722516,-0.6803448936197517,-0.6150058274622601,-0.5479731874175571,-0.5069054043502993,-0.5641375716826268,-0.6488722301177364
2024-04-21,-0.2974755155045962,-0.7989003668666915,-0.6822547774857631,-0.6164954847698602,-0.5484237737556384,-0.6698405031948966,-0.5718493631422052,-0.6539681014562887
2024-04-28,-0.29822840567180675,-0.8540456344326333,-0.6842452789519577,-0.6180448291532912,-0.5477058996113257,-0.6715188972458063,-0.5997420246916896,-0.6723631856947229
2024-05-05,-0.2990617148603537,-0.8541972961847163,-0.6865739812081527,-0.6198432146715426,-0.5499802861561419,-0.6735011317779216,-0.6010434036757221,-0.6741492195641282
2024-05-12,-0.2998927561497615,-0.8376113319665094,-0.6888900065877208,-0.6216328538686648,-0.5487949163888668,-0.6754688423614086,-0.5940238984577744,-0.6678638416034012
2024-05-19,-0.3006965208370809,-0.8216752440883208,-0.691087540651789,-0.6233359877723196,-0.5544214586418996,-0.6773267491325289,-0.5871495353725521,-0.6661272859258733
2024-05-26,-0.30147410102103805,-0.8236363323073833,-0.6931715160057232,-0.624956207131236,-0.5574662529031701,-0.6790798129092495,-0.5890617001665363,-0.6688381989466086
2024-06-02,-0.3022522861645348,-0.8282791918994011,-0.6952556057520738,-0.6265769780358491,-0.5580541367206145,-0.6808305182722239,-0.5923048071154382,-0.6708760554656693
2024-06-09,-0.30303506429806876,-0.8559212452949202,-0.6973566950282106,-0.6282106980740729,-0.5607819224427194,-0.6825940099994019,-0.6070943962480497,-0.6823520405137109
2024-06-16,-0.30385658908409674,-0.8635576407642767,-0.6996192696060314,-0.6299634625051227,-0.5593987252268803,-0.6844992996613931,-0.612052013441865,-0.684282129499353
2024-06-23,-0.3046870060747202,-0.8409112313273359,-0.7019166157846742,-0.6317422798095295,-0.5576595029749253,-0.6864328527884701,-0.601854640257288,-0.6754332563025005
2024-06-30,-0.3054814123343536,-0.8447521140979033,-0.7040586828262424,-0.633407651197662,-0.5582648959633051,-0.6882255738955027,-0.6046603625550903,-0.6771550331221832
2024-07-07,-0.3062791500588561,-0.7675292903287646,-0.7062123039554212,-0.6350819751906587,-0.5527332509878499,-0.6900261195259123,-0.5665057305766854,-0.6463626671960236
2024-07-14,-0.3069604648893878,-0.758758023163124,-0.707870887949677,-0.6363935234965803,-0.5585999406307233,-0.6913859994451929,-0.5624852997461474,-0.6467572254268414
2024-07-21,-0.3076268329694374,-0.7225245000762092,-0.7094648966276198,-0.6376579822733924,-0.5659799591378535,-0.692687377720608,-0.5445396086616422,-0.6384239478467663
2024-07-28,-0.308237875189035,-0.7215212574382218,-0.7108237156750936,-0.6387501826146124,-0.5667822266791162,-0.6937801322128523,-0.5442645362828449,-0.6382179387927749
2024-08-04,-0.3088456448688133,-0.6061612876402959,-0.7121680710955687,-0.6398319465663359,-0.5580662751862563,-0.6948592914768501,-0.4859253012010893,-0.5914790094578973
2024-08-11,-0.30928223171576114,-0.6539605623876111,-0.7127879521975184,-0.6403826319034526,-0.5588637339906128,-0.6953017961978198,-0.509892781130896,-0.608257730980638
2024-08-18,-0.309787625162494,-0.6744503589142183,-0.7136999274921666,-0.6411473624446277,-0.5592244914878485,-0.6960005745462985,-0.5203424105428991,-0.6153095315745243
2024-08-25,-0.3103215383890705,-0.6463860111417234,-0.7147329351778992,-0.6420008167781669,-0.5652777723961918,-0.6968050693742871,-0.5060392077644247,-0.6087261435467886
2024-09-01,-0.3108128607176563,-0.7436938491469692,-0.71558603763287,-0.6427224652097827,-0.5585464835674753,-0.6974524175110226,-0.5551651851661213,-0.6380994031473887
2024-09-08,-0.3114448037664581,-0.7803349235053624,-0.7170341874164422,-0.6438801344687184,-0.556549624844995,-0.6986176231932612,-0.5743015216375398,-0.6496220008361674
2024-09-15,-0.3121283170605383,-0.7480224637824178,-0.7186994953738428,-0.6451971070179956,-0.5618978494454482,-0.6999704317522787,-0.5585997902833619,-0.6416100881529342
2024-09-22,-0.31276280635707654,-0.7222187756886158,-0.7201562448840163,-0.6463615828078466,-0.5669808843427363,-0.70114118437896,-0.5460431139195431,-0.6356453473326031
2024-09-29,-0.3133579458473841,-0.7327604602806943,-0.7214458393808848,-0.6474038330577528,-0.5694974401692783,-0.7021664251021144,-0.5518798939498453,-0.6408203781159894
2024-10-06,-0.3139666577696386,-0.7276805446479857,-0.7227923451482874,-0.6484878960572696,-0.567436759959689,-0.7032401040979452,-0.5497920965051168,-0.637600617349043
2024-10-13,-0.31456624311294024,-0.7401790758103454,-0.7240997040699325,-0.6495434544818538,-0.5680042718887547,-0.7042793092014771,-0.5566734683514931,-0.642265624753586
2024-10-20,-0.3151821806421696,-0.7012863052048908,-0.7254756725743894,-0.6506493795510071,-0.5744531394552659,-0.7053767918706783,-0.537344875128153,-0.6325379318551214
2024-10-27,-0.3157401345793991,-0.7048302308926285,-0.7266060084733691,-0.6515756878719016,-0.5740556484490564,-0.7053431296223512,-0.5395485784305258,-0.633385080905575
2024-11-03,-0.3163015921498364,-0.7054284250898463,-0.7277510819122753,-0.6525128553879027,-0.5752401678807583,-0.705338943225408,-0.5401765070730831,-0.6341178450033077
2024-11-10,-0.31686229363822277,-0.6259293948994201,-0.728892862319963,-0.6534476925706255,-0.5853646857531368,-0.7053396676836926,-0.4997123763906655,-0.6121407108008909
2024-11-17,-0.31730699450334676,-0.6061006600901868,-0.7295445491932201,-0.6540240797089304,-0.5923204974547828,-0.7047019138295535,-0.48959352941728035,-0.6091634724181969
2024-11-24,-0.3177219279309142,-0.5880264573175417,-0.7300715627315277,-0.6545091743524556,-0.597851486074612,-0.7039163438132021,-0.4803366667622298,-0.605900920370524
2024-12-01,-0.31810973930736536,-0.5886213531080319,-0.7304853734135555,-0.6549113348591964,-0.5975899142849032,-0.7030003308389562,-0.4806035438488302,-0.6055661015807766
2024-12-08,-0.3184972917626673,-0.5878800157798705,-0.7308996974967928,-0.6553136815536371,-0.5997137825230066,-0.7021033502236125,-0.4801798007810126,-0.6062555123573568
2024-12-15,-0.31888267477270604,-0.5987275397109879,-0.7313064602552325,-0.6557103123322225,-0.6020109453887215,-0.7012145602427171,-0.485654720132745,-0.6110986124549227
2024-12-22,-0.3192824531511895,-0.5726286164002558,-0.7317756198722914,-0.6561523613743863,-0.5963333924123062,-0.7004232497054865,-0.4722037961684728,-0.5979342320917733
2024-12-29,-0.31964385994612404,-0.5709761036850828,-0.7320842270282356,-0.6564769095354673,-0.5952480210723492,-0.699444097167976,-0.4712517603094813,-0.5962706152647317
2025-01-05,-0.3200018830853534,-0.6257352872653071,-0.7323803774884663,-0.6567921314896905,-0.5984321081649547,-0.6984672697726769,-0.49919486110244304,-0.6171054158185634
2025-01-12,-0.3204367812420815,-0.6272226320409774,-0.7330029140114753,-0.6573455753596401,-0.5960862257291989,-0.697918413568577,-0.500110433302057,-0.6159407509298461
2025-01-19,-0.3208725565983299,-0.6496997379497943,-0.7336302419337062,-0.657902411415692,-0.6004690959977177,-0.6973889188332889,-0.5118054427377228,-0.6263703484805774
2025-01-26,-0.3213389781321617,-0.6503948550044311,-0.7343879998021079,-0.6585543992659874,-0.6018956722770756,-0.6970343934241516,-0.5124419781697358,-0.6273804112730998
2025-02-02,-0.3218050629435956,-0.7570466428960149,-0.7351451050044857,-0.6592058527377391,-0.5988666373267351,-0.6966902296883344,-0.5674972155733586,-0.6628512086380225
2025-02-09,-0.3224206804541364,-0.7530623817839504,-0.7365340561986234,-0.6603185544450947,-0.5988725048569818,-0.6971323508430562,-0.5661696637463163,-0.6616564029486162
2025-02-16,-0.3230289314447154,-0.7529509092937541,-0.7378912302003213,-0.6614082310128175,-0.5994838557145091,-0.6975390687043084,-0.566795023410413,-0.6621427638734582
2025-02-23,-0.32363530941065183,-0.7787838253629293,-0.7392398857848305,-0.6624918489928644,-0.6001127103649857,-0.69793910927768,-0.5807852840566575,-0.6717478325045761
2025-03-02,-0.32427636365847207,-0.8698867101054817,-0.7407342617312417,-0.6636819582798823,-0.5997335040141836,-0.698518576693988,-0.6286186731708832,-0.7037883000946676
2025-03-09,-0.3250437481119838,-0.733838412483721,-0.7427607125987625,-0.6652604824508522,-0.5911139432218826,-0.6997381437222975,-0.5592976427440018,-0.6507327864746724
2025-03-16,-0.32561789792149487,-0.7506444909174774,-0.7439698068491762,-0.6662431468215493,-0.5931165827262641,-0.6999791085380523,-0.568497133180307,-0.6578723840783154
2025-03-23,-0.3262140081501006,-0.7644619385767862,-0.7452712766919248,-0.6672932867774612,-0.5961805121388224,-0.7003346162836538,-0.5762523453778128,-0.6646916472727533
2025-03-30,-0.326827800769746,-0.7536890752695061,-0.7466468600591281,-0.6683976061356615,-0.594235026202084,-0.7007814481543627,-0.5713087109773514,-0.6597546539280517
2025-04-06,-0.3274248095452701,-0.7487487573000833,-0.7479510100175131,-0.6694499982066265,-0.5915427888142297,-0.7011475515018224,-0.5693391054059357,-0.6563784541180994
2025-04-13,-0.3280132508130841,-0.7327758992429143,-0.7492185494100575,-0.6704758310905902,-0.5965074779567977,-0.7014746725919808,-0.5615984057388232,-0.6538657536193487
2025-04-20,-0.3285777733353013,-0.7664193087771708,-0.7503848253360648,-0.6714279695120711,-0.5982030326736055,-0.701688310163958,-0.5796629456953704,-0.6668323741071954
2025-04-27,-0.32918758048772734,-0.7338571457419719,-0.7517419044854077,-0.6725192408490264,-0.60497392676496,-0.7021271181270079,-0.5633124891476495,-0.6596185099194184
2025-05-04,-0.3297504032488599,-0.7336883405822675,-0.7529002739441861,-0.6734658667846428,-0.6059024140991971,-0.7023407659727928,-0.5637636839427355,-0.6601771357473712
2025-05-11,-0.3303114281618229,-0.8005356793032018,-0.7540509222492235,-0.6744069421190437,-0.612534291393862,-0.7025504269366387,-0.5993129004606255,-0.6880451343595494
2025-05-18,-0.33096361158920345,-0.8560365825652843,-0.7555857780656594,-0.6756279558270419,-0.6145330264811512,-0.7032014244679693,-0.6292440316921685,-0.7092147651828009
2025-05-25,-0.33169085947144195,-0.8941230816368863,-0.7574360995176614,-0.6770789343824583,-0.6172050165475536,-0.7042101338494076,-0.6502760714652749,-0.7247360425238336
2025-06-01,-0.33246877402492087,-0.8878387879063036,-0.7594983093346457,-0.6786845281118938,-0.6164457182593239,-0.7054553376734488,-0.6481192607293889,-0.7224420553026337
2025-06-08,-0.3332358596794533,-0.8937688221761163,-0.7615127075647329,-0.6802557049355634,-0.6174999951790828,-0.7066433831099471,-0.6523703101038103,-0.7255994366814876
2025-06-15,-0.3340090085932418,-0.9015801724072732,-0.7635506105485949,-0.681844366184248,-0.6184507196932137,-0.7078544291011839,-0.6576386276423503,-0.7293652361567479
2025-06-22,-0.33479078705579557,-0.9479063556390618,-0.7656227867024187,-0.6834583528516375,-0.6167005989134072,-0.7091001292360171,-0.6833352136460094,-0.7451083679883495
2025-06-29,-0.3356341372189088,-0.9205637276669965,-0.7679522773367294,-0.685259983282866,-0.622520703664492,-0.7106258960005207,-0.6701602443712237,-0.7395279945100034
2025-07-06,-0.33643761193106286,-0.935110449082326,-0.7701109993094446,-0.6869378403551072,-0.6241694565704271,-0.7119587030144627,-0.6791086263315094,-0.746156188102982
2025-07-13,-0.3372588366733826,-0.9097437600487251,-0.7723421711352687,-0.688668819450801,-0.6308549074515272,-0.7133664623424523,-0.6669033485879173,-0.7418006112574547
2025-07-20,-0.3380430625958147,-0.9307096042225393,-0.7744149550674738,-0.6902850298509173,-0.6311087060071205,-0.7145975479389596,-0.6792851613258644,-0.7497992386143323
2025-07-27,-0.3388538239386693,-0.9307802545711317,-0.776597399853193,-0.6919813716695922,-0.6334575658404765,-0.7159439100480725,-0.680606950440859,-0.7517234426328678
2025-08-03,-0.33966246660346766,-0.938014335442807,-0.7787685467721349,-0.6936699145594153,-0.6317720437087372,-0.7172740379689158,-0.6857623334056393,-0.7536441836902271
2025-08-10,-0.34047877201798243,-0.9320830953750943,-0.7809696341808451,-0.6953806346524138,-0.6357035158657975,-0.7186323098119327,-0.6838872853533613,-0.7543928238794755
2025-08-17,-0.3412847724585236,-0.9296040254703907,-0.7831249170496898,-0.697058476673515,-0.6360039428560499,-0.7199376950415298,-0.6838269631401857,-0.7540613936202928
2025-08-24,-0.3420852068163628,-0.9181461640025026,-0.7852544678124689,-0.6987180156801245,-0.6348517472511923,-0.7212121419171418,-0.6788974720715726,-0.7495980895788148
2025-08-31,-0.3428678983342787,-0.9040714282594168,-0.7873070681957728,-0.7003220237493375,-0.6328853439518527,-0.722401963782575,-0.6724646291041696,-0.7436310356318001
2025-09-07,-0.34362936852413634,-1.1143850689440045,-0.7892682512857484,-0.7018599689698203,-0.6357006791780191,-0.723492969775624,-0.7875027526282736,-0.820877684496533
2025-09-14,-0.3446737529420496,-1.1100642340212128,-0.7924189754414134,-0.7042623803340277,-0.6398615568399038,-0.7258264373013525,-0.7873851202640685,-0.8228171255755814
2025-09-21,-0.345709464012522,-1.1153551121187077,-0.7955287302697259,-0.7066357755573913,-0.6415915549621806,-0.7281065698683686,-0.7924842705887354,-0.8266683192678762
2025-09-28,-0.3467495256991521,-1.1286205039194628,-0.7986524609503527,-0.7090200428999457,-0.6415376921636243,-0.7303910124409133,-0.8019934622263039,-0.832289540678317
2025-10-05,-0.34780468221496885,-1.1089780750923406,-0.8018353859848184,-0.7114480149279538,-0.6497521305068261,-0.7327264562657548,-0.7935006742438615,-0.8312761754662251
2025-10-12,-0.3488305223670948,-1.0696945491088476,-0.8048904168405882,-0.7137838765967193,-0.6468188443744054,-0.7349201443356043,-0.7740032981898601,-0.8160363885131399
2025-10-19,-0.34980072967091946,-1.0303285785019305,-0.8077070725306716,-0.7159473973800484,-0.6445469700739478,-0.7368606905769212,-0.7541423403505491,-0.8010153803229948
2025-10-26,-0.3507154176397783,-1.0817031207286958,-0.8102863809689111,-0.7179392625868253,-0.6494866226012986,-0.7385519965469826,-0.7843277716345974,-0.8233963069084519
2025-11-02,-0.3516966091875487,-1.064555006867261,-0.8131424958838452,-0.7201325084187006,-0.6485935807218485,-0.7405183033975445,-0.776745807878237,-0.817293340057421
2025-11-09,-0.35265218344717303,-1.1163178190132135,-0.8158870849566164,-0.7222454479350978,-0.6465318949391815,-0.7423645027852708,-0.8074707229699264,-0.8355303430050511
2025-11-16,-0.35367449353494546,-1.0255438900822351,-0.8189090834366621,-0.7245601940417579,-0.6410474105880483,-0.7444830317949399,-0.7588481943427361,-0.7996941382944808
