bh_cagr,bh_mdd,actuelle_cagr,actuelle_mdd,bornee_cagr,bornee_mdd
1.2215565597025941,-0.9202030444894016,0.10666930902691019,-0.45821778884254416,-0.000899769692455199,-0.21100492446189423
1.033061237129003,-0.8910284549491928,0.6008663038418043,-0.5728796323978896,0.5313257786903645,-0.6026024425603244
1.5474281741900402,-0.6944193651247157,0.8097667660552221,-0.4447392815917116,0.274395771705505,-0.38175206371347215
2.9614704608424463,-0.8119833600068815,0.14957382562149402,-0.38854000619689666,0.14957382562149402,-0.38854000619689666
1.8931391039775987,-0.9288979001247393,0.6415053378110183,-0.7345105948271581,0.2653655600374676,-0.734510594827158
2.1818563069420067,-0.8098030727032145,0.29061073777773605,-0.4405919332091408,0.32042980883343075,-0.4405919332091409
0.7545981857537472,-0.9915396532516628,0.5279654412940453,-0.558082449933492,0.5221608569877687,-0.558082449933492
2.0448202738869465,-0.8110302044566611,0.0,0.0,0.0,0.0
1.6294034360068985,-0.9291849620921283,0.17616671113721694,-0.8842278612814368,0.17537559242696155,-0.8842278612814369
1.7467793874028188,-0.7210264592347784,0.08840681253055771,-0.40694958573663387,0.07856450272756321,-0.3396702234408918
1.600905857012365,-0.8767948386291654,0.09831563911631824,-0.4543427509987642,0.10405176784538184,-0.4543427509987642
1.0170703924805955,-0.8678949759614903,0.17573913434327704,-0.47835384145493787,0.22584650337959444,-0.47835384145493787
2.3264486710032712,-0.8060686839350895,0.5860611502864865,-0.6653125046223951,0.623540085430593,-0.559054556547198
1.6968243365721802,-0.7179626540110075,1.158880417035273,-0.49060329054254936,1.134189286392695,-0.5552874259610947
3.22298030957867,-0.7610030121522792,0.18114288215302832,-0.3909793092707674,-0.003765232201295543,-0.3306579263579307
0.3916136469092939,-0.9333047367389363,0.39734434585758716,-0.6988212920488951,0.44006981772230125,-0.5929285846339923
3.1587455581938615,-0.8831844773051255,0.377591411399381,-0.5849756755918498,0.377591411399381,-0.5849756755918498
0.6386957744577442,-0.8557022653449509,0.3149254440443965,-0.6843168428591446,0.3596856846726919,-0.5483800988814017
0.3653556221470018,-0.8428277013725256,-0.00041457276361034356,-0.8111403931734948,-0.014037480023299298,-0.7229408718409179
0.8798019896965403,-0.9623988250254824,0.16724558064941353,-0.5352007631284834,0.13460179360415103,-0.5034661886479037
0.8879007708797417,-0.9134297708301788,0.6837884256874416,-0.46123204499461323,0.6648855793640471,-0.43666057708266925
0.6107815780562722,-0.9053853793357096,0.39732573598015075,-0.48250255602114245,0.39732573598015075,-0.48250255602114245
1.2827977823620262,-0.9240331314293116,0.34403469886965965,-0.4702670070929078,0.25638746214165464,-0.37624839398067644
0.9821420242092966,-0.7945952769518336,0.19167494459418055,-0.5556857724573208,0.2197462001319801,-0.43781415942693613
3.4523845893613805,-0.677856103077582,0.0,0.0,0.0,0.0
3.3604121869852603,-0.8333425137374676,0.1691237331394977,-0.4235213404855729,0.1793459506161581,-0.4235213404855728
2.5660278875685703,-0.9812325960838258,-0.06144377144610025,-0.7179261381560529,-0.06065507516540691,-0.7171352239297835
1.8987479079499905,-0.9056862395679971,0.7421736885289341,-0.4867621715582714,0.24139318544894595,-0.4535955285613179
1.4446548938899073,-0.9773458119469727,0.8159463091518833,-0.505087267168869,0.4116843095707965,-0.41738460316429615
1.3323570997388114,-0.8448061536695154,0.20036624085266763,-0.3890263756528235,0.12850128339674471,-0.3890263756528235
1.8276821077194438,-0.666392609943466,0.3075953987688662,-0.5552656751547249,0.2779888556364849,-0.5552656751547249
0.43277333813248653,-0.9679523500876724,0.2142357809773754,-0.8201616168919555,0.0556702898598036,-0.8040770561801808
0.839010908943175,-0.9421980374333861,-0.08092640591125344,-0.6307438773419165,-0.08092640591125344,-0.6307438773419165
2.278139153281042,-0.8886668090767929,0.19795893404747766,-0.454342750998764,0.19795893404747766,-0.454342750998764
2.1726210026569057,-0.7811679162153529,0.13889992673741558,-0.5971756775614476,0.14442931972497064,-0.5734718128479306
0.4463953133225196,-0.9751861166610477,-0.011518338640660875,-0.6642557213510574,-0.01342218894129632,-0.6461152934114018
2.040198551022369,-0.8083725960793559,0.3399949867204244,-0.7128196818089154,0.378581061961895,-0.598479559647267
0.8909908986603681,-0.876943920137799,0.1998893626428837,-0.4726422840004302,0.24412109152372063,-0.3374103183463585
1.664265688716808,-0.8478380608999483,0.08086509357552107,-0.6899210880216703,0.12402620776490259,-0.594201542864313
1.2149267160681965,-0.8831844773051258,0.6455593908576818,-0.5518614697887674,0.6241729979111743,-0.5371345676517367
0.9922992113537887,-0.8652417323775781,0.34788888610329827,-0.5406875726062079,0.34084329238599076,-0.5406875726062079
1.5795152434636806,-0.6839762368758038,0.18306716126809142,-0.49481781374891887,0.14925598194931355,-0.5801176110374817
1.4660175526678856,-0.9293762446148321,0.3361250155498532,-0.5074226023438155,0.3267044508897665,-0.47676965515164926
0.675379520308163,-0.8998501058131159,0.8800048800260372,-0.5217332003881944,0.8111656202192603,-0.45603254811679694
1.3536060295330081,-0.9144521034935424,0.8284992988825945,-0.5223422980285188,0.6042014588469651,-0.45434275099876353
0.7573321665205432,-0.9593693219158651,0.3602771168581276,-0.49183083248435777,0.36906147087572583,-0.49183083248435777
2.867307744025116,-0.9374932681131801,1.285075775327691,-0.4422842416896672,1.074661107331091,-0.4422842416896672
3.08331378406565,-0.892403077107307,0.11185261998005691,-0.57000155276164,0.10574234820623651,-0.57000155276164
1.2321012875264028,-0.837123249399304,0.44136941437552824,-0.5846308842514603,0.29593144678358874,-0.4856646319061495
2.210331987044339,-0.7618670135591772,0.5116011445340536,-0.43248232280356935,0.5222872163729053,-0.43248232280356946
1.2157000978787784,-0.8900819927159701,0.038047742010508756,-0.7685328710911783,0.07688623246918636,-0.6428765899184151
2.095725819100957,-0.8882193803476194,0.9071741337792381,-0.7793691658386477,0.5867382115669957,-0.6108143641198411
1.154406747088239,-0.9442401995032819,0.6761086262309155,-0.4999195607528406,0.6405615827767195,-0.4999195607528406
1.324407334475206,-0.6961536265135547,0.4104369911286332,-0.453788896107162,0.4021646709220035,-0.5160076833704574
2.322840074170707,-0.8002336365295514,0.03706555958714164,-0.34901090295656,0.05766095326702736,-0.2555553685698365
2.075733834312078,-0.8898219256678526,0.23743597822573892,-0.5462721092499827,0.2752131413258321,-0.3528912729902589
1.1556873590986423,-0.9718583788753873,0.3965748990539719,-0.531850897142597,0.36167826770432554,-0.531850897142597
0.8649740058591953,-0.8240454023263266,0.8155614286248081,-0.4769255730813743,0.7927488859852994,-0.633995419691817
0.9267264746587993,-0.9204278132592417,0.24572489552996424,-0.666316920529584,0.19873786964118234,-0.41858379853303274
0.9822927991072368,-0.8564237778446694,0.17026873721291746,-0.5752053405441946,0.19973697544229263,-0.45888791193323697
3.578773816810349,-0.7205123767162788,0.23585538794755334,-0.45434275099876364,0.17230674715757344,-0.4316415089731872
0.9384350609540748,-0.948292637555032,-0.0657429478350553,-0.5704074010856255,-0.0657429478350553,-0.5704074010856255
1.6774820783525408,-0.9482045822874758,0.09043749569271609,-0.6152282659041086,0.09456238277061702,-0.5795589165236699
0.5193431434123679,-0.960436011937754,0.24749338746203198,-0.6041925424410302,0.2687725875236544,-0.5875165904696678
1.3715357099365382,-0.7986260643845213,0.8174971714709554,-0.5005652497252469,0.2953807465142144,-0.49635319644896914
2.0152374865271185,-0.7655363234483946,0.278205044778594,-0.4386813622727944,0.29047831217119313,-0.371645233273747
0.7072134699443429,-0.9732407128359858,0.08845372138199736,-0.6530223000779323,0.02820369226972308,-0.5852907142276198
1.0494688420520175,-0.9627295209235036,0.21240388961317191,-0.3802401467260432,0.21240388961317191,-0.3802401467260432
1.7789748685357072,-0.7850168696448527,0.4467354163302044,-0.5765094808443266,0.4202144374526069,-0.6557928722323003
1.6792814622048509,-0.8157751598270394,0.018072641291848823,-0.7119698679736002,0.049165846258159895,-0.6595932822968903
2.4809825358627,-0.6719070190824384,0.45824341337642216,-0.44733978958156695,0.4109276965688222,-0.44733978958156695
0.9592910015157352,-0.8936000755202225,0.5228661120988312,-0.47195118356308985,0.3454793626940156,-0.4896902681178774
1.9948744344078655,-0.9820585263177196,0.16251122611731006,-0.45537804994019604,0.17603726722255808,-0.37568222843358146
1.1535455692142134,-0.8417637574951812,0.37638944518361916,-0.596848778193589,0.3619888103335871,-0.6092413874339608
1.5113336670619137,-0.957744312192914,0.06194609856776023,-0.3718155949731565,0.04651473658769123,-0.2239484227671814
1.0195280153473254,-0.9705135182414764,0.13242885357487544,-0.7526744889977107,0.11664208037880308,-0.7573506074998575
1.3848940330541035,-0.938615438948338,0.05192320480638446,-0.747975408412566,0.02480418860250322,-0.8148472531137152
2.4177908601252356,-0.9478994601540659,0.21872363990041666,-0.6214858277340158,0.2372921944798425,-0.5248978488096846
2.1105598831726087,-0.8628212827501492,0.2642741919813405,-0.4952417026923044,0.2642741919813405,-0.4952417026923044
1.4549452313096678,-0.8264271645043327,0.07152126948023119,-0.5788110040353605,0.019440134520919417,-0.4889266249751134
1.4651221952239082,-0.8237575957106433,0.2009140427707199,-0.5821224637030837,0.03434033166689243,-0.37912102313440943
0.3594545880344664,-0.9758773199642539,0.43188101265342094,-0.7390408038064291,0.3994756117940852,-0.6853044238689276
3.5785687490669016,-0.6219414082741241,0.26333284437782756,-0.3932104294048576,0.17205146474540678,-0.3932104294048576
1.0049683498906274,-0.9176334041467967,-0.016078602110239815,-0.5917191341548658,-0.0013545179035487909,-0.5734626199944604
1.2543443142405102,-0.9092231667683471,0.2791394155798057,-0.6010068830867777,0.2973478362081521,-0.5003766884014378
2.3956975437702757,-0.7121716480494613,0.1226633177878973,-0.3533091551526769,0.1226633177878973,-0.3533091551526769
1.9213907658468634,-0.8152384648627653,0.76549498731595,-0.5242100299315159,0.646979749913634,-0.543189446845613
1.109669946327355,-0.9334620244083323,0.3213590476669801,-0.6394403494448442,0.052438047592747505,-0.6045406924229308
1.1909156374850185,-0.8215403578148561,0.3763042158070853,-0.4861455074895267,0.34363023256111136,-0.4006670979921685
2.0197860085140036,-0.8177815565150468,0.3918682641314397,-0.6873869874166982,0.41339202166765965,-0.6348134095217686
3.268059456808868,-0.8640683128462359,0.2474221024384866,-0.4543427509987641,0.2474221024384866,-0.4543427509987641
1.6671518839546078,-0.8000721486335551,0.07553281676791856,-0.4543427509987641,0.0840323057893353,-0.454342750998764
0.3988473925830833,-0.9410324486706644,0.2611582515426363,-0.6874342332811096,0.28072622143283654,-0.6877467990478284
1.1960040576354127,-0.9106615770909715,0.6660585926461713,-0.5364521090107224,0.7003247658693932,-0.4584520401999056
1.1034653675676487,-0.949548081302966,0.6179822186889552,-0.4449114859519838,0.6159461977619223,-0.4497679062253397
1.1342447230696338,-0.8542503616426881,0.4120554176396525,-0.49701194284846084,0.3601391325078851,-0.49701194284846095
1.2651125106136476,-0.8400126074890757,0.07312741764745434,-0.49009722091602526,0.041670378523203766,-0.4762347874257068
0.8427098839166096,-0.9698258946303339,0.45660528349060026,-0.5265732432383704,0.45660528349060026,-0.5265732432383705
1.0809835688030516,-0.8060686839350895,0.35983609985342735,-0.4437726890212541,0.1749150598255267,-0.3655875694044678
0.7135148133111135,-0.9910417319456889,0.12866261789049127,-0.40642155411073233,0.1416516184066885,-0.37894811089243563
0.6591242211938997,-0.9425997128681146,0.24207422849225746,-0.4039789190703751,0.24207422849225746,-0.4039789190703751
2.8334572203371633,-0.8097848429440507,0.08214033814089405,-0.6523828160560665,0.15414745126508556,-0.566843184196664
1.340227228665432,-0.8560458844418943,0.2853346654624589,-0.5689196207943796,0.30481134430665024,-0.5089837903029131
1.7563365967993003,-0.8215246191257478,0.3755659468885275,-0.5091889850096878,0.2833125040417801,-0.5091889850096878
0.5287935544960418,-0.8831844773051258,0.3435842161683238,-0.4991820128700559,0.36885669955651035,-0.4991820128700559
0.21783669781727144,-0.9236922351402097,0.13093654121986265,-0.728257729528439,0.05489735795276651,-0.5159356783525596
1.2323996094342324,-0.9483154498048658,-0.03392704073606134,-0.5231085066054382,-0.03392704073606134,-0.5231085066054382
1.2395530358336817,-0.8994530693583526,1.2432796554794812,-0.46226050368333693,0.3246159058122784,-0.42352134048557244
1.0516515436559564,-0.9873179868107261,0.5214935822440272,-0.45621965267478515,0.5214687847241712,-0.45621965267478515
1.2574529462158641,-0.8831844773051258,0.7582893478849166,-0.4663587242948237,0.7674692397624365,-0.4663587242948237
1.450874346561494,-0.9548982891209703,0.2679148028840541,-0.7600481444353476,0.30156035189866937,-0.6731082463784168
1.3938144701113635,-0.8898219256678525,0.4577931794177552,-0.5484237337587107,0.4989832113222419,-0.454342750998764
1.1389456885487372,-0.7473361828850626,0.16255254164191957,-0.49762652053459233,0.11333006310401905,-0.4195791451150792
0.5501272253214577,-0.8453544110042712,-0.04552177277125691,-0.7344104041964917,-0.04325136453718148,-0.7187820036815143
1.0199910399376044,-0.80413320798871,0.07544264016013535,-0.5554867137422486,0.08669115280118644,-0.46255537984033634
2.0092247776002767,-0.7488637219914017,0.2608118375456898,-0.4543427509987642,0.2113704945236312,-0.42194374168219406
0.5887383945893587,-0.965667757138067,0.12362249355854438,-0.4008939185398155,0.09864130509763269,-0.4008939185398155
1.3599944357364442,-0.7790097045615334,0.24578853804091483,-0.42352134048557266,0.17135937623785602,-0.5260847997903965
1.4513747380433055,-0.9295331201142238,1.8545328322601464,-0.6416677488068336,1.74321627098315,-0.6416677488068336
2.5196567447757845,-0.7770050181351729,0.003861408841104197,-0.112783271203163,0.003861408841104197,-0.112783271203163
1.0295478387466344,-0.90290734243714,0.27481122710759576,-0.5701573454338054,0.2810004734971516,-0.5701573454338056
2.3030499612261575,-0.7521196506409907,0.05744203164424211,-0.33109735399883145,0.05910699390067764,-0.40397891907037364
0.9508331548177058,-0.9493697175675248,0.26195356237904455,-0.6143550668958032,0.2680803844242685,-0.6143550668958032
1.011425631641,-0.8614414292414808,1.2652618647005411,-0.48882908339727216,1.2669056018767981,-0.48882908339727216
1.6408288016861108,-0.8785715477131629,0.8304602305797752,-0.6716043539270518,0.8270053417999581,-0.6716043539270518
3.3728375242509543,-0.891901225449903,0.4333103764714019,-0.4174762815844313,0.43392058883787255,-0.4174762815844314
3.7136973053296893,-0.645205271569278,0.0,0.0,0.0,0.0
0.4306606696222335,-0.9796022496456603,0.028727551525986605,-0.559023363819374,0.025087138223181205,-0.578032399931142
2.7796070579600416,-0.9689502277984866,0.08909280917198248,-0.423521340485573,0.09019368391595428,-0.4235213404855729
2.038011203605807,-0.9014025181162241,1.0003795244444311,-0.45434275099876353,1.0003795244444311,-0.45434275099876353
1.5074338849585978,-0.9135321630954538,0.19136769529118336,-0.6691010323892739,0.0776814779749262,-0.6129996142422618
0.8963250062788672,-0.8823314569161302,0.41213837442750645,-0.4543427509987642,0.44969101536821277,-0.4543427509987642
1.3675878518289655,-0.9469468576660707,0.32015565069119645,-0.4448760183503119,0.30929998126450253,-0.451253243084643
1.3171574692714962,-0.9302907995444996,0.4738577896342242,-0.6557188481337974,0.4738577896342242,-0.6557188481337974
1.1388000393700248,-0.8778759350910947,0.550837168118897,-0.5790739774331658,0.5310834954784518,-0.5073709971672113
1.4053857961705574,-0.8489952793376624,0.3648790640870907,-0.5822509838659264,0.1444225405922135,-0.42352134048557233
1.220430207116073,-0.8313677045077265,0.19735218079070882,-0.4730548427910094,0.13117259520177504,-0.454342750998764
0.20426319609922405,-0.9889330506988947,0.35525749427550624,-0.7053677043912343,0.30888669708741845,-0.7069034959079454
0.9600778019083738,-0.879876732443132,0.3326609157126339,-0.4110900634472582,0.06634174507068424,-0.34145181965901406
1.134061893706173,-0.895844410663438,0.2490781311467385,-0.4809095519097316,0.25229988048540153,-0.4809095519097316
0.5239938262120314,-0.9169263940193487,0.48807058455157204,-0.7241578776275024,0.1516894087901033,-0.5604016700749872
1.793689455522704,-0.8831844773051258,-0.012307537295573767,-0.6071831169834753,-0.028085548228318546,-0.6075759338664918
2.166304333241418,-0.8021536407859704,0.0036654015248078764,-0.3569857211035301,0.01056368419807363,-0.19852941519042788
1.506127411118508,-0.8725006390458956,0.6547012854506014,-0.42352134048557244,0.6967321547249998,-0.42352134048557244
0.9222709101199895,-0.7633499054222513,-0.048488676794115504,-0.7573740948113902,-0.0297295624577959,-0.6833169429376289
2.081117768156014,-0.8556082027649152,0.10203862023962995,-0.5671211153690341,0.052430300680818887,-0.5319729937239109
1.2461341279212417,-0.9243996016347634,0.06058666677119762,-0.4334441174562562,0.06947777276939937,-0.4334441174562562
0.8610137666032087,-0.9242342032355275,1.1465726210057738,-0.5161164001958739,1.0355195334028062,-0.5161164001958739
1.6706113030193213,-0.9023935655020383,0.1382739084904716,-0.5247949512401378,0.1519704734706655,-0.42352134048557266
1.1334456117890879,-0.9780482536301507,0.7231973012688491,-0.5028593046239833,0.6297227412252575,-0.4843932193786633
0.47924322477408055,-0.7824078182495817,0.6592549137810553,-0.490229993974733,0.6619080908617427,-0.479377581913381
0.0799568269112727,-0.9917582671028147,0.24573970700030223,-0.6449119000650587,0.27318273127576864,-0.6449119000650587
1.3349192499642055,-0.9272186730321076,0.7687614529346287,-0.6554605153482317,0.782208321198749,-0.6564537844099376
1.167536503047236,-0.7801905350407854,0.5369634472858502,-0.5571691972073357,0.4768439691751323,-0.5812220947571176
1.5901295087736447,-0.8703007239630091,0.7674702165924145,-0.5803115275459013,0.7172682007846076,-0.5236889868605733
1.3051068795703995,-0.8330118428924495,0.34162124335107924,-0.5371502792035912,0.15305460692201556,-0.34567285811684045
0.6452584867985798,-0.9553833713729768,0.40142179637893194,-0.845205731854948,0.40636547160133896,-0.8421650950533357
2.239106551577557,-0.8617428361112419,0.6450493453495072,-0.45031404842319767,0.6591322592950564,-0.4503140484231978
1.4344743288945887,-0.7570334735363962,0.7043436356907604,-0.6198393830039892,0.6991979243384017,-0.633170663543904
1.6942838634670383,-0.8590721993546642,0.4816593591146625,-0.5120843639269481,0.5189150921241703,-0.3424567029146889
1.7826761115483727,-0.8529773312295815,0.04891285327213368,-0.44054210637052815,0.04303054352757196,-0.44054210637052826
3.7768591725085754,-0.7616483397930367,0.0,0.0,0.0,0.0
2.224321178838457,-0.7739051878733508,0.39954122326940555,-0.6506663612422658,0.34633252543996984,-0.5190426286355956
0.7959887419407012,-0.8854245891213219,0.002753332353287563,-0.716483103878333,0.012342527507402945,-0.6827688085241213
1.2679750803799084,-0.8851704469211411,0.16076685472591712,-0.7222975008554038,0.18392306717028428,-0.6560796887745379
0.6742033374259861,-0.91909529020312,0.04677312516664145,-0.5804953096678118,0.08193037705818629,-0.5491648492935776
0.7914376824465801,-0.8663457423124357,0.23993604392946088,-0.5496756302555321,0.17575797701326867,-0.5642469125584948
0.3897679781745602,-0.9716344464816977,0.012539470644821638,-0.6782895679070308,-0.012386265733719592,-0.7628159692184877
1.5122489126626513,-0.871806988159995,0.10073656884337279,-0.45434275099876353,0.11911896852604387,-0.45434275099876364
2.2237277289140867,-0.8127171493887886,0.7131881670852727,-0.5125057136487107,0.708746175744122,-0.4855332260029378
2.4029042440223423,-0.8148046439287754,0.3811328187615033,-0.4427325577720548,0.29791107103484205,-0.4420526634132468
0.6616742372024249,-0.9717750844774301,0.8884578928522735,-0.7166257675199414,0.861506787276922,-0.7610816974628704
1.436833909526976,-0.7734964239094015,0.13158831236256163,-0.5378277739060194,0.21558016026630256,-0.3960275748368348
0.6733674560686345,-0.9614613869854495,0.16007136162202884,-0.6132687046415539,0.15968364687625414,-0.6079118400360495
0.20301497465946716,-0.8877885130512763,0.308845642496427,-0.5192319033655954,0.3607077733859081,-0.47611075121334356
4.490757096958775,-0.9060117345940124,0.1373359623228103,-0.3245127062117322,0.1354712763270407,-0.3245127062117322
-0.05955887572010621,-0.9898980136561444,0.11492446009929957,-0.4515294929254735,0.07471012494175944,-0.48251109433740114
0.8961578031292821,-0.9214735561170961,0.3432122289842954,-0.5422977664889577,0.3038744353325298,-0.42352134048557266
1.083227900225252,-0.7934289257611296,0.22354443147290648,-0.5942943357343877,0.22101399582024617,-0.5209876314256006
3.4431763343914996,-0.863997908172091,0.3106205102514368,-0.35093192668203876,0.3106205102514368,-0.35093192668203876
3.1678449935022703,-0.6471427784724896,0.05668473592595458,-0.2914748408491368,0.05668473592595458,-0.2914748408491368
1.732938300732251,-0.9266096401241686,0.22217659823782232,-0.5763146367306313,0.24904356306081166,-0.3744180324115821
2.0596995783187273,-0.9159384082788513,0.46573186320645354,-0.7923939080484023,0.4534432981575547,-0.7926015141403538
1.3627000502806466,-0.8158567886456004,0.1567475034168222,-0.454342750998764,0.1730890543929995,-0.454342750998764
3.640059102487885,-0.7638663353392696,0.0,0.0,0.0,0.0
1.2184756816842413,-0.7202701674000936,0.25821780723854126,-0.4673904140471947,0.22209543128349551,-0.5504530984540765
0.7942055630091267,-0.9906965394838815,0.33933188432804884,-0.708292077104953,0.3796794268325434,-0.5919760275179322
0.9081851145365014,-0.9805590425850232,0.18602063770129962,-0.47725718505172,0.11023449599632662,-0.4114775963416488
0.18427370546065047,-0.9776347513035742,0.06227433602676613,-0.7711778166250173,0.05000236577110151,-0.6705313658167349
1.8970537451153953,-0.8660660650341763,0.17662545944910724,-0.5021355605365034,0.19514376030488778,-0.4543427509987641
1.475258340766453,-0.8318784707521603,0.5448625506911304,-0.5408263369399391,0.5371484762102456,-0.5405675217765564
2.3353288921620288,-0.9287060780184814,0.2738952874010847,-0.6152061197232623,0.28647916704164644,-0.5678578461392149
1.1090536309071033,-0.9402815499071022,0.16496187982032207,-0.5026533783915108,0.18987879639232164,-0.39957715809680594
1.2126087690096607,-0.9439506388242933,0.16388985648332444,-0.4543427509987641,0.10885336671628631,-0.4275774086350159
2.2314487050352683,-0.8742490364111642,0.24125713180840314,-0.3839589248593702,0.21432972813404905,-0.4404104593314031
1.2591682313439239,-0.9263477351353039,0.7214359191024455,-0.5243269557616839,0.7626755937657499,-0.5243269557616839
1.613894199645042,-0.9804407151475039,0.4553756809105354,-0.6039424430799536,0.4553756809105354,-0.6039424430799536
0.35562236137286973,-0.9910290163044043,0.04583611786863684,-0.7886228505267644,-0.11127976850976784,-0.7733058430621959
1.349193683403704,-0.8907469170808403,0.1343708046775154,-0.4543427509987642,0.1344220199322761,-0.4543427509987641
2.9680250069769922,-0.9379806736638224,0.12787009577438457,-0.435116174749977,0.14850651422269112,-0.36234101186690504
0.9079022197994742,-0.8922067486167968,0.9300664382188242,-0.4664651540455712,0.846127118633544,-0.4664651540455712
1.8163297484498657,-0.8281162209238246,0.6847626408217884,-0.5998916832044905,0.71252875869918,-0.5998916832044905
1.2702411981235047,-0.81860816007643,0.6475655557343785,-0.4609163349612665,0.22678606707452964,-0.4578846861665926
2.1981040538125,-0.8636560879063815,0.23820037358303403,-0.5495376639715668,0.23617806940132002,-0.5495376639715667
0.8482756050248774,-0.8426309007446448,0.605413373629957,-0.446800103601946,0.41090509335455594,-0.39342175468337914
4.957243043789656,-0.8071145591128359,-0.4203049675265702,-0.9984980459461893,-0.4035910676872104,-0.9978855937171093
2.346315092849945,-0.9488920328915267,0.16299404094324776,-0.4995844767401034,0.16299404094324776,-0.4995844767401034
1.7970624657360728,-0.9371079275205177,0.10034406345814362,-0.3623410118669065,0.10034406345814362,-0.3623410118669065
1.6519405505012186,-0.9398293983588623,0.39887914629710575,-0.6056926886126709,0.3863359943279645,-0.6068117161971646
2.947682312602697,-0.6626700470672333,0.2693781733807643,-0.5733061677324656,0.05161684180871173,-0.22142791046316967
2.116318848011903,-0.652849443406851,1.1682916945755415,-0.42352134048557233,0.734073216706018,-0.42352134048557233
2.7095561171564735,-0.6648438985787276,0.15424280044156857,-0.41682706451856155,0.15424280044156857,-0.41682706451856155
0.7750107746906703,-0.8357017373382233,0.3749882282556838,-0.43107339223567387,0.3749882282556838,-0.43107339223567387
0.2336068017911095,-0.986458072917587,0.1851178887363334,-0.5764279179095877,0.2181159111190587,-0.4644907716234651
2.0748022242083524,-0.9053830883819002,0.15944146243113266,-0.4543427509987641,0.15944146243113266,-0.4543427509987641
4.352457622611169,-0.9057498519971837,0.09204660642836715,-0.42352134048557255,0.09204660642836715,-0.42352134048557255
1.7625972110464279,-0.8518328927606039,0.3141707035772128,-0.6609824953619916,0.2054006015686194,-0.730347408671377
1.8013005556294628,-0.8226217463033587,0.07130413749479314,-0.2542831788346732,0.07130413749479314,-0.2542831788346732
0.930128208111628,-0.8658089358471595,0.3508833753292262,-0.5028721999440748,0.16769090476103887,-0.32808491488910774
0.7641355857702463,-0.8594122630727218,0.29673256985708063,-0.4543427509987642,0.33053068886068315,-0.4543427509987641
2.387855481567887,-0.858184242983212,0.06680848365333558,-0.621064905077586,0.0033239733401992932,-0.621064905077586
1.3529100954892148,-0.8008282642110873,0.09797847045510522,-0.6637999568876978,0.08682185914735774,-0.5888203461368382
0.9063507589216375,-0.8784511345082453,-0.017843219645502284,-0.6009772409616707,-0.010481748029422477,-0.6009772409616707
0.5913995354010593,-0.9342540391768757,0.5810266028950299,-0.6095574314388297,0.5809300257018295,-0.5818297489895929
0.483838146174014,-0.9050832345136555,0.4251464108852765,-0.5917733368044789,0.31004290984359306,-0.6114359961286602
1.1890448199184624,-0.8653244365319677,0.8213437429493968,-0.4980885189548019,0.8389779886520603,-0.500006550953724
2.993651754105792,-0.8198131559738882,0.23558336238437771,-0.4726422840004303,0.26835619394843624,-0.4422524478983594
0.4903515043291582,-0.9702381537089098,0.5587543182125425,-0.6210772379863072,0.5587480234578375,-0.6210772379863072
0.8814608217226898,-0.955769092783957,0.180210521948877,-0.3424567029146889,0.180210521948877,-0.3424567029146889
1.0111181294495273,-0.7221914020879773,0.20465335539410168,-0.5261436978504833,0.21779588196382016,-0.43827584286619337
0.504608262644233,-0.8617155580258575,0.10668145383308003,-0.4726422840004303,0.10850149651534235,-0.4726422840004303
1.81713096697111,-0.9518676085507514,0.045495680391818505,-0.555244342763449,0.045495680391818505,-0.555244342763449
1.0105708837717686,-0.806738117460865,0.027385251881038464,-0.29137534607788795,0.03459856144635598,-0.17923678349852212
2.6104680306996753,-0.8030014391771421,0.27581599156719894,-0.6950067414365473,0.27581599156719894,-0.6950067414365473
1.6411394893784368,-0.9374903529040597,0.6974306898279556,-0.4966189714373934,0.6563973111551218,-0.47321345623932165
1.0113984470272763,-0.9113401966685698,0.3062725899340595,-0.7046243003279735,0.12251808414185716,-0.6448797099059292
0.7658422524576367,-0.6425009878605715,0.4271470380532578,-0.4778435916515299,0.4271470380532578,-0.4778435916515299
5.658340567405502,-0.8330118428924489,0.3730438128886777,-0.5613330653067186,0.3833414436875484,-0.5461394760941639
1.3235766700467146,-0.9122435404374055,-0.03040040142044942,-0.6220493514475927,-0.01566232949662172,-0.6220493514475927
0.9283200547512276,-0.9275571038577985,0.19638294098900877,-0.7198180552974682,0.19638294098900877,-0.7198180552974682
0.2005796613150863,-0.9595646272274085,0.33589855859826234,-0.6277904127581482,0.30605427256851536,-0.5457283267792403
6.585180179953516,-0.6500952768715822,0.0,0.0,0.0,0.0
2.6308433838189824,-0.8693478529688171,0.2936384561531413,-0.423521340485573,0.2936384561531413,-0.423521340485573
1.114798249932258,-0.9169852170325253,0.034125452730919825,-0.7114420656679885,0.04791933321754094,-0.658881443515418
2.0378694881072117,-0.6465267752063433,0.17952149176853727,-0.4387464901226681,0.1775045996079765,-0.44384441083859616
0.40088666106285853,-0.943564725646159,0.34178939351838067,-0.4280472362664016,0.24739916592779276,-0.4280472362664016
1.8404216511205607,-0.768466216615416,0.3271168240025468,-0.42341348414249624,0.32646975954125,-0.42341348414249635
1.136579721874356,-0.8969537450371483,0.18580832913265732,-0.5384642267036923,0.16199801417133042,-0.5388384394952408
2.085484229153725,-0.8831844773051261,0.7044559762124001,-0.3717621852027123,0.7044559762124001,-0.3717621852027123
1.5542229442478095,-0.9255814378683677,0.2267875690865464,-0.5983884378605964,0.10668199671927847,-0.5525276933808759
1.4781533987147308,-0.9301626047133704,1.031238831656344,-0.5413180302001714,1.031238831656344,-0.5413180302001714
1.4311785122746596,-0.7160042712685655,0.6274101026680192,-0.5405251146330609,0.50938009114709,-0.4379201059167668
0.6256405635935798,-0.951818003486074,0.22100584674028823,-0.6304152470230451,0.20161291277602733,-0.5348632566617029
1.6959711698081645,-0.888267871724785,0.080455769403738,-0.4543427509987641,0.080455769403738,-0.4543427509987641
2.152477623253542,-0.9066946625351749,0.13701365206506488,-0.4543427509987641,0.18637864750751265,-0.4543427509987641
2.252081841300672,-0.8329080120324712,0.2952548949398279,-0.46120453281036444,0.28477216280075823,-0.46120453281036444
1.0903794328421803,-0.9409665265850606,0.6133861839740222,-0.5194789459057407,0.11151328673766026,-0.42027565381330056
0.6330329332140316,-0.9196668568481157,0.2801535889859086,-0.4442653873076484,0.23543206572554665,-0.4480787497537416
2.054693036209413,-0.8428277013725255,1.3278931369553955,-0.5207829595856893,0.37760795373370426,-0.5207829595856893
1.6820557534377385,-0.9298104474819173,0.06561559894535018,-0.6109513378564476,0.05421533434050185,-0.628358993409295
1.814734947097393,-0.7546870552089431,0.07649524236058891,-0.3798884656588154,0.08862668357932679,-0.3245127062117319
0.7740660627705014,-0.882048577917388,0.523772840873532,-0.6540519803895224,0.5246482773183005,-0.6540519803895224
0.9395643806451537,-0.8861498014580136,0.5166893004886453,-0.5608787914278417,0.5166893004886453,-0.5608787914278418
1.2294754881060448,-0.961734946785152,0.8085307331907352,-0.5075209424192354,0.809708594722373,-0.5037210318570537
0.8343662226333644,-0.9075318591606879,0.7957309023422072,-0.45434275099876353,0.7896751935023327,-0.45434275099876353
2.3260947757570123,-0.884636510586827,0.2378729803623154,-0.6461827281257675,0.24207483105602723,-0.6135545872815273
1.374768238906222,-0.8129340653470694,0.16575272447718636,-0.4329149678999591,0.20997329417143007,-0.3880978648287178
1.7697843371704174,-0.8011000004298012,0.02919271077570773,-0.40397891907037575,0.02919271077570773,-0.40397891907037575
0.7015752459636471,-0.9522392937317171,0.5024007134692974,-0.5414569820661234,0.537113111497387,-0.5414569820661234
2.929690660385859,-0.7656837617123766,0.07538164111864654,-0.40397891907037675,0.07538164111864654,-0.40397891907037675
1.3428292696322357,-0.9327854281934835,0.1948467435355825,-0.36234101186690637,0.1948467435355825,-0.36234101186690637
1.5833323965185486,-0.8060686839350893,0.23255004388894385,-0.4689211626744837,0.2560680367140977,-0.4689211626744837
-0.06346405820475054,-0.9860451670420041,-0.07958835180830448,-0.7719246338811605,-0.08334229310215124,-0.7477052188192868
2.426274871141788,-0.7445598071512451,0.5670908885465533,-0.6642153143489566,0.5630807461940537,-0.6742203666617625
1.3981779257645677,-0.9200536470070271,0.24140194523437875,-0.42886618923180597,0.24140194523437875,-0.42886618923180597
0.5703829033650192,-0.9308725958918107,0.5450413400237499,-0.5705123244949044,0.5607836898815408,-0.515909834300067
1.348975925331081,-0.8505934825655525,-0.07879939340087228,-0.8438322506627459,-0.08391074155699618,-0.8002707410562444
1.6936076390994592,-0.7260019112248972,-0.018595504398734697,-0.335740717533625,-0.018595504398734697,-0.335740717533625
2.26522535228214,-0.8411895189094054,0.3064553763938562,-0.43219035707036346,0.26365540707785073,-0.42775646686758284
2.0434908917860586,-0.7125920999802884,0.23225230651284456,-0.3793742134429785,0.20722968162139854,-0.4384533171824553
0.8412354821613655,-0.9704439529163337,0.17572551692623062,-0.5347871886125838,0.1800755382521546,-0.5229183844627677
2.8659623184617513,-0.7621817196271743,-0.011359246796712963,-0.2735648357194487,-0.020319059088150015,-0.34874222765975893
1.379616456238518,-0.9032264954004026,0.022635869894443106,-0.3332162184249331,0.03820750919429283,-0.2627598689039876
3.298380131758597,-0.8873920673109588,0.08372804437702452,-0.3429927399321788,0.08372804437702452,-0.3429927399321788
1.1245517635281534,-0.965123749053061,0.40527978724511193,-0.4975675977027444,0.40527978724511193,-0.4975675977027444
2.011387161369375,-0.7574302969939262,0.34408343606468716,-0.4238830856560508,0.35193354517962194,-0.42067178078069933
0.5827383957508785,-0.8692912986010439,0.13651459374443453,-0.5983862341118393,0.12607570609613683,-0.6122840776150069
2.412437525566315,-0.7225150777149093,0.05219053110531857,-0.3259079138478095,0.06022807970717903,-0.2805608298512581
1.431139300180639,-0.8013229198562402,0.2603707207766792,-0.34612408217473634,0.28295557666612337,-0.3211833569604262
0.7141831105475429,-0.9280334877377157,0.3809223826065755,-0.553159965783234,0.4001768305830593,-0.508267711253894
4.265832404219014,-0.797828084145462,0.347675564793958,-0.40988300432316516,0.3425391572391978,-0.40988300432316516
2.510811336491215,-0.6444095295445825,0.1610365285234776,-0.454342750998764,0.1610365285234776,-0.454342750998764
2.837474375088663,-0.9281149997460988,0.3431097977508242,-0.4186700648020216,0.3496306357303951,-0.4186700648020216
1.172400180295715,-0.9312059226542977,0.10683669778667082,-0.3950516336213532,0.0926798585318811,-0.3950516336213532
1.3109128744842464,-0.9222866515245507,0.7131799957366667,-0.42403865930747797,0.7131799957366667,-0.42403865930747797
0.30399539133855313,-0.9976739128788156,-0.03220488328026483,-0.6061632351340703,-0.014765561175372088,-0.5137244329637163
1.8494786917796304,-0.8330118428924493,0.16545511296343896,-0.5018267153703548,0.16545511296343896,-0.5018267153703548
2.05093442961441,-0.8636801425556394,0.6280865292683282,-0.4702585204480234,0.5548704738075694,-0.4543427509987642
2.10524053513955,-0.8799094231603942,0.331908878386284,-0.49387909746986935,0.31376727111102864,-0.49387909746986935
1.605186973847899,-0.6762784436033068,0.6039868027975144,-0.49146155940169345,0.4945025681551667,-0.5782813456121206
4.258862717207436,-0.7534659488662112,0.23303694605230363,-0.36234101186690737,0.2411139230931174,-0.3623410118669075
0.9559088454034264,-0.8129479088507661,0.08077883338723257,-0.36438373929512013,0.05879174653943542,-0.22791925409901403
2.748838659399611,-0.8241729598244123,0.03281862375371447,-0.5655459520980903,0.04274144240168298,-0.5136291636253782
1.7432206079997532,-0.7890677829602927,0.43356933528267727,-0.5223285352392781,0.4163340204270971,-0.5400845967218121
0.9960633823925753,-0.9164446491953931,0.09084443623338778,-0.366641260010501,0.09026251971735122,-0.366641260010501
0.720751332660001,-0.8103319229481497,0.37635793658917294,-0.7510316961407613,0.4004359675408118,-0.7510316961407613
0.43403594523780775,-0.9681264292462731,0.3475226324081613,-0.4386348922632086,0.4040499579000023,-0.3706531717334397
1.9148709149914946,-0.8426309007446449,0.24945018732005675,-0.4389200767012903,0.1351492702724688,-0.345094909240356
0.5455243573392499,-0.9290216718748565,0.7367124064164534,-0.5797585676164361,0.6880335465881053,-0.5510921546211476
0.6335296298801816,-0.9257336497798236,0.46060462684924275,-0.6487055244343032,0.49392752523670436,-0.5999674253377525
2.6847112044814825,-0.9087423017533114,0.1117042664197927,-0.6925411017532304,0.1117042664197927,-0.6925411017532304
2.102579603586929,-0.8654151042426896,0.4239862287224898,-0.4359863683898172,0.40901712377093524,-0.4360130205101007
1.2489368711550664,-0.840169656815887,0.3103089045461791,-0.4726422840004302,0.3103089045461791,-0.4726422840004302
0.5980116929605519,-0.8646012341888156,0.2687764694909598,-0.5431400407590021,0.26780329321958374,-0.5431400407590021
2.1253883701026295,-0.9348996208139059,1.934449221850532,-0.5284668833694923,2.0252419460118425,-0.5284668833694923
1.0977091311409826,-0.835558577883599,0.2963879577157973,-0.43644972575992624,0.3027091782623499,-0.43644972575992624
0.9399903602210686,-0.9111844789839615,0.30491440137315373,-0.5003485547834859,0.257400609700029,-0.5995518965762956
1.063604195224893,-0.871224185002034,0.1735446870797004,-0.4761923888675448,0.1725641807740299,-0.4761923888675448
2.419825403612788,-0.6457138074883433,0.0,0.0,0.0,0.0
1.0445679505400634,-0.8428277013725257,0.7764260303619379,-0.5490482870275348,0.6454142068831632,-0.5479219056086035
1.3965174818203394,-0.7726579552436086,0.023249932289378217,-0.33816652255953705,-0.012518533975383606,-0.2283552848736763
0.6778707459883164,-0.9759354732700142,0.15075313308727512,-0.7891443064548577,0.1660028879936124,-0.7324736845396292
0.6934447714779179,-0.9072182096908761,0.212476313660092,-0.43668172220366086,0.13410358226588337,-0.3612789380289718
2.646679880378921,-0.8854109768518141,0.9659484226388431,-0.5179093353731402,0.7537325631874787,-0.5179093353731402
1.494495648372268,-0.8831844773051257,0.29098571801099404,-0.4736948942120063,0.29098571801099404,-0.4736948942120063
1.3498896126155522,-0.9362615271225255,0.1745604571719397,-0.5671650182693921,0.19137537640233293,-0.5089031134285966
2.7343301378733345,-0.8514337263601472,0.6819580456826044,-0.42069937918870237,0.2040489429854746,-0.42069937918870237
1.9149327131172096,-0.814585429959376,0.7300429218579034,-0.5584028013064936,0.7354622710830201,-0.4956193255765794
1.3939499514732652,-0.876766335984112,0.1919506853758992,-0.559513678209583,0.23644384837844457,-0.559513678209583
0.7209784295651387,-0.8745723494103753,0.20812449217929085,-0.4779138829084295,0.20428777163259082,-0.4989359608249613
0.7100567881342648,-0.8396360392161074,0.23241333067286085,-0.5756773573085994,0.21880432080241996,-0.43081407214232403
0.7298849867245774,-0.8485425744604356,0.18144466555988492,-0.6590990592826592,0.22192571441619147,-0.5709260783557459
1.7162610624464159,-0.7893085300020318,0.6042162413463648,-0.5478660293881268,0.07954029494884263,-0.43510555215496205
0.6682323959577439,-0.9702337918610164,0.5127552089398393,-0.5260847997903966,0.5194637055414759,-0.5260847997903966
0.7607900748896568,-0.9134060835038412,0.10279542341609194,-0.46267970193229635,0.09894292030414475,-0.4632170222303641
2.868265793265494,-0.9080280737123453,0.08129374556514968,-0.4651027663501869,0.08129374556514968,-0.4651027663501869
1.4994945874902887,-0.9069264869635697,0.6982539417763276,-0.4449925892728336,0.6982539417763276,-0.4449925892728336
2.2353869197865293,-0.8832246029684143,0.02027362214790207,-0.3623410118669076,0.02027362214790207,-0.3623410118669076
2.174130211824531,-0.9515553830082382,0.4417541322131926,-0.6326013768352625,0.304851926296001,-0.47203114744972996
3.5772013867237638,-0.8497577291974162,0.39314404590124785,-0.4543427509987642,0.36083528953603405,-0.4745272730522331
1.1121839582030568,-0.8714849736883522,0.20830841123867172,-0.6848980878917514,0.2306733262129128,-0.6848980878917514
1.8996484420504518,-0.9363307519110196,0.24804370294837885,-0.7041555124906786,0.24804370294837885,-0.7041555124906786
2.1995993274682006,-0.9214791881461195,0.1604498584741667,-0.4065306985387944,0.12504648673099839,-0.5179633830768251
1.3818709707885648,-0.7344575846462345,0.30144618305912885,-0.4910569057200307,0.2722247255370709,-0.5972262643855246
3.7039378692138403,-0.6995639931732826,0.5205804659440545,-0.47934551106556267,0.5205804659440545,-0.47934551106556267
1.6484940615645929,-0.915811789017224,0.4582403950516225,-0.4402067723997165,0.027232309603649973,-0.23350496747012206
1.2007599767582562,-0.9173372315521896,0.18938867986606822,-0.4684173978730096,0.1944248786659344,-0.3502976085309978
1.2733157469067362,-0.8388032155782064,0.22189694350797007,-0.6813164165681597,0.371226039678173,-0.5322722092990388
1.5204497106672874,-0.8877755870028802,0.05066093568727359,-0.5455761016640149,0.07750909921645044,-0.5469045736748894
1.4902149478200086,-0.8611949549232402,0.0845534816181337,-0.7004877926741088,0.06810724329507489,-0.6998862051599533
0.9236684991086062,-0.9654831845477043,0.059474858553776766,-0.3943542931673618,0.07426822905634323,-0.3728284684212133
0.9518588953073226,-0.9304148842975926,0.025641929739109726,-0.6487342757081931,0.030787469446259763,-0.6250816293110106
0.9807822789123057,-0.9580524458922229,0.3577961971578709,-0.5948573952742873,0.35659901613593425,-0.5948573952742874
1.299567746355443,-0.8169542166949868,0.011180416817162753,-0.6193136076421362,0.029813331878146387,-0.5277366923274619
0.40013449384770916,-0.9433650051171377,0.41737971129668305,-0.4668944751581704,0.21368965659406713,-0.4884605210931763
1.1331125593560931,-0.9143030111823676,0.7706406469797769,-0.5867107514506312,0.7261475521596661,-0.584764491975754
0.5585170498777317,-0.9456204417456973,0.18821507228082512,-0.57847027294557,0.2157185438089575,-0.5284668833694923
0.3344066962414227,-0.9503953499003516,-0.0033989643316900686,-0.44533088431478973,0.04515753874509354,-0.560084719359787
1.4516827122798994,-0.883568472854388,0.3373190807488422,-0.4726422840004303,0.3445623307147858,-0.4543427509987642
1.4899863163390372,-0.9154300772300451,0.4198170889208632,-0.4990419140666583,0.4823483076648636,-0.4538075844889826
0.8789780452116467,-0.8373789025929799,0.4291630197114844,-0.6786814496580775,0.3736531995875936,-0.5854785667867424
0.9018686449865405,-0.7274371498197636,0.27157653455623687,-0.3469399990023391,0.23232060636816776,-0.3506530964306954
0.5966798203291996,-0.8204499037006419,0.14543104067528345,-0.7104249006463148,0.16467941343643844,-0.694321914994902
0.2726487787102223,-0.9351465660255684,0.41525260450791923,-0.7037435347632544,0.43199244234485534,-0.6409651452945611
1.1087032486124317,-0.8743693460055435,0.38441152693650005,-0.6590526366252174,0.416149510252557,-0.6590526366252174
1.8105028871645228,-0.8406032317665257,0.6615946719683126,-0.506138512137648,0.5822568626973412,-0.42925758126720004
1.770881399109871,-0.758851752449776,0.5792225373831696,-0.4290366791932928,0.37824456020799424,-0.4290366791932928
2.200625704280089,-0.8660749009571904,0.21857575548980068,-0.6460789230291889,0.21857575548980068,-0.6460789230291889
1.5760948387949187,-0.8901190580503502,0.4854319238433973,-0.7452334427382186,0.49782047066739055,-0.7189876777151807
0.7459373483200775,-0.7527339207085768,0.08591747077400624,-0.537775817419291,0.1136321224068153,-0.5200088250653914
0.8480531712330268,-0.888902435307337,-0.03495473888689371,-0.36943653188279313,-0.02991463597843358,-0.32944209359960885
1.577232006329933,-0.955090075415735,0.5548180865842625,-0.7286104997872629,0.3884140983844937,-0.6935271616785428
1.7372878345568576,-0.8692315652899059,0.15755694894620365,-0.5947917517486826,0.16102755764014542,-0.5802144531034752
0.9077215232311908,-0.9475382565881344,0.19999399454107203,-0.609796516404151,0.21268102881842776,-0.6280380550303974
0.7681828504329229,-0.9065021159097423,0.1226817199306216,-0.6066558327845393,0.0915606103777713,-0.4542005847390468
1.0938527427421332,-0.9398483388360392,0.19720619548215446,-0.634296637934934,0.19100233912514186,-0.634296637934934
1.7315628811632653,-0.8949554137148784,0.6167592385000411,-0.449894013529349,0.2876286435023212,-0.420076819133834
0.921924432680927,-0.8967786986791695,0.04964471747344046,-0.42463332987200453,0.05918949297461906,-0.42463332987200453
1.9733663338038623,-0.9704945624580565,0.6167068089897687,-0.5317143292189724,0.6520318269108174,-0.5317143292189724
2.1867531542290597,-0.8330118428924495,0.3426356066726537,-0.5968674917594272,0.33794524639087564,-0.5972706242676677
1.477104192332765,-0.9086897715532489,0.46564407338562197,-0.7517113818286454,0.46189366530116516,-0.7517113818286454
1.4447584991765252,-0.9396278011079648,0.15839022951091786,-0.528906649302558,0.14905304175950174,-0.5289066493025579
0.46082274058823947,-0.9647458527993108,0.15657419703133613,-0.4761923888675449,0.16166838450415044,-0.4761923888675449
1.6737525160263775,-0.8491811113701271,0.19933359506335857,-0.4475885580933736,0.013202045925745143,-0.4125510298549748
1.2614756439653383,-0.8774231381119219,0.17174019506649607,-0.5084097966655245,0.1461370980831862,-0.571957867067137
2.596641662169444,-0.706317717793181,0.16013871171780658,-0.3324286422923082,0.12227656731193481,-0.23573864405526068
1.977291817311091,-0.8239473905165755,1.0749408149274848,-0.5483559995006246,0.3834588106670269,-0.423521340485573
1.5351804384522554,-0.8964725701708545,0.28223643985415947,-0.5342662386701327,0.28223643985415947,-0.5342662386701327
2.732045400936656,-0.7994880361523766,0.1296605542767184,-0.6058479724624963,0.1602796406273852,-0.5452024476631664
1.688671733830379,-0.7236611787926283,0.44260129167972373,-0.4149314325709649,0.4413266671764735,-0.40457002500172223
2.761838952708061,-0.6914809278654312,0.051581893869264483,-0.40739654443564066,0.051581893869264483,-0.40739654443564066
2.820415975932136,-0.9249532264739582,0.49710528736505943,-0.5456733453313378,0.49731358368888934,-0.5456733453313376
1.9376022159396298,-0.9748171997177055,0.06831410415227634,-0.3424567029146889,0.06831410415227634,-0.3424567029146889
0.7985518707536767,-0.7624543490745668,0.3760395574590283,-0.6103065440345736,0.20740349949773185,-0.4543427509987642
1.9937319697281777,-0.918991418912995,0.1337151220708075,-0.8906242944807089,0.1296036534102527,-0.9046455194064333
0.3098090152018349,-0.9515771850248029,0.35908504442951084,-0.68842918775957,0.35913915979894795,-0.5697788218377628
0.930568854109457,-0.8962962046970117,0.344585204030619,-0.5180487563228919,0.049688633098454726,-0.4350667435393364
1.258447962692871,-0.6529151853798291,0.3743374529540411,-0.48928324495454434,0.2358740129021515,-0.49018032645210996
1.3905202438231945,-0.8539736016658735,0.411208214646825,-0.40720572493805585,0.18843372008171455,-0.3216508870929349
2.730458323860457,-0.8898463732554746,0.48581417242948355,-0.5337468391756963,0.035885882418069226,-0.3578074154287092
3.6654526304544808,-0.8824189487282544,-0.14979921201782542,-0.9673793670107032,-0.14979921201782542,-0.9673793670107032
1.9296975954484714,-0.776524942591587,0.3546052392201715,-0.430854648862385,0.3734954559989909,-0.430854648862385
0.9752724897848533,-0.8940078474153592,0.2137438137161316,-0.5428315959807781,0.10150029001800243,-0.3769089555432982
0.38970478970764666,-0.9449420727312253,0.004376655387085204,-0.6746806666652263,0.015832309417636248,-0.6567298526621199
1.0758706411146677,-0.9141730996551591,0.24322273348439527,-0.5537717906539217,0.2517414113185743,-0.5353304829378374
2.1282099548141824,-0.8307739171034342,0.5401833086665442,-0.4415248161460611,0.2832996394013283,-0.4039789190703751
1.2966014925088096,-0.8909195498540339,0.27427869737429567,-0.6962909180051524,0.29809406910353675,-0.6732163229747606
2.6277800649095693,-0.9023053391947378,0.516814225376466,-0.5374375833371784,0.4902785339135005,-0.5374375833371784
1.0465042420614177,-0.8961504674633705,0.10099516089211358,-0.514653900773937,0.09697071649297695,-0.5201316675064226
2.0589636551312727,-0.919535182916441,0.09176180631009334,-0.4693956154401927,0.12182324827982671,-0.33932616884773104
0.7653247639888894,-0.8564265610458478,0.16269882430864313,-0.7370606153648529,0.15647536678442697,-0.6971458413302054
1.3815384809936049,-0.8585229360197661,0.13334899829211966,-0.558418659879881,0.11650392147221877,-0.5260437196071326
0.8940853495382459,-0.9249628153634686,0.4835999410458678,-0.42630770699437437,0.4659832859237909,-0.4252356554885244
1.9403330853094847,-0.7005525029137956,0.06406355357191096,-0.40397891907037675,0.06962079531719301,-0.40397891907037675
0.9044571024077264,-0.9129502615236161,0.1762169721321265,-0.474768189404149,0.1733180172624813,-0.474768189404149
2.067779111121143,-0.8267238063538904,0.2105660901889581,-0.6629967762606305,0.1407970489024819,-0.5405870365975154
1.1699474774076704,-0.8100563474431506,0.5898695136623708,-0.5012115395743533,0.32445699167713493,-0.3476444170898715
3.1318948296288145,-0.7306059719992527,0.6058339480562491,-0.2801945237625255,0.6058339480562491,-0.2801945237625255
1.3528602598220147,-0.9614811169228349,0.9956524008925367,-0.5161648440520675,1.0564564583264358,-0.5165727791442372
2.451781156150686,-0.7716804964624722,0.22295818534378586,-0.6285823986597292,0.23999112729108285,-0.5862410348938383
2.883369186046471,-0.8819178849595342,1.3368554359863944,-0.6043893848846127,1.3368554359863944,-0.6043893848846127
1.4686233301091307,-0.9312768745846997,0.2976671907721049,-0.5090927042511609,0.344705936432949,-0.5090927042511609
2.138326919293135,-0.9196338431985919,0.2984307087026463,-0.42352134048557233,0.27321195818926247,-0.42352134048557233
0.13766988224055932,-0.9777037228837245,0.012514786779500797,-0.8129020822761798,0.010944726911321423,-0.8162986248176931
2.0005902544205214,-0.7943372937052289,0.7979541176683977,-0.5607710162311814,0.6495465039665951,-0.5655017100484107
0.9747365813658009,-0.9272446422052105,0.09407214425958443,-0.39704115459562006,0.09407214425958443,-0.39704115459562006
1.8768306318328647,-0.94246763655195,0.0,0.0,0.0,0.0
-0.006423387324620888,-0.9900153450419262,-0.08685926412018741,-0.8674081956358907,-0.06241866264335172,-0.8188903226304131
1.6312811379869703,-0.7594226948083721,0.21252307458869257,-0.5132667489579474,0.22095245631353122,-0.5132667489579474
1.7996525119067148,-0.9167567984707751,0.0,0.0,0.0,0.0
0.6956321068591445,-0.8989750503634331,0.26093918122217374,-0.775204872147716,0.2647570093137812,-0.7752048721477162
0.41592673372480826,-0.8295680051911708,0.16118452094532731,-0.8063253778462673,0.20050621832995263,-0.6499127232358868
0.9289808448272308,-0.8940011788625902,0.1968653667488569,-0.7466352969206216,0.23136886931819567,-0.6456264901995542
0.8184330972936857,-0.922481675793794,0.21510822850564826,-0.6968538034736251,0.34312336575159996,-0.6093256075792783
0.7839527896845944,-0.8881950684728386,0.9454779255153722,-0.6351174623441322,0.14693461789693796,-0.431420644556213
0.8286021575829023,-0.8508068933974269,0.2771688905370444,-0.8541454018415029,0.2837977996387073,-0.8441072663592288
0.7891935478378644,-0.9374393452138752,0.07735450070400285,-0.7232563571929742,0.07735450070400285,-0.7232563571929742
0.5524076877386308,-0.8921895004424178,0.31965677958487393,-0.6131109627239738,0.34339883474299837,-0.5596470202317634
1.526198338446572,-0.8958539443376371,0.1918613338847106,-0.7206057737166998,0.20066488903762925,-0.6631174889213614
0.6297058848126453,-0.941107964000789,0.2571591897172112,-0.36234101186690637,0.26658067921776096,-0.36234101186690637
1.9268300288591802,-0.8452720467545564,0.15249751456705973,-0.6495608226847465,0.1868494598856616,-0.5319925438001669
1.9905391205109604,-0.8575460257415102,0.357578061948155,-0.4229028991473194,0.3711514357064949,-0.3703280336030118
0.5577782343245243,-0.7980934241994712,0.24785097251027421,-0.5644866351642923,0.2617513833625369,-0.5644866351642923
0.4627892463655723,-0.8909791270266021,0.09350190575362727,-0.856258935540666,0.05192951503589671,-0.8368086914008314
1.2205862041950928,-0.9021978489905915,0.30492504483744187,-0.3575616339785057,0.18217685188393484,-0.3894266066435771
2.736831573781228,-0.7505398985216432,0.5812905178160084,-0.4424660706749094,0.6077315797505405,-0.3740415365546702
0.9642612779463575,-0.8244250906223561,0.19314372203685992,-0.5195816004185658,0.19756686993903472,-0.5977689091016622
4.5953778898457704,-0.8792383442286206,0.38937805852503815,-0.4241364571461329,0.38937805852503815,-0.4241364571461329
2.030557819735374,-0.8129593088872811,0.27411422588285994,-0.45434275099876364,0.2675218052776709,-0.45434275099876364
0.5500821096900537,-0.880809014052668,0.11175305333533414,-0.601200834778688,0.11745488804725901,-0.6012008347786881
1.0242827183746375,-0.8192551879283734,0.5739249950430394,-0.42352134048557233,0.5662860669344434,-0.42352134048557233
2.3935061621773355,-0.8020495643219813,-0.02052458517871658,-0.23521040612442423,-0.02052458517871658,-0.23521040612442423
1.8293745455119739,-0.9092214229138322,0.010358202802627003,-0.5913314811787871,-0.02221702692924421,-0.640197114301513
0.6916610601374571,-0.9266218033989877,0.2185722563472594,-0.4726422840004302,0.2361336664993554,-0.36234101186690626
0.8769850847744687,-0.9083622873622685,0.14046662715509917,-0.5434405553320389,0.11033789569316999,-0.4410165116540907
2.6848642219815555,-0.8768720006385885,0.0,0.0,0.0,0.0
2.8171639736705663,-0.7917727537298346,0.6582499638308767,-0.5451851039218245,0.6582499638308767,-0.5451851039218245
3.1087820243346567,-0.8753090110088068,0.4769050615404633,-0.5633568956616506,0.4424792913415627,-0.4401933193293702
2.1311482082469455,-0.7221914020879763,0.7927004785215377,-0.4060509933629125,0.7927004785215377,-0.4060509933629125
1.5716028228027037,-0.7477393486228103,0.20097751749366743,-0.48391774686879097,0.20756011709184863,-0.43325663844875684
1.6230937888364934,-0.8915528170854204,0.2832686881153492,-0.4999185649854614,0.24432712186503802,-0.33829855304576006
1.7563949032083217,-0.9009875684498228,0.373847299211135,-0.6252444343627599,0.2686027119986665,-0.5745204928744836
1.2047639116347804,-0.9078240788564926,0.1764232341718066,-0.45434275099876364,0.1954280104138275,-0.45434275099876353
1.4976931185019553,-0.9038741008751187,0.6580644620973581,-0.47245463765190554,0.3269228074909787,-0.47245463765190543
1.4913568470257492,-0.8485836458139443,0.05438620281523421,-0.37191143756729583,0.021387465687360496,-0.23350496747012206
0.5078662444040947,-0.8965454587326399,0.05727177286413876,-0.7050902572311113,0.08566314312149115,-0.6912819274757842
1.4270097882935477,-0.7708600142083222,0.22327521441322595,-0.5595136782095833,0.22327521441322595,-0.5595136782095833
1.3077993200822409,-0.9230289170846325,0.4003244328142461,-0.6473176838696467,0.4003244328142461,-0.6473176838696467
3.5361514736355355,-0.8837838420609869,0.18506465353661938,-0.6283830482105787,0.20118737773666595,-0.5641076029820093
0.8855736801165883,-0.8996646087771938,0.44675634055061964,-0.5815740064553339,0.40082261078393255,-0.6056212303133949
1.0130887369848134,-0.9250118577505283,0.3127207531958518,-0.46722758148482313,0.3255188207839348,-0.42352134048557255
1.2816328316885208,-0.9747093273098835,-0.033706887625565285,-0.717144518005349,-0.033706887625565285,-0.717144518005349
2.0533058705963416,-0.8428277013725257,0.5855374640428497,-0.5599710157338238,0.5578979236148212,-0.5164731428801779
3.2210191645923265,-0.711011415100077,0.7870484891321472,-0.4028302506766316,0.7870253196438317,-0.4028700719343129
2.4287654106095227,-0.893302222565143,0.2762384366610735,-0.6903260831211242,0.2743148745663653,-0.6952291779612265
1.3139778888436346,-0.9554013222721187,0.20536008187765353,-0.46289923965466684,0.24380557847061057,-0.38394941680983674
0.8954202985695443,-0.8831844773051261,0.42201813648092545,-0.5629008376608013,0.47636763249951586,-0.5248192410431518
0.7956439915926972,-0.9628620729270588,0.015115929688948482,-0.5770015511370907,0.020532158680664603,-0.577001551137091
1.388760924813409,-0.761274350907786,0.3022130269665153,-0.45434275099876364,0.3022130269665153,-0.45434275099876364
0.8025243316156287,-0.9784666636250903,0.11440067867601744,-0.3623410118669076,0.11440067867601744,-0.3623410118669076
2.6457223355043915,-0.7396388172566535,0.7188194004194839,-0.5480445095282256,0.743288021122054,-0.5487210694377014
3.9284823746024458,-0.9224334677590825,0.516665022606178,-0.43214132582609255,0.516665022606178,-0.43214132582609255
1.5954364867893376,-0.933516204159707,0.2508880849082811,-0.6635428992153178,0.2502611563396495,-0.6635428992153178
2.1930829555971783,-0.8927542352098211,-0.005182272633315499,-0.3364262985899814,-0.0003524030052133309,-0.2932519474479789
3.0488542819393185,-0.7699587208683745,0.31755934700169997,-0.4043266835514917,0.31755934700169997,-0.4043266835514917
0.6395090845902545,-0.8838053489124902,0.29773573382816365,-0.5665031306147943,0.29773573382816365,-0.5665031306147943
1.9147519345491002,-0.8234776275354441,0.5723208126426171,-0.5095679410629493,0.41619718849543563,-0.4995591355781731
0.6899909337963896,-0.9355242724428352,0.5309895023468003,-0.5974814091695013,0.5120609487731593,-0.616283959703829
2.29797844955068,-0.6709502314907119,0.2779000411539141,-0.476093132664563,0.27649333770654194,-0.476093132664563
1.5878612190214407,-0.9051966911909541,0.47305326337900544,-0.4543427509987642,0.47305326337900544,-0.4543427509987642
1.3267003723076134,-0.8729558736696938,0.6684049716902021,-0.5255528954179469,0.6684049716902021,-0.5255528954179469
2.0891503224963412,-0.9509260026955857,0.625687847053032,-0.6768611308823542,0.6262133328065733,-0.6763558099354985
1.5714207515627137,-0.9097319679884932,1.199761751965061,-0.5133175814121029,1.2727231980329057,-0.5133175814121029
1.3331804700855887,-0.7487228097883922,0.14256927048416213,-0.3319296400421421,0.09244837534206285,-0.3319296400421421
1.6978306187370853,-0.8343769398308494,0.134210543886639,-0.42352134048557233,0.13285092581604152,-0.42352134048557233
1.3892972390675649,-0.8573594781172491,0.4127810968664607,-0.5903228713669251,0.42085610557716846,-0.5903228713669251
1.1047343830225405,-0.9394071424918873,0.21459238437958428,-0.4039789190703753,0.21459238437958428,-0.4039789190703753
0.9549983202065049,-0.925928511681206,0.11581148248688433,-0.45434275099876353,0.11581148248688433,-0.45434275099876353
2.2966270830788775,-0.7739711917631549,0.2936457396787797,-0.40949850219001294,0.19739980386128164,-0.3253349559115539
1.5384748387483906,-0.8961521423327035,0.2834386702297851,-0.5077689209409144,0.3195651081832942,-0.42352134048557244
