time,log_rv26,niveau_lisse
2011-01-23,0.3153874074726767,0.3153874074726767
2011-01-30,0.3088481805453028,0.3088481736975476
2011-02-06,0.44702587324373816,0.447025872624905
2011-02-13,0.44751653748130954,0.44751653762670185
2011-02-20,0.4803562050704892,0.48035620490040226
2011-02-27,0.4753524487737233,0.47535244878436095
2011-03-06,0.4727155126902081,0.47271551269803486
2011-03-13,0.471819985703316,0.47181998583891166
2011-03-20,0.5010937539703016,0.5010937538185237
2011-03-27,0.4965977434851369,0.4965977435230367
2011-04-03,0.500534228664887,0.5005342284316219
2011-04-10,0.45257048476490697,0.45257048516332526
2011-04-17,0.49325265678208124,0.49325265674947616
2011-04-24,0.5266803709673693,0.5266803710015984
2011-05-01,0.5677238627685812,0.5677238622516252
2011-05-08,0.4937474444537584,0.49374744501102663
2011-05-15,0.5437601957282482,0.543760195513791
2011-05-22,0.5460573836635144,0.5460573836340117
2011-05-29,0.5417903621145517,0.5417903622608398
2011-06-05,0.5700716395263539,0.5700716393895403
2011-06-12,0.5679126278552206,0.5679126279417581
2011-06-19,0.5850077473077072,0.5850077473005043
2011-06-26,0.6005002641893256,0.6005002641806746
2011-07-03,0.6140679809260576,0.6140679809141267
2011-07-10,0.6249811385157961,0.6249811385401772
2011-07-17,0.6413189601770509,0.6413189601120014
2011-07-24,0.6431836173657139,0.6431836173930697
2011-07-31,0.6511347975639777,0.6511347975763514
2011-08-07,0.6618390499994957,0.6618390499741461
2011-08-14,0.6669031552505063,0.6669031551256824
2011-08-21,0.6441946243571379,0.6441946245853747
2011-08-28,0.6722675242536631,0.6722675241563755
2011-09-04,0.6786944622911434,0.6786944624564469
2011-09-11,0.7219005425979251,0.7219005423671335
2011-09-18,0.7137567473238994,0.713756747362776
2011-09-25,0.7142627665919159,0.7142627665928261
2011-10-02,0.7149712865101419,0.7149712865665075
2011-10-09,0.7282208653050761,0.7282208651493834
2011-10-16,0.706829675584549,0.7068296755636003
2011-10-23,0.6807775133012987,0.6807775128922632
2011-10-30,0.5637171797718258,0.5637171802347851
2011-11-06,0.5496627945691777,0.5496627939676847
2011-11-13,0.4017794694758762,0.40177947028500366
2011-11-20,0.4339226219738806,0.4339226217371791
2011-11-27,0.41340097591909536,0.41340097462673303
2011-12-04,0.10533569182435608,0.10533569322628844
2011-12-11,0.10919276074848634,0.10919276074010059
2011-12-18,0.111184044115625,0.11118404450324555
2011-12-25,0.19941880325298453,0.19941880307422877
2012-01-01,0.2478813689804498,0.24788136904768965
2012-01-08,0.3113044420009877,0.3113044417038353
2012-01-15,0.3086127172224861,0.30861271723570105
2012-01-22,0.3088612437332627,0.3088612437698146
2012-01-29,0.317242381625362,0.3172423810996419
2012-02-05,0.20865365334951486,0.20865365361827762
2012-02-12,0.15986318548570472,0.15986318581309483
2012-02-19,0.18391524247594343,0.18391524230717915
2012-02-26,0.17041815746374406,0.1704181575060252
2012-03-04,0.16632840135554894,0.16632840099388382
2012-03-11,0.08177011502967144,0.08177011538739644
2012-03-18,0.07680370607904767,0.07680370618042419
2012-03-25,0.09439302236528792,0.09439302228390713
2012-04-01,0.09387555491492636,0.09387555475831669
2012-04-08,0.05851328347160081,0.058513283552001936
2012-04-15,0.04103982666251944,0.04103982664247888
2012-04-22,0.019107453562491918,0.019107453685350783
2012-04-29,0.02451051350941353,0.024510513428198634
2012-05-06,0.01184369792526048,0.011843697989034733
2012-05-13,0.013366309078260877,0.013366308509578694
2012-05-20,-0.11163978946747619,-0.11163978894816468
2012-05-27,-0.12110188328494209,-0.12110188330645283
2012-06-03,-0.13534999885196233,-0.13534999887423127
2012-06-10,-0.15455282897950032,-0.15455282883423238
2012-06-17,-0.14143432703114872,-0.1414343275592052
2012-06-24,-0.24580553366806027,-0.24580553356145832
2012-07-01,-0.32645838253752324,-0.3264583830843847
2012-07-08,-0.5287849434444778,-0.5287849423655608
2012-07-15,-0.4910583212600457,-0.4910583214770183
2012-07-22,-0.5016069176162469,-0.5016069179753336
2012-07-29,-0.5920503698576937,-0.5920503689713427
2012-08-05,-0.4852855241051972,-0.48528552459892443
2012-08-12,-0.4883723130808451,-0.4883723120017518
2012-08-19,-0.2513666842970664,-0.2513666849033088
2012-08-26,-0.149246727640845,-0.1492467280917929
2012-09-02,-0.14746023114015017,-0.1474602311355391
2012-09-09,-0.14464779609178588,-0.14464779610575287
2012-09-16,-0.14494293813166034,-0.14494293834394123
2012-09-23,-0.19246942831657118,-0.19246942810197962
2012-09-30,-0.19225045337770677,-0.19225045334700833
2012-10-07,-0.18520123874356673,-0.18520123875646183
2012-10-14,-0.18102111228085627,-0.18102111229438334
2012-10-21,-0.17985068590389094,-0.17985068587294353
2012-10-28,-0.17179462925377031,-0.17179462928691663
2012-11-04,-0.17111344770455036,-0.17111344772002127
2012-11-11,-0.17387445512081443,-0.1738744550966588
2012-11-18,-0.1712609642866135,-0.17126096429285292
2012-11-25,-0.1700357102439824,-0.1700357102430851
2012-12-02,-0.1686108072994215,-0.16861080730019634
2012-12-09,-0.16735830328128706,-0.16735830334010432
2012-12-16,-0.17919231962437698,-0.17919231956531267
2012-12-23,-0.177884846718784,-0.17788484672386246
2012-12-30,-0.17770730316051,-0.1777073031579817
2013-01-06,-0.17696722282158076,-0.17696722287639474
2013-01-13,-0.18842295522400185,-0.18842295517781948
2013-01-20,-0.18960336116227972,-0.18960336108655046
2013-01-27,-0.1739344184843826,-0.17393441869805057
2013-02-03,-0.2058054450405164,-0.20580544480556778
2013-02-10,-0.1854016751521198,-0.1854016769749567
2013-02-17,-0.5705692472819034,-0.5705692466835695
2013-02-24,-0.822610747447508,-0.8226107462133345
2013-03-03,-0.8000553384469244,-0.8000553375144411
2013-03-10,-0.5700274405458675,-0.5700274415738722
2013-03-17,-0.5687250278330526,-0.5687250265106508
2013-03-24,-0.27319537528697213,-0.2731953763437308
2013-03-31,-0.21278880832058053,-0.21278880750513332
2013-04-07,0.02905035145768767,0.029050351843029065
2013-04-14,0.3566258942730321,0.3566258928789142
2013-04-21,0.3740177472158512,0.37401774706914687
2013-04-28,0.3587686832413538,0.3587686834205216
2013-05-05,0.3833834824516523,0.3833834823485167
2013-05-12,0.38505116667579276,0.38505116667865796
2013-05-19,0.3873563466858685,0.3873563466754354
2013-05-26,0.38734021615122255,0.38734021618060904
2013-06-02,0.39386242400568533,0.3938624241450913
2013-06-09,0.43140171334087557,0.43140171317464104
2013-06-16,0.4319547270896194,0.43195472708320815
2013-06-23,0.4310812677322581,0.4310812677977162
2013-06-30,0.44477189364491354,0.4447718937262555
2013-07-07,0.4765606607473859,0.4765606606453982
2013-07-14,0.4856577158302794,0.4856577158109042
2013-07-21,0.49044390115891384,0.4904439011306969
2013-07-28,0.4889519766522098,0.4889519766485536
2013-08-04,0.48664657460517374,0.4866465746108359
2013-08-11,0.48560096112880957,0.4856009611253632
2013-08-18,0.48378854987017583,0.48378854988475295
2013-08-25,0.4852194690064674,0.485219469000445
2013-09-01,0.48531043713033045,0.48531043705773136
2013-09-08,0.4692484955366721,0.46924849560949633
2013-09-15,0.4693895523782424,0.4693895520913397
2013-09-22,0.40569630659929895,0.4056963067483824
2013-09-29,0.375173320488294,0.37517331983665286
2013-10-06,0.19966371700884789,0.1996637162053323
2013-10-13,-0.1546237476391199,-0.15462374623696415
2013-10-20,-0.19693912731524832,-0.19693912707596423
2013-10-27,-0.1860150892263454,-0.18601508943775438
2013-11-03,-0.2221284075364615,-0.22212840639918474
2013-11-10,-0.005203802674164296,-0.005203803148795705
2013-11-17,0.1061178857131713,0.10611788585666944
2013-11-24,0.24936713238610278,0.24936713172122138
2013-12-01,0.2446838692918986,0.24468386931751154
2013-12-08,0.24569934915110997,0.2456993491240697
2013-12-15,0.2406985199254343,0.24069852039066786
2013-12-22,0.33920963536459864,0.33920963485604716
2013-12-29,0.32457079087342094,0.32457079074351797
2014-01-05,0.2810292336947461,0.28102923391209433
2014-01-12,0.2858464851778435,0.28584648513168087
2014-01-19,0.2803928046208563,0.28039280468003697
2014-01-26,0.2881064981980245,0.2881064981761343
2014-02-02,0.29094975380517085,0.2909497539235389
2014-02-09,0.3201292604468379,0.3201292603858028
2014-02-16,0.33572877958301156,0.33572877952223423
2014-02-23,0.3378056715968989,0.33780567162338854
2014-03-02,0.3457763656828886,0.3457763655996527
2014-03-09,0.3352275178572881,0.3352275179175979
2014-03-16,0.338097274017207,0.3380972740722545
2014-03-23,0.35321479002971273,0.3532147901013926
2014-03-30,0.38428068701339413,0.3842806868628511
2014-04-06,0.3818515701832345,0.3818515702369362
2014-04-13,0.3913707885533773,0.3913707884802619
2014-04-20,0.38462222422267006,0.3846222242853137
2014-04-27,0.3918115248874326,0.39181152485270565
2014-05-04,0.39127426798435416,0.391274267566869
2014-05-11,0.2978488276511297,0.29784882764313714
2014-05-18,0.20264509123441798,0.20264509092781552
2014-05-25,0.03922396093847439,0.03922396156104299
2014-06-01,0.014320968879989427,0.014320968824586121
2014-06-08,-0.02290895984478611,-0.0229089596875341
2014-06-15,-0.025151166544765242,-0.025151167151487224
2014-06-22,-0.16238573155269134,-0.1623857311351597
2014-06-29,-0.2067217694085936,-0.2067217695684166
2014-07-06,-0.28661756260240995,-0.28661756226668555
2014-07-13,-0.2918165008512434,-0.29181650082783706
2014-07-20,-0.29180765061132313,-0.2918076505979667
2014-07-27,-0.28882706938758124,-0.2888270694021159
2014-08-03,-0.2890803661921427,-0.28908036641451157
2014-08-10,-0.33880952593291475,-0.33880952555036126
2014-08-17,-0.30342260606731314,-0.30342260622070827
2014-08-24,-0.3021652665935981,-0.30216526663163285
2014-08-31,-0.30937045641552513,-0.3093704565745904
2014-09-07,-0.3519668106924832,-0.35196681050076484
2014-09-14,-0.35190686169517604,-0.35190686157926504
2014-09-21,-0.32605734177272555,-0.3260573421961915
2014-09-28,-0.39442670086524234,-0.3944267003640157
2014-10-05,-0.3512758500958042,-0.3512758501101063
2014-10-12,-0.3113071356231323,-0.31130713614054234
2014-10-19,-0.38645936246357865,-0.38645936220839033
2014-10-26,-0.40483356889676353,-0.4048335687556973
2014-11-02,-0.391821302755676,-0.39182130266437626
2014-11-09,-0.35849533160538904,-0.3584953317047189
2014-11-16,-0.34726971915040655,-0.34726971991491923
2014-11-23,-0.5061440421828676,-0.5061440416073548
2014-11-30,-0.5369698837524796,-0.5369698836667884
2014-12-07,-0.5487299180502341,-0.5487299180920577
2014-12-14,-0.5697954971515246,-0.5697954969813772
2014-12-21,-0.5530042082644537,-0.5530042083477468
2014-12-28,-0.5547451584329115,-0.5547451581913783
2015-01-04,-0.5027462600208706,-0.5027462602263965
2015-01-11,-0.49647574040493564,-0.4964757399701627
2015-01-18,-0.39347058649916694,-0.393470586501119
2015-01-25,-0.2908997543213441,-0.29089975473580915
2015-02-01,-0.28054515855106454,-0.2805451586071857
2015-02-08,-0.28267721278472785,-0.28267721287863634
2015-02-15,-0.30570339914089556,-0.30570339904638116
2015-02-22,-0.3077006481681184,-0.30770064804194297
2015-03-01,-0.2816245485997178,-0.2816245486725031
2015-03-08,-0.271742779426067,-0.2717427794407127
2015-03-15,-0.26511959536510393,-0.2651195955733773
2015-03-22,-0.3048360993500738,-0.3048360991291407
2015-03-29,-0.2953961927448202,-0.29539619289206714
2015-04-05,-0.3187179281197947,-0.31871792821971184
2015-04-12,-0.3642706784881164,-0.36427067828959225
2015-04-19,-0.36565287814854514,-0.365652878199166
2015-04-26,-0.3782979420741786,-0.378297941964775
2015-05-03,-0.3666012907788882,-0.36660129099520616
2015-05-10,-0.403034210429929,-0.4030342103489151
2015-05-17,-0.42144197902062014,-0.4214419789444259
2015-05-24,-0.4228969409016412,-0.4228969409093596
2015-05-31,-0.426069201651991,-0.42606920163942336
2015-06-07,-0.42644522122207945,-0.42644522119915884
2015-06-14,-0.42172153297914544,-0.42172153304639576
2015-06-21,-0.43196067560389195,-0.4319606755485248
2015-06-28,-0.42988092080793006,-0.4298809211104828
2015-07-05,-0.49511751657632486,-0.4951175160689892
2015-07-12,-0.4474746720851525,-0.44747467288151815
2015-07-19,-0.5770188717802819,-0.577018871674519
2015-07-26,-0.6830314163681914,-0.6830314161353532
2015-08-02,-0.7372387226804396,-0.7372387223580014
2015-08-09,-0.7197052670216105,-0.7197052671101983
2015-08-16,-0.7218821183420845,-0.7218821180413542
2015-08-23,-0.6571480883947277,-0.6571480888647714
2015-08-30,-0.6969962255680566,-0.696996225399034
2015-09-06,-0.6992377553604066,-0.6992377553707766
2015-09-13,-0.7037865523028543,-0.7037865523475858
2015-09-20,-0.7182878854286666,-0.7182878855566281
2015-09-27,-0.7612599630129286,-0.7612599629229329
2015-10-04,-0.7842084526509895,-0.7842084527277364
2015-10-11,-0.8242327132066724,-0.8242327130556639
2015-10-18,-0.8306584137575915,-0.8306584136078181
2015-10-25,-0.8037603323478054,-0.80376033221414
2015-11-01,-0.7471224241791465,-0.747122424211033
2015-11-08,-0.6975790777867292,-0.6975790775553927
2015-11-15,-0.5965645971194614,-0.5965645975737436
2015-11-22,-0.5966254408463707,-0.5966254406792048
2015-11-29,-0.5594927666015572,-0.5594927667809444
2015-12-06,-0.5622727699697886,-0.5622727698787239
2015-12-13,-0.5447913619773326,-0.544791362064891
2015-12-20,-0.5467912284100405,-0.5467912283401397
2015-12-27,-0.5332385543418897,-0.5332385544636556
2016-01-03,-0.5467781483319027,-0.5467781484793464
2016-01-10,-0.5931231518752934,-0.5931231515031544
2016-01-17,-0.556669255236042,-0.5566692554131156
2016-01-24,-0.559613261890058,-0.5596132617490884
2016-01-31,-0.5311922963200842,-0.5311922965134402
2016-02-07,-0.5457919865398124,-0.5457919864434215
2016-02-14,-0.5389452290362955,-0.5389452293294065
2016-02-21,-0.597314072519634,-0.5973140722437928
2016-02-28,-0.5943097630486406,-0.5943097629459976
2016-03-06,-0.5684679500620421,-0.5684679502398451
2016-03-13,-0.5821863487484762,-0.5821863486850583
2016-03-20,-0.581794607113963,-0.5817946071175925
2016-03-27,-0.5822103818932309,-0.5822103818732536
2016-04-03,-0.5781813006397254,-0.5781813006575603
2016-04-10,-0.578120403283383,-0.5781204033061257
2016-04-17,-0.5831196224227813,-0.5831196224110211
2016-04-24,-0.5855022773084906,-0.5855022775361088
2016-05-01,-0.6385287579659974,-0.6385287579441239
2016-05-08,-0.6866884902843899,-0.6866884906177012
2016-05-15,-0.8090081784037483,-0.8090081777761063
2016-05-22,-0.791680921355114,-0.7916809211690549
2016-05-29,-0.7329565179948191,-0.7329565181904196
2016-06-05,-0.7177521604026434,-0.717752160248125
2016-06-12,-0.6681682810246384,-0.6681682810223696
2016-06-19,-0.6180795888066146,-0.6180795884431717
2016-06-26,-0.4871268180737652,-0.4871268186483432
2016-07-03,-0.4840145394436125,-0.48401453945152756
2016-07-10,-0.4826633200888125,-0.4826633205078579
2016-07-17,-0.5745474222602822,-0.5745474218264435
2016-07-24,-0.5699047498995021,-0.5699047500347841
2016-07-31,-0.5953616015856749,-0.5953616014006585
2016-08-07,-0.5796533092975227,-0.5796533093832876
2016-08-14,-0.583027257418937,-0.5830272574681207
2016-08-21,-0.5973443000054025,-0.5973442999431433
2016-08-28,-0.5978089961109475,-0.5978089961851409
2016-09-04,-0.6147813384524304,-0.6147813383705634
2016-09-11,-0.6135387047777892,-0.6135387047852183
2016-09-18,-0.6139490126354377,-0.6139490126220707
2016-09-25,-0.6113852441735782,-0.6113852441960276
2016-10-02,-0.613816334592453,-0.6138163345826032
2016-10-09,-0.6140558963258933,-0.6140558963142158
2016-10-16,-0.6116972550674167,-0.6116972551398755
2016-10-23,-0.6254602959291344,-0.6254602958354002
2016-10-30,-0.6183679738412715,-0.618367973872554
2016-11-06,-0.6182358407818651,-0.6182358407690812
2016-11-13,-0.6152593619773286,-0.6152593620487266
2016-11-20,-0.6281685527145465,-0.6281685531423928
2016-11-27,-0.7362712317983399,-0.7362712313949201
2016-12-04,-0.7546152108932667,-0.7546152113063588
2016-12-11,-0.8648699456061703,-0.8648699455994868
2016-12-18,-0.9736376524469591,-0.9736376531036957
2016-12-25,-1.2285256806017713,-1.2285256790888264
2017-01-01,-1.146791662800533,-1.1467916627648964
2017-01-08,-1.0571286803538849,-1.0571286803635314
2017-01-15,-0.9696119670833123,-0.9696119672051381
2017-01-22,-0.9092008313217901,-0.9092008317281487
2017-01-29,-0.9392022890046451,-0.9392022887875283
2017-02-05,-0.9208964269343614,-0.9208964271033364
2017-02-12,-0.9401865877607667,-0.9401865876505903
2017-02-19,-0.9349630951637663,-0.9349630950153979
2017-02-26,-0.8967284154734321,-0.8967284156066287
2017-03-05,-0.8881292822863476,-0.8881292822434091
2017-03-12,-0.869976579736435,-0.8699765788654731
2017-03-19,-0.6580395616599966,-0.6580395625351882
2017-03-26,-0.6408279588162475,-0.6408279586719293
2017-04-02,-0.591506337182565,-0.5915063373366327
2017-04-09,-0.5764639702361013,-0.5764639702582648
2017-04-16,-0.5663528601752745,-0.5663528602003427
2017-04-23,-0.5618192760676561,-0.5618192760368094
2017-04-30,-0.5504224510943551,-0.5504224510747724
2017-05-07,-0.5346685931405042,-0.5346685930250972
2017-05-14,-0.4932372884125627,-0.49323728849307324
2017-05-21,-0.4697191410107174,-0.46971914111812263
2017-05-28,-0.4700980833938315,-0.47009808331416947
2017-06-04,-0.45275265473228227,-0.45275265468336173
2017-06-11,-0.424522674654935,-0.4245226743168549
2017-06-18,-0.3210717111247462,-0.3210717116327148
2017-06-25,-0.3306410160721338,-0.33064101606552626
2017-07-02,-0.33874017072305357,-0.338740170820393
2017-07-09,-0.36849682350253293,-0.36849682273170803
2017-07-16,-0.22674910688722502,-0.22674910687677222
2017-07-23,-0.08267570555898036,-0.08267570620962023
2017-07-30,-0.08336615088369553,-0.08336615082411732
2017-08-06,-0.07080076385994787,-0.07080076376396499
2017-08-13,-0.03687970804850478,-0.036879708189699295
2017-08-20,-0.034373668360075875,-0.0343736683881825
2017-08-27,-0.0381212018718077,-0.038121201857874924
2017-09-03,-0.03876876858469304,-0.03876876853211373
2017-09-10,-0.02771772439267558,-0.027717724550148412
2017-09-17,-0.051703533076423704,-0.05170353301119039
2017-09-24,-0.06117528364089628,-0.061175283557445115
2017-10-01,-0.052079602506291164,-0.052079602555913485
2017-10-08,-0.05402461888987913,-0.05402461879687965
2017-10-15,-0.03527775466479027,-0.0352777547487573
2017-10-22,-0.035213100023774695,-0.035213100028255596
2017-10-29,-0.03614542222495306,-0.036145422159734465
2017-11-05,-0.022566960140863207,-0.022566959879641364
2017-11-12,0.04913194728407072,0.049131947226033534
2017-11-19,0.10791788956518608,0.10791788933234855
2017-11-26,0.11489873836735957,0.11489873837900913
2017-12-03,0.12447154975838036,0.12447154991667572
2017-12-10,0.1692642208044471,0.16926422047807463
2017-12-17,0.14144078034042754,0.14144078092698897
2017-12-24,0.24412408235065403,0.24412408189513357
2017-12-31,0.24545654787517565,0.2454565478741132
2018-01-07,0.24655262082053622,0.24655262064004288
2018-01-14,0.20748990067631773,0.2074899007583081
2018-01-21,0.1866695914086094,0.18666959149662832
2018-01-28,0.18543301834510587,0.18543301875442053
2018-02-04,0.2752667409230253,0.27526674041777716
2018-02-11,0.2526854880705189,0.2526854883074696
2018-02-18,0.28282449247330754,0.28282449237245233
2018-02-25,0.2905237524854512,0.2905237525023514
2018-03-04,0.3019832145087462,0.30198321454472804
2018-03-11,0.32144843083233443,0.3214484307549171
2018-03-18,0.32368869849030396,0.3236886984761888
2018-03-25,0.32278842282759534,0.32278842291524434
2018-04-01,0.3413895702149564,0.3413895701293256
2018-04-08,0.3409383129368593,0.3409383129063217
2018-04-15,0.33369261301124875,0.33369261304400166
2018-04-22,0.3337342528311721,0.3337342528365332
2018-04-29,0.3349687066651609,0.33496870659451616
2018-05-06,0.32048509194748365,0.3204850918888687
2018-05-13,0.2929599652197823,0.2929599650810709
2018-05-20,0.2345723024293351,0.23457230268388019
2018-05-27,0.23281954356045795,0.23281954346286968
2018-06-03,0.2093539238549114,0.20935392360385494
2018-06-10,0.13002959902360658,0.13002959913224837
2018-06-17,0.07487748380559905,0.07487748371490095
2018-06-24,-0.000454469374328049,-0.00045446901843586296
2018-07-01,0.003397663224895979,0.003397663077226401
2018-07-08,-0.02560588726115566,-0.025605887225471774
2018-07-15,-0.04666996657508019,-0.04666996644787845
2018-07-22,-0.03943234594937552,-0.039432345913635675
2018-07-29,-0.024242802462679146,-0.024242803014657872
2018-08-05,-0.13186554029845182,-0.13186553975579504
2018-08-12,-0.11875008041237933,-0.11875008093582688
2018-08-19,-0.2220988695171683,-0.22209886907138515
2018-08-26,-0.22626332217479134,-0.2262633223629368
2018-09-02,-0.2722891271084988,-0.272289126984071
2018-09-09,-0.29063042159771335,-0.2906304216551811
2018-09-16,-0.32175797969708125,-0.32175797955653634
2018-09-23,-0.3216150510842645,-0.32161505151696385
2018-09-30,-0.41774538502808695,-0.4177453846066157
2018-10-07,-0.4201006537749585,-0.42010065411493563
2018-10-14,-0.49809900136917,-0.49809900104273874
2018-10-21,-0.5034681597963138,-0.5034681598514977
2018-10-28,-0.5211154425176663,-0.5211154424515821
2018-11-04,-0.5240593594096572,-0.5240593594939075
2018-11-11,-0.5457484994834482,-0.5457484992033931
2018-11-18,-0.5051268875032067,-0.505126886778548
2018-11-25,-0.3032726341979011,-0.3032726351174214
2018-12-02,-0.30600666261006004,-0.30600666257077486
2018-12-09,-0.29999994784072886,-0.29999994782116646
2018-12-16,-0.2896407047719127,-0.2896407044132959
2018-12-23,-0.19949116087177587,-0.1994911612953833
2018-12-30,-0.20359197807380103,-0.20359197805177504
2019-01-06,-0.20279213396980109,-0.20279213387999928
2019-01-13,-0.18201187261392343,-0.18201187292510676
2019-01-20,-0.23046821974571807,-0.2304682196637849
2019-01-27,-0.2606948768117402,-0.2606948768067306
2019-02-03,-0.289806918680023,-0.2898069185400221
2019-02-10,-0.28776952044842896,-0.2877695204755904
2019-02-17,-0.29177540103979727,-0.29177540101678606
2019-02-24,-0.2906614111166664,-0.2906614112150809
2019-03-03,-0.31144411247417786,-0.3114441125114285
2019-03-10,-0.34051488008912345,-0.34051487997800356
2019-03-17,-0.3448620688377187,-0.3448620688383531
2019-03-24,-0.3493504009182837,-0.34935040087497865
2019-03-31,-0.344203603268476,-0.34420360277235756
2019-04-07,-0.22867313919342258,-0.22867313973262354
2019-04-14,-0.2331119687994343,-0.23311196878547982
2019-04-21,-0.23444600319751863,-0.23444600318877365
2019-04-28,-0.23383432562533651,-0.23383432553515826
2019-05-05,-0.21315847457792403,-0.21315847442069508
2019-05-12,-0.15750003157134432,-0.15750003178547967
2019-05-19,-0.14948554038071785,-0.14948554145146337
2019-05-26,-0.3797061369248605,-0.3797061358827336
2019-06-02,-0.3780591366880912,-0.3780591367319106
2019-06-09,-0.3861617162193481,-0.3861617161972204
2019-06-16,-0.3893410048987419,-0.3893410049832315
2019-06-23,-0.41131876520241717,-0.4113187651425159
2019-06-30,-0.4199688220482741,-0.41996882200973795
2019-07-07,-0.42004478383687377,-0.42004478396392453
2019-07-14,-0.44838884941584456,-0.4483888492994671
2019-07-21,-0.45083955356325367,-0.4508395533374459
2019-07-28,-0.4030492526140697,-0.4030492527858215
2019-08-04,-0.39347279296065374,-0.3934727930077915
2019-08-11,-0.3943842193703984,-0.3943842191612803
2019-08-18,-0.3487680004716499,-0.34876800064121694
2019-08-25,-0.340879528041775,-0.3408795280388438
2019-09-01,-0.33233887384218275,-0.33233887387431343
2019-09-08,-0.3309471201068856,-0.3309471200972536
2019-09-15,-0.3274122915334428,-0.3274122915264456
2019-09-22,-0.3223206152431888,-0.32232061476630325
2019-09-29,-0.21112448794356847,-0.2111244887844856
2019-10-06,-0.2870278699219689,-0.28702786957399806
2019-10-13,-0.28550963301330085,-0.28550963301478505
2019-10-20,-0.2843216229874322,-0.2843216228732287
2019-10-27,-0.25772395991288655,-0.2577239600635888
2019-11-03,-0.26465672591720524,-0.264656726143407
2019-11-10,-0.3219181657599567,-0.3219181657085289
2019-11-17,-0.36773719689856504,-0.36773719637029345
2019-11-24,-0.29601865404091976,-0.2960186543185571
2019-12-01,-0.2860729128201726,-0.2860729130119093
2019-12-08,-0.31878755114413854,-0.31878755124677194
2019-12-15,-0.3743375665725823,-0.37433756667210705
2019-12-22,-0.4520312975822227,-0.4520312972370676
2019-12-29,-0.45292988538021284,-0.45292988543406404
2020-01-05,-0.46581007062214,-0.46581007050506346
2020-01-12,-0.4526413492900891,-0.4526413493088672
2020-01-19,-0.4436506544277725,-0.4436506545831196
2020-01-26,-0.4692238367175896,-0.4692238367700869
2020-02-02,-0.5064773761151831,-0.5064773758842548
2020-02-09,-0.4923506344057078,-0.4923506346124587
2020-02-16,-0.5242248538582748,-0.5242248537211488
2020-02-23,-0.525589284517605,-0.5255892842331219
2020-03-01,-0.46365775859133995,-0.4636577589065679
2020-03-08,-0.47186275400008615,-0.4718627525905613
2020-03-15,-0.16645610600661054,-0.16645610730524263
2020-03-22,-0.1499880753490741,-0.1499880756943604
2020-03-29,-0.21034437728608296,-0.21034437686494672
2020-04-05,-0.17700014491271235,-0.17700014507935638
2020-04-12,-0.18073330856753408,-0.18073330854469424
2020-04-19,-0.17938473189341908,-0.17938473202956126
2020-04-26,-0.20832705359753897,-0.20832705331743673
2020-05-03,-0.1749481417672669,-0.17494814191671976
2020-05-10,-0.1748216829183659,-0.17482168287474556
2020-05-17,-0.16498993957468505,-0.16498993984933003
2020-05-24,-0.2162652166113404,-0.21626521637855894
2020-05-31,-0.21574788104728398,-0.21574788104596876
2020-06-07,-0.21493791775294704,-0.21493791776926433
2020-06-14,-0.2177584627695578,-0.21775846276731742
2020-06-21,-0.22008053683157175,-0.22008053681859072
2020-06-28,-0.21951439907998194,-0.21951439908310486
2020-07-05,-0.21964309635225923,-0.21964309642216032
2020-07-12,-0.23532440858672715,-0.2353244085410036
2020-07-19,-0.24083247307770964,-0.24083247301759703
2020-07-26,-0.23296581028860555,-0.23296581029010718
2020-08-02,-0.22543325392428926,-0.22543325398701033
2020-08-09,-0.23185579966380704,-0.2318557996387924
2020-08-16,-0.23271272371425078,-0.23271272370539134
2020-08-23,-0.23159846857058433,-0.23159846878440404
2020-08-30,-0.2780579441599952,-0.27805794382138993
2020-09-06,-0.2491795758996563,-0.24917957830666881
2020-09-13,-0.7558484629543738,-0.7558484607321412
2020-09-20,-0.7680825766746889,-0.7680825765901578
2020-09-27,-0.7615089767046338,-0.7615089770430414
2020-10-04,-0.8302292506373625,-0.8302292502777595
2020-10-11,-0.8189397980906359,-0.8189397981403214
2020-10-18,-0.8187051055171837,-0.8187051053170175
2020-10-25,-0.7739345003298169,-0.7739345008945155
2020-11-01,-0.8548062822073177,-0.8548062816305234
2020-11-08,-0.8073444603203568,-0.8073444607056277
2020-11-15,-0.8456033240429134,-0.8456033238563425
2020-11-22,-0.8423511769172894,-0.8423511769301364
2020-11-29,-0.8419574040742855,-0.8419574040443337
2020-12-06,-0.8348995232488438,-0.8348995233670423
2020-12-13,-0.8541401924675697,-0.8541401917390739
2020-12-20,-0.7112944927927637,-0.7112944933818994
2020-12-27,-0.6995283232433224,-0.6995283227623026
2021-01-03,-0.5807378419723347,-0.5807378424030549
2021-01-10,-0.5577802875995973,-0.5577802875736184
2021-01-17,-0.529042581774116,-0.5290425815833986
2021-01-24,-0.45787126486484125,-0.45787126523476346
2021-01-31,-0.4690056340010567,-0.4690056337908727
2021-02-07,-0.43337519713795036,-0.43337519699288907
2021-02-14,-0.3654694075689559,-0.365469407824974
2021-02-21,-0.3545262622199895,-0.35452626159001555
2021-02-28,-0.203417316914385,-0.20341731782888006
2021-03-07,-0.2557785703668312,-0.255778570088412
2021-03-14,-0.246193053560982,-0.24619305351780757
2021-03-21,-0.22700146032041343,-0.22700146038681696
2021-03-28,-0.22258429023006238,-0.2225842902859551
2021-04-04,-0.23060294986563476,-0.23060294982038565
2021-04-11,-0.22855393100604784,-0.22855393092509288
2021-04-18,-0.20849287343235023,-0.20849287329318564
2021-04-25,-0.15746845066729662,-0.15746845084291028
2021-05-02,-0.14551711717620638,-0.14551711725578326
2021-05-09,-0.15127121120408388,-0.15127121072519156
2021-05-16,-0.05047435977305684,-0.05047435982408495
2021-05-23,0.038969014499706155,0.03896901409042018
2021-05-30,0.037348471081111195,0.03734847108458775
2021-06-06,0.036501440814528996,0.03650144082864368
2021-06-13,0.03879484934833982,0.03879484924281174
2021-06-20,0.017608829845256732,0.017608829900897602
2021-06-27,0.008802601782035816,0.00880260157998728
2021-07-04,-0.04495833471773959,-0.0449583345771663
2021-07-11,-0.06744247544410237,-0.06744247533162279
2021-07-18,-0.0649005197796161,-0.06490051980154025
2021-07-25,-0.06723657291953282,-0.06723657283104545
2021-08-01,-0.04988466510131946,-0.049884665265964856
2021-08-08,-0.06916546891652559,-0.06916546908747132
2021-08-15,-0.12648077363834742,-0.1264807735384978
2021-08-22,-0.16158007951642298,-0.1615800797491664
2021-08-29,-0.2484635409496298,-0.24846354064390175
2021-09-05,-0.2673241643682599,-0.2673241644065022
2021-09-12,-0.2946934892116055,-0.29469348908973786
2021-09-19,-0.2949479319697416,-0.2949479319167938
2021-09-26,-0.28342177678747404,-0.2834217767456767
2021-10-03,-0.26259593920172275,-0.2625959391709356
2021-10-10,-0.23492012615067562,-0.23492012620221392
2021-10-17,-0.21871130340679656,-0.21871130364079708
2021-10-24,-0.2545663276638402,-0.2545663276581395
2021-10-31,-0.28915298783419385,-0.28915298768039577
2021-11-07,-0.2895204127307675,-0.2895204132868833
2021-11-14,-0.4136205977138644,-0.41362059815349506
2021-11-21,-0.6355362324981862,-0.6355362314600814
2021-11-28,-0.6264791785320728,-0.6264791781722232
2021-12-05,-0.537357539609436,-0.5373575400876475
2021-12-12,-0.5546353647763503,-0.5546353647547027
2021-12-19,-0.5670966971588626,-0.5670966970647752
2021-12-26,-0.558624102630359,-0.5586241025731695
2022-01-02,-0.5374271526687989,-0.5374271525577542
2022-01-09,-0.49152335387286095,-0.491523354170772
2022-01-16,-0.5119031479635993,-0.5119031475854718
2022-01-23,-0.4481516328943574,-0.4481516333554033
2022-01-30,-0.486980333500672,-0.48698033329154666
2022-02-06,-0.47927978522907405,-0.4792797853259635
2022-02-13,-0.49313661439991807,-0.4931366142878994
2022-02-20,-0.48206989824963214,-0.48206989829716757
2022-02-27,-0.4815795528756911,-0.48157955292119775
2022-03-06,-0.4912141922240863,-0.4912141923202277
2022-03-13,-0.5222397858132071,-0.5222397855682279
2022-03-20,-0.4987588341269149,-0.49875883413592664
2022-03-27,-0.47728294359298035,-0.47728294384151065
2022-04-03,-0.5111036956103446,-0.5111036955869599
2022-04-10,-0.5397214571062697,-0.5397214571859548
2022-04-17,-0.5860686966773004,-0.5860686964676094
2022-04-24,-0.5857608120496324,-0.5857608120602914
2022-05-01,-0.5878245063676099,-0.5878245062410626
2022-05-08,-0.5617321401998975,-0.5617321403082265
2022-05-15,-0.5597423963643016,-0.5597423964442106
2022-05-22,-0.575531980309133,-0.575531980238239
2022-05-29,-0.5755480428663229,-0.5755480430915065
2022-06-05,-0.6256662531376026,-0.6256662528138022
2022-06-12,-0.6037406115158805,-0.6037406108660113
2022-06-19,-0.43722258545065407,-0.4372225863040644
2022-06-26,-0.4605837557074265,-0.46058375558276465
2022-07-03,-0.45620833640812525,-0.4562083363900189
2022-07-10,-0.447804348829184,-0.44780434889661086
2022-07-17,-0.45440246542847934,-0.45440246553440294
2022-07-24,-0.4845680111873451,-0.4845680110736552
2022-07-31,-0.48943816912731786,-0.4894381693240262
2022-08-07,-0.5380748647582592,-0.5380748644758423
2022-08-14,-0.5238753410887458,-0.5238753410862765
2022-08-21,-0.5091264208229668,-0.5091264208308627
2022-08-28,-0.49613430230718825,-0.4961343023706323
2022-09-04,-0.4972581372843185,-0.49725813713663813
2022-09-11,-0.4655238906082415,-0.4655238908143761
2022-09-18,-0.4796534818154635,-0.4796534820734269
2022-09-25,-0.5511785311920722,-0.5511785308509417
2022-10-02,-0.5468039011426507,-0.5468039011760772
2022-10-09,-0.5498665185753833,-0.5498665185717538
2022-10-16,-0.5521216008303289,-0.5521216008012864
2022-10-23,-0.547914885971987,-0.5479148859077435
2022-10-30,-0.5294143484794579,-0.5294143486822811
2022-11-06,-0.5560408740975888,-0.5560408733879898
2022-11-13,-0.42478546265713024,-0.42478546324282934
2022-11-20,-0.4238449320412914,-0.4238449320328804
2022-11-27,-0.42103298916322157,-0.42103298914913323
2022-12-04,-0.41508646605144833,-0.4150864661620959
2022-12-11,-0.4337584212091986,-0.43375842201461545
2022-12-18,-0.6316312657204682,-0.6316312648503898
2022-12-25,-0.6359163715216427,-0.635916371615683
2023-01-01,-0.6611249508508795,-0.6611249508448703
2023-01-08,-0.6849965199415641,-0.6849965191661005
2023-01-15,-0.5363316359562408,-0.5363316366233425
2023-01-22,-0.5360932779616555,-0.5360932779473512
2023-01-29,-0.5326722723530039,-0.5326722723527184
2023-02-05,-0.5291877627119752,-0.5291877627282969
2023-02-12,-0.5293347372251868,-0.5293347372509745
2023-02-19,-0.5352193301430812,-0.5352193302256835
2023-02-26,-0.5594824807151099,-0.5594824805650068
2023-03-05,-0.5503485193767131,-0.5503485195104473
2023-03-12,-0.5709696691700932,-0.5709696685336315
2023-03-19,-0.4499815411832116,-0.4499815417491698
2023-03-26,-0.45491606291651443,-0.4549160628930104
2023-04-02,-0.4546210596818816,-0.4546210596829996
2023-04-09,-0.45457480731310906,-0.4545748072906564
2023-04-16,-0.44953295903362794,-0.4495329589239741
2023-04-23,-0.42009372457335514,-0.420093724696827
2023-04-30,-0.41812630460377004,-0.41812630460059524
2023-05-07,-0.4154525113756789,-0.41545251220188656
2023-05-14,-0.5966054476732779,-0.5966054468585413
2023-05-21,-0.596483886409817,-0.5964838863991959
2023-05-28,-0.5939991886222502,-0.5939991885975444
2023-06-04,-0.5860175804322002,-0.5860175804120304
2023-06-11,-0.5735483001309901,-0.5735483002056297
2023-06-18,-0.5776859405368905,-0.5776859403017979
2023-06-25,-0.5295167554740943,-0.5295167557034313
2023-07-02,-0.5323738045042539,-0.5323738044732667
2023-07-09,-0.5283363563662562,-0.5283363568880863
2023-07-16,-0.6404032768622148,-0.6404032764413379
2023-07-23,-0.6588273563168262,-0.6588273562336227
2023-07-30,-0.658739105512041,-0.6587391055412756
2023-08-06,-0.6651553940552462,-0.6651553940981443
2023-08-13,-0.6811162878994936,-0.6811162877717727
2023-08-20,-0.6686599665189853,-0.6686599665997079
2023-08-27,-0.6741639859572208,-0.6741639859832
2023-09-03,-0.685448246571703,-0.6854482465275201
2023-09-10,-0.6869020595330859,-0.6869020609969202
2023-09-17,-1.0140510918842842,-1.0140510904129485
2023-09-24,-1.0138358623151085,-1.0138358621813937
2023-10-01,-0.9838698350273826,-0.9838698351638778
2023-10-08,-0.9842732559126169,-0.9842732560507078
2023-10-15,-1.0154011543924888,-1.015401154201349
2023-10-22,-1.004001495638678,-1.004001495200184
2023-10-29,-0.8950392488312536,-0.8950392493405388
2023-11-05,-0.8993902111445484,-0.8993902112370472
2023-11-12,-0.9243216544491953,-0.9243216543464845
2023-11-19,-0.926400488772832,-0.9264004887991599
2023-11-26,-0.934337147993946,-0.9343371479448984
2023-12-03,-0.9313609828342667,-0.9313609828166164
2023-12-10,-0.9244577079624898,-0.9244577078411088
2023-12-17,-0.8905478162280585,-0.8905478168831361
2023-12-24,-1.0023891488106111,-1.0023891482719005
2023-12-31,-0.9943702712520016,-0.9943702712936306
2024-01-07,-0.9956136227981108,-0.9956136226796909
2024-01-14,-0.9705091866684833,-0.9705091867783107
2024-01-21,-0.9698407524935961,-0.9698407525497073
2024-01-28,-0.9816567278829998,-0.9816567278455675
2024-02-04,-0.9851441902137315,-0.9851441898449992
2024-02-11,-0.9065907105610677,-0.906590711395651
2024-02-18,-1.013727508576335,-1.0137275080850965
2024-02-25,-1.0115663866292373,-1.0115663858566264
2024-03-03,-0.8375035293625915,-0.8375035301155838
2024-03-10,-0.8309773652856406,-0.830977365267098
2024-03-17,-0.8203255799437911,-0.8203255799767362
2024-03-24,-0.8170039080891394,-0.8170039081090307
2024-03-31,-0.8181079458792297,-0.8181079458150903
2024-04-07,-0.8049413051922938,-0.8049413051592715
2024-04-14,-0.7844273834722516,-0.7844273836294999
2024-04-21,-0.7989003668666915,-0.7989003670494927
2024-04-28,-0.8540456344326333,-0.854045634185465
2024-05-05,-0.8541972961847163,-0.8541972961094891
2024-05-12,-0.8376113319665094,-0.8376113319694303
2024-05-19,-0.8216752440883208,-0.8216752441687595
2024-05-26,-0.8236363323073833,-0.8236363323194366
2024-06-02,-0.8282791918994011,-0.8282791920027708
2024-06-09,-0.8559212452949202,-0.8559212452050049
2024-06-16,-0.8635576407642767,-0.8635576406281709
2024-06-23,-0.8409112313273359,-0.8409112314463828
2024-06-30,-0.8447521140979033,-0.8447521137335632
2024-07-07,-0.7675292903287646,-0.7675292906364195
2024-07-14,-0.758758023163124,-0.7587580230396952
2024-07-21,-0.7225245000762092,-0.7225245002345514
2024-07-28,-0.7215212574382218,-0.7215212569242465
2024-08-04,-0.6061612876402959,-0.6061612883736137
2024-08-11,-0.6539605623876111,-0.6539605622648689
2024-08-18,-0.6744503589142183,-0.6744503586959921
2024-08-25,-0.6463860111417234,-0.6463860117052076
2024-09-01,-0.7436938491469692,-0.743693848874303
2024-09-08,-0.7803349235053624,-0.7803349231954513
2024-09-15,-0.7480224637824178,-0.7480224638116714
2024-09-22,-0.7222187756886158,-0.7222187758519698
2024-09-29,-0.7327604602806943,-0.7327604602104831
2024-10-06,-0.7276805446479857,-0.7276805447269918
2024-10-13,-0.7401790758103454,-0.7401790755793676
2024-10-20,-0.7012863052048908,-0.7012863053956221
2024-10-27,-0.7048302308926285,-0.704830230879389
2024-11-03,-0.7054284250898463,-0.70542842472985
2024-11-10,-0.6259293948994201,-0.6259293951676077
2024-11-17,-0.6061006600901868,-0.6061006600980725
2024-11-24,-0.5880264573175417,-0.5880264574014498
2024-12-01,-0.5886213531080319,-0.5886213531020262
2024-12-08,-0.5878800157798705,-0.5878800158319565
2024-12-15,-0.5987275397109879,-0.5987275395449324
2024-12-22,-0.5726286164002558,-0.57262861651013
2024-12-29,-0.5709761036850828,-0.5709761039386246
2025-01-05,-0.6257352872653071,-0.6257352870258773
2025-01-12,-0.6272226320409774,-0.6272226321353157
2025-01-19,-0.6496997379497943,-0.6496997378518954
2025-01-26,-0.6503948550044311,-0.6503948554806525
2025-02-02,-0.7570466428960149,-0.7570466423987621
2025-02-09,-0.7530623817839504,-0.7530623818013565
2025-02-16,-0.7529509092937541,-0.7529509094103609
2025-02-23,-0.7787838253629293,-0.7787838256562847
2025-03-02,-0.8698867101054817,-0.8698867090845527
2025-03-09,-0.733838412483721,-0.7338384131707236
2025-03-16,-0.7506444909174774,-0.7506444909040451
2025-03-23,-0.7644619385767862,-0.7644619384662653
2025-03-30,-0.7536890752695061,-0.7536890752957205
2025-04-06,-0.7487487573000833,-0.7487487572504976
2025-04-13,-0.7327758992429143,-0.7327758994659141
2025-04-20,-0.7664193087771708,-0.7664193084796105
2025-04-27,-0.7338571457419719,-0.7338571458875636
2025-05-04,-0.7336883405822675,-0.733688340883471
2025-05-11,-0.8005356793032018,-0.8005356792522054
2025-05-18,-0.8560365825652843,-0.8560365824870153
2025-05-25,-0.8941230816368863,-0.8941230814374621
2025-06-01,-0.8878387879063036,-0.8878387879612007
2025-06-08,-0.8937688221761163,-0.8937688221845719
2025-06-15,-0.9015801724072732,-0.9015801725803777
2025-06-22,-0.9479063556390618,-0.947906355307958
2025-06-29,-0.9205637276669965,-0.9205637278552677
2025-07-06,-0.935110449082326,-0.9351104489029355
2025-07-13,-0.9097437600487251,-0.9097437602569663
2025-07-20,-0.9307096042225393,-0.930709604128626
2025-07-27,-0.9307802545711317,-0.9307802546033277
2025-08-03,-0.938014335442807,-0.9380143353836355
2025-08-10,-0.9320830953750943,-0.93208309539061
2025-08-17,-0.9296040254703907,-0.9296040254300356
2025-08-24,-0.9181461640025026,-0.9181461639907411
2025-08-31,-0.9040714282594168,-0.9040714292679284
2025-09-07,-1.1143850689440045,-1.1143850679793317
2025-09-14,-1.1100642340212128,-1.1100642340644125
2025-09-21,-1.1153551121187077,-1.115355112154549
2025-09-28,-1.1286205039194628,-1.1286205037715589
2025-10-05,-1.1089780750923406,-1.1089780750040639
2025-10-12,-1.0696945491088476,-1.069694549108477
2025-10-19,-1.0303285785019305,-1.030328578909763
2025-10-26,-1.0817031207286958,-1.0817031204207213
2025-11-02,-1.064555006867261,-1.0645550071769805
2025-11-09,-1.1163178190132135,-1.1163178183725833
2025-11-16,-1.0255438900822351,-1.0255438903366862
2025-11-23,-0.991383939684433,-0.9913839397726938
2025-11-30,-0.9768615429354761,-0.9768615430018727
2025-12-07,-0.9771120246785878,-0.9771120246701388
2025-12-14,-0.9754826377470671,-0.9754826378002446
2025-12-21,-0.9856849365913128,-0.9856849367588605
2025-12-28,-1.0331656744385955,-1.0331656741503608
2026-01-04,-1.0165157489453125,-1.0165157493592418
2026-01-11,-1.0919628567252224,-1.0919628562941461
2026-01-18,-1.0714978067907057,-1.0714978066922534
2026-01-25,-1.029127623261834,-1.0291276231229158
2026-02-01,-0.9558489009237986,-0.9558489012163406
2026-02-08,-0.9476591987323489,-0.9476591987692811
2026-02-15,-0.9476866904905811,-0.9476866904968617
2026-02-22,-0.9491115856124167,-0.9491115856275305
2026-03-01,-0.953899221456271,-0.9538992214818744
2026-03-08,-0.9643834761347909,-0.9643834757962645
2026-03-15,-0.8995474312207824,-0.8995474314581122
2026-03-22,-0.887515995106601,-0.8875159951592584
2026-03-29,-0.8872005553533121,-0.887200555637201
2026-04-05,-0.9500488612943125,-0.9500488610228925
2026-04-12,-0.9525076893857938,-0.9525076893097632
2026-04-19,-0.9380501070670476,-0.938050107095821
2026-04-26,-0.9299944510469329,-0.9299944510925129
2026-05-03,-0.9320800897162569,-0.9320800896656128
2026-05-10,-0.9228976987161255,-0.922897698970009
2026-05-17,-0.97020299744605,-0.9702029972406685
